INFO:__main__:Using PostgreSQL database: sakshiai_new@localhost:5432
INFO:modules.telegram_notifier:✅ Telegram notifier initialized successfully (chat_id: -506471907...)
INFO:__main__:✅ Telegram notifications ENABLED and ready
INFO:__main__:Database tables created
INFO:__main__:Starting Sakshi.AI Video Analytics Platform
INFO:__main__:Dashboard will be available at http://localhost:5000
 * Serving Flask app 'app'
 * Debug mode: off
INFO:werkzeug:[31m[1mWARNING: This is a development server. Do not use it in a production deployment. Use a production WSGI server instead.[0m
 * Running on all addresses (0.0.0.0)
 * Running on http://127.0.0.1:5000
 * Running on http://192.168.1.27:5000
INFO:werkzeug:[33mPress CTRL+C to quit[0m
INFO:__main__:Loading channels from configuration in background...
INFO:__main__:🚀 Starting DeepStream pipeline for 27 cameras
INFO:modules.ds_pipeline:DeepStreamPipeline (DS 8.0) initialized
INFO:modules.ds_pipeline:Building DeepStream pipeline for 27 streams at 1280x720
Initializing GStreamer Backend...!
Add Element ... mux
Add Element ... src_0
LINKING: Source: src_0 Target: mux
INFO:modules.ds_pipeline:  Source 0: camera_1 -> rtsp://admin:admin@132.154.208.136:555/cam/realmonitor?chann...
Add Element ... src_1
LINKING: Source: src_1 Target: mux
INFO:modules.ds_pipeline:  Source 1: camera_2 -> rtsp://admin:admin@132.154.208.136:571/cam/realmonitor?chann...
Add Element ... src_2
LINKING: Source: src_2 Target: mux
INFO:modules.ds_pipeline:  Source 2: camera_3 -> rtsp://admin:admin@132.154.208.136:557/cam/realmonitor?chann...
Add Element ... src_3
LINKING: Source: src_3 Target: mux
INFO:modules.ds_pipeline:  Source 3: camera_4 -> rtsp://admin:admin@132.154.208.136:558/cam/realmonitor?chann...
Add Element ... src_4
LINKING: Source: src_4 Target: mux
INFO:modules.ds_pipeline:  Source 4: camera_5 -> rtsp://admin:admin@132.154.208.136:559/cam/realmonitor?chann...
Add Element ... src_5
LINKING: Source: src_5 Target: mux
INFO:modules.ds_pipeline:  Source 5: camera_6 -> rtsp://admin:admin@132.154.208.136:561/cam/realmonitor?chann...
Add Element ... src_6
LINKING: Source: src_6 Target: mux
INFO:modules.ds_pipeline:  Source 6: camera_7 -> rtsp://admin:admin@132.154.208.136:562/cam/realmonitor?chann...
Add Element ... src_7
LINKING: Source: src_7 Target: mux
INFO:modules.ds_pipeline:  Source 7: camera_8 -> rtsp://admin:admin@132.154.208.136:563/cam/realmonitor?chann...
Add Element ... src_8
LINKING: Source: src_8 Target: mux
INFO:modules.ds_pipeline:  Source 8: camera_9 -> rtsp://admin:admin@132.154.208.136:564/cam/realmonitor?chann...
Add Element ... src_9
LINKING: Source: src_9 Target: mux
INFO:modules.ds_pipeline:  Source 9: camera_10 -> rtsp://admin:admin@132.154.208.136:565/cam/realmonitor?chann...
Add Element ... src_10
LINKING: Source: src_10 Target: mux
INFO:modules.ds_pipeline:  Source 10: camera_11 -> rtsp://admin:admin@132.154.208.136:570/cam/realmonitor?chann...
Add Element ... src_11
LINKING: Source: src_11 Target: mux
INFO:modules.ds_pipeline:  Source 11: camera_12 -> rtsp://admin:admin@132.154.208.136:567/cam/realmonitor?chann...
Add Element ... src_12
LINKING: Source: src_12 Target: mux
INFO:modules.ds_pipeline:  Source 12: camera_13 -> rtsp://admin:admin@132.154.208.136:568/cam/realmonitor?chann...
Add Element ... src_13
LINKING: Source: src_13 Target: mux
INFO:modules.ds_pipeline:  Source 13: camera_14 -> rtsp://admin:admin@132.154.208.136:569/cam/realmonitor?chann...
Add Element ... src_14
LINKING: Source: src_14 Target: mux
INFO:modules.ds_pipeline:  Source 14: camera_15 -> rtsp://admin:admin@132.154.208.136:572/cam/realmonitor?chann...
Add Element ... src_15
LINKING: Source: src_15 Target: mux
INFO:modules.ds_pipeline:  Source 15: camera_16 -> rtsp://admin:NIVPL%2A%405566@115.247.155.102:81/cam/realmoni...
Add Element ... src_16
LINKING: Source: src_16 Target: mux
INFO:modules.ds_pipeline:  Source 16: camera_17 -> rtsp://admin:NIVPL%2A%405566@115.247.155.102:81/cam/realmoni...
Add Element ... src_17
LINKING: Source: src_17 Target: mux
INFO:modules.ds_pipeline:  Source 17: camera_18 -> rtsp://admin:NIVPL%2A%405566@115.247.155.102:81/cam/realmoni...
Add Element ... src_18
LINKING: Source: src_18 Target: mux
INFO:modules.ds_pipeline:  Source 18: camera_19 -> rtsp://admin:NIVPL%2A%405566@115.247.155.102:81/cam/realmoni...
Add Element ... src_19
LINKING: Source: src_19 Target: mux
INFO:modules.ds_pipeline:  Source 19: camera_20 -> rtsp://admin:NIVPL%2A%405566@115.247.155.102:81/cam/realmoni...
Add Element ... src_20
LINKING: Source: src_20 Target: mux
INFO:modules.ds_pipeline:  Source 20: camera_21 -> rtsp://admin:NIVPL%2A%405566@115.247.155.102:81/cam/realmoni...
Add Element ... src_21
LINKING: Source: src_21 Target: mux
INFO:modules.ds_pipeline:  Source 21: camera_22 -> rtsp://admin:NIVPL%2A%405566@115.247.155.102:81/cam/realmoni...
Add Element ... src_22
LINKING: Source: src_22 Target: mux
INFO:modules.ds_pipeline:  Source 22: camera_23 -> rtsp://admin:NIVPL%2A%405566@115.247.155.102:81/cam/realmoni...
Add Element ... src_23
LINKING: Source: src_23 Target: mux
INFO:modules.ds_pipeline:  Source 23: camera_24 -> rtsp://admin:NIVPL%2A%405566@115.247.155.102:82/cam/realmoni...
Add Element ... src_24
LINKING: Source: src_24 Target: mux
INFO:modules.ds_pipeline:  Source 24: camera_25 -> rtsp://admin:NIVPL%2A%405566@115.247.155.102:82/cam/realmoni...
Add Element ... src_25
LINKING: Source: src_25 Target: mux
INFO:modules.ds_pipeline:  Source 25: camera_26 -> rtsp://admin:NIVPL%2A%405566@115.247.155.102:82/cam/realmoni...
Add Element ... src_26
LINKING: Source: src_26 Target: mux
INFO:modules.ds_pipeline:  Source 26: camera_27 -> rtsp://admin:NIVPL%2A%405566@115.247.155.102:82/cam/realmoni...
INFO:modules.ds_pipeline:Decode-only pipeline: modules handle inference in Python
Add Element ... converter
Add Element ... capsfilter
Add Element ... queue_out
Add Element ... sink
LINKING: Source: mux Target: converter
LINKING: Source: converter Target: capsfilter
LINKING: Source: capsfilter Target: queue_out
LINKING: Source: queue_out Target: sink
INFO:modules.ds_pipeline:Pipeline built: 27 streams, nvinfer=OFF
INFO:modules.ds_pipeline:Starting DeepStream pipeline...
INFO:modules.ds_pipeline:DeepStream pipeline is PLAYING
Protocol set: 0x7
Protocol set: 0x7
Protocol set: 0x7
Protocol set: 0x7
Protocol set: 0x7
Protocol set: 0x7
Protocol set: 0x7
Protocol set: 0x7
Protocol set: 0x7
Protocol set: 0x7
Protocol set: 0x7
Protocol set: 0x7
Protocol set: 0x7
Protocol set: 0x7
Protocol set: 0x7
Protocol set: 0x7
Protocol set: 0x7
Protocol set: 0x7
Protocol set: 0x7
Protocol set: 0x7
Protocol set: 0x7
Protocol set: 0x7
Protocol set: 0x7
Protocol set: 0x7
Protocol set: 0x7
Protocol set: 0x7
Protocol set: 0x7
Event Thread Enabled...
Main Loop Running...
ERROR from src: Could not open resource for reading and writing.
Debug info: ../gst/rtsp/gstrtspsrc.c(8442): gst_rtspsrc_retrieve_sdp (): /GstPipeline:sakshiai-pipeline/GstDsNvUriSrcBin:src_10/GstRTSPSrc:src:
Failed to connect. (Generic error)
INFO:modules.ds_pipeline:DeepStream pipeline confirmed running
INFO:__main__:✅ DeepStream pipeline started successfully
INFO:__main__:✅ DeepStream pipeline is running — loading modules on top
INFO:modules.yolo_detector:Initializing YOLODetector with model: models/yolo11n.pt
INFO:modules.yolo_detector:YOLO model loaded with CUDA optimizations on cuda
INFO:modules.model_manager:Using GPU device. Free memory: 15.5GB
INFO:modules.model_manager:Loading model: models/best.pt on cuda
INFO:modules.model_manager:Model successfully loaded on cuda: models/best.pt
INFO:modules.model_manager:Model loaded successfully: models/best.pt_cuda (10.2MB)
INFO:modules.queue_monitor:[camera_1] ✅ Uniform detector initialized for counter area fallback
INFO:modules.gif_recorder:GIF Recorder initialized: buffer=90 frames, duration=3.0s
INFO:modules.queue_monitor:QueueMonitor initialized for channel camera_1
INFO:modules.queue_monitor:  Model: models/yolo11n.pt, person_class_id=0, conf=0.5
*** Inside cb_newpad name=video/x-raw
INFO:modules.queue_monitor:[camera_1] Loaded configuration from DB
INFO:modules.yolo_detector:Initializing YOLODetector with model: models/yolo11n.pt
INFO:modules.yolo_detector:YOLO model loaded with CUDA optimizations on cuda
INFO:modules.dress_code_monitoring:Dual YOLO models initialized: best.pt for counter (uniforms), YOLOv11 for queue (persons)
INFO:modules.dress_code_monitoring:📋 Uniform model (best.pt) has 18 classes: ['Apron', 'Cashdraw-open', 'Fire', 'Gloves', 'Hairnet', 'No_apron', 'No_gloves', 'No_hairnet', 'Shoe', 'Smoke', 'Smoking', 'Table_clean', 'Table_unclean', 'Uniform_black', 'Uniform_cream', 'Uniform_grey', 'Weighing_machine', 'Weighing_machine_item']
INFO:modules.dress_code_monitoring:✅ Uniform_grey confirmed in model (class 15)
INFO:modules.dress_code_monitoring:📋 Final uniform_classes: {'Uniform_grey', 'Uniform_black', 'Uniform_cream'}
INFO:modules.gif_recorder:GIF Recorder initialized: buffer=90 frames, duration=3.0s
INFO:modules.dress_code_monitoring:Configuration loaded for channel camera_1
INFO:modules.dress_code_monitoring:Dress Code Monitoring initialized for channel camera_1
INFO:modules.cash_detection:Loading shared YOLO model for cash detection: models/best.pt
INFO:modules.cash_detection:Shared cash detection model loaded successfully
INFO:modules.gif_recorder:GIF Recorder initialized: buffer=90 frames, duration=3.0s
INFO:modules.cash_detection:CashDetection initialized for channel camera_1
INFO:modules.smoking_detection:Loading shared YOLO model for smoke and fire detection: models/best.pt
INFO:modules.smoking_detection:Shared smoke and fire detection model loaded successfully
INFO:modules.smoking_detection:Smoke and Fire Detection initialized for channel camera_1
INFO:modules.fall_detection:Loading shared YOLO model for fall detection: models/yolo11n.pt
INFO:modules.model_manager:Loading model: models/yolo11n.pt on cuda
INFO:modules.model_manager:Model successfully loaded on cuda: models/yolo11n.pt
INFO:modules.model_manager:Model loaded successfully: models/yolo11n.pt_cuda (10.2MB)
INFO:modules.fall_detection:Shared fall detection model loaded successfully
INFO:modules.fall_detection:FallDetection initialized for channel camera_1
INFO:modules.yolo_detector:Initializing YOLODetector with model: models/yolo11n.pt
INFO:modules.yolo_detector:YOLO model loaded with CUDA optimizations on cuda
INFO:modules.queue_monitor:[camera_2] ✅ Uniform detector initialized for counter area fallback
INFO:modules.gif_recorder:GIF Recorder initialized: buffer=90 frames, duration=3.0s
INFO:modules.queue_monitor:QueueMonitor initialized for channel camera_2
INFO:modules.queue_monitor:  Model: models/yolo11n.pt, person_class_id=0, conf=0.5
INFO:modules.queue_monitor:[camera_2] Loaded configuration from DB
INFO:modules.yolo_detector:Initializing YOLODetector with model: models/yolo11n.pt
INFO:modules.yolo_detector:YOLO model loaded with CUDA optimizations on cuda
INFO:modules.dress_code_monitoring:Dual YOLO models initialized: best.pt for counter (uniforms), YOLOv11 for queue (persons)
INFO:modules.dress_code_monitoring:📋 Uniform model (best.pt) has 18 classes: ['Apron', 'Cashdraw-open', 'Fire', 'Gloves', 'Hairnet', 'No_apron', 'No_gloves', 'No_hairnet', 'Shoe', 'Smoke', 'Smoking', 'Table_clean', 'Table_unclean', 'Uniform_black', 'Uniform_cream', 'Uniform_grey', 'Weighing_machine', 'Weighing_machine_item']
INFO:modules.dress_code_monitoring:✅ Uniform_grey confirmed in model (class 15)
INFO:modules.dress_code_monitoring:📋 Final uniform_classes: {'Uniform_grey', 'Uniform_black', 'Uniform_cream'}
INFO:modules.gif_recorder:GIF Recorder initialized: buffer=90 frames, duration=3.0s
INFO:modules.dress_code_monitoring:Configuration loaded for channel camera_2
INFO:modules.dress_code_monitoring:Dress Code Monitoring initialized for channel camera_2
INFO:modules.cash_detection:Loading shared YOLO model for cash detection: models/best.pt
INFO:modules.cash_detection:Shared cash detection model loaded successfully
INFO:modules.gif_recorder:GIF Recorder initialized: buffer=90 frames, duration=3.0s
INFO:modules.cash_detection:CashDetection initialized for channel camera_2
INFO:modules.smoking_detection:Loading shared YOLO model for smoke and fire detection: models/best.pt
INFO:modules.smoking_detection:Shared smoke and fire detection model loaded successfully
INFO:modules.smoking_detection:Smoke and Fire Detection initialized for channel camera_2
INFO:modules.fall_detection:Loading shared YOLO model for fall detection: models/yolo11n.pt
INFO:modules.fall_detection:Shared fall detection model loaded successfully
INFO:modules.fall_detection:FallDetection initialized for channel camera_2
INFO:modules.yolo_detector:Initializing YOLODetector with model: models/yolo11n.pt
INFO:modules.yolo_detector:YOLO model loaded with CUDA optimizations on cuda
INFO:modules.dress_code_monitoring:Dual YOLO models initialized: best.pt for counter (uniforms), YOLOv11 for queue (persons)
INFO:modules.dress_code_monitoring:📋 Uniform model (best.pt) has 18 classes: ['Apron', 'Cashdraw-open', 'Fire', 'Gloves', 'Hairnet', 'No_apron', 'No_gloves', 'No_hairnet', 'Shoe', 'Smoke', 'Smoking', 'Table_clean', 'Table_unclean', 'Uniform_black', 'Uniform_cream', 'Uniform_grey', 'Weighing_machine', 'Weighing_machine_item']
INFO:modules.dress_code_monitoring:✅ Uniform_grey confirmed in model (class 15)
INFO:modules.dress_code_monitoring:📋 Final uniform_classes: {'Uniform_grey', 'Uniform_black', 'Uniform_cream'}
INFO:modules.gif_recorder:GIF Recorder initialized: buffer=90 frames, duration=3.0s
INFO:modules.dress_code_monitoring:Configuration loaded for channel camera_3
INFO:modules.dress_code_monitoring:Dress Code Monitoring initialized for channel camera_3
INFO:modules.smoking_detection:Loading shared YOLO model for smoke and fire detection: models/best.pt
INFO:modules.smoking_detection:Shared smoke and fire detection model loaded successfully
INFO:modules.smoking_detection:Smoke and Fire Detection initialized for channel camera_3
INFO:modules.yolo_detector:Initializing YOLODetector with model: models/yolo11n.pt
INFO:modules.yolo_detector:YOLO model loaded with CUDA optimizations on cuda
INFO:modules.gif_recorder:GIF Recorder initialized: buffer=90 frames, duration=3.0s
INFO:modules.table_service_monitor:[camera_3] Loaded table service configuration: 0 tables
INFO:modules.table_service_monitor:[camera_3] Loaded table service configuration: 0 tables
INFO:modules.yolo_detector:Initializing YOLODetector with model: models/yolo11n.pt
INFO:modules.yolo_detector:YOLO model loaded with CUDA optimizations on cuda
INFO:modules.service_discipline_monitor:[camera_3] Loaded dual models: models/yolo11n.pt (persons) + models/best.pt (uniforms)
INFO:modules.service_discipline_monitor:[camera_3] Initializing DeepSORT tracker
INFO:deep_sort_realtime.embedder.embedder_pytorch:MobileNetV2 Embedder for Deep Sort initialised
INFO:deep_sort_realtime.embedder.embedder_pytorch:- gpu enabled: True
INFO:deep_sort_realtime.embedder.embedder_pytorch:- half precision: True
INFO:deep_sort_realtime.embedder.embedder_pytorch:- max batch size: 16
INFO:deep_sort_realtime.embedder.embedder_pytorch:- expects BGR: True
INFO:deep_sort_realtime.deepsort_tracker:DeepSort Tracker initialised
INFO:deep_sort_realtime.deepsort_tracker:- max age: 30
INFO:deep_sort_realtime.deepsort_tracker:- appearance threshold: 0.3
INFO:deep_sort_realtime.deepsort_tracker:- nms threshold: OFF
INFO:deep_sort_realtime.deepsort_tracker:- max num of appearance features: 50
INFO:deep_sort_realtime.deepsort_tracker:- overriding track class : No
INFO:deep_sort_realtime.deepsort_tracker:- today given : No
INFO:deep_sort_realtime.deepsort_tracker:- in-build embedder : Yes
INFO:deep_sort_realtime.deepsort_tracker:- polygon detections : No
INFO:modules.gif_recorder:GIF Recorder initialized: buffer=90 frames, duration=3.0s
INFO:modules.service_discipline_monitor:[camera_3] 📂 Loading table ROIs from /home/ubuntu/Niyaaz_biryani/niyaaz/config/channels.json
INFO:modules.service_discipline_monitor:[camera_3] 📖 Read channels.json, found 27 channels
INFO:modules.service_discipline_monitor:[camera_3] ✓ Found channel in config, checking modules...
INFO:modules.service_discipline_monitor:[camera_3] ✓ Found ServiceDisciplineMonitor module
INFO:modules.service_discipline_monitor:[camera_3] 📊 Table ROIs in config: 1 tables
INFO:modules.service_discipline_monitor:[camera_3]   Processing table 'table_1'...
INFO:modules.service_discipline_monitor:[camera_3]     Found 4 points in config
INFO:modules.service_discipline_monitor:[camera_3]     ✓ Loaded table 'table_1' with 4 points, bbox: (0.525, 0.222, 0.995, 0.531)
INFO:modules.service_discipline_monitor:[camera_3] ✅ Successfully loaded 1 table ROIs from channels.json
INFO:modules.service_discipline_monitor:[camera_3]   Table IDs: ['table_1']
INFO:modules.service_discipline_monitor:[camera_3] Loaded settings from channels.json
INFO:modules.service_discipline_monitor:[camera_3] Service discipline config loaded: 1 tables configured
INFO:modules.service_discipline_monitor:[camera_3] 📂 Loading table ROIs from /home/ubuntu/Niyaaz_biryani/niyaaz/config/channels.json
INFO:modules.service_discipline_monitor:[camera_3] 📖 Read channels.json, found 27 channels
INFO:modules.service_discipline_monitor:[camera_3] ✓ Found channel in config, checking modules...
INFO:modules.service_discipline_monitor:[camera_3] ✓ Found ServiceDisciplineMonitor module
INFO:modules.service_discipline_monitor:[camera_3] 📊 Table ROIs in config: 1 tables
INFO:modules.service_discipline_monitor:[camera_3]   Processing table 'table_1'...
INFO:modules.service_discipline_monitor:[camera_3]     Found 4 points in config
INFO:modules.service_discipline_monitor:[camera_3]     ✓ Loaded table 'table_1' with 4 points, bbox: (0.525, 0.222, 0.995, 0.531)
INFO:modules.service_discipline_monitor:[camera_3] ✅ Successfully loaded 1 table ROIs from channels.json
INFO:modules.service_discipline_monitor:[camera_3]   Table IDs: ['table_1']
INFO:modules.service_discipline_monitor:[camera_3] Loaded settings from channels.json
INFO:modules.service_discipline_monitor:[camera_3] Service discipline config loaded: 1 tables configured
INFO:modules.fall_detection:Loading shared YOLO model for fall detection: models/yolo11n.pt
INFO:modules.fall_detection:Shared fall detection model loaded successfully
INFO:modules.fall_detection:FallDetection initialized for channel camera_3
INFO:modules.yolo_detector:Initializing YOLODetector with model: models/yolo11n.pt
INFO:modules.yolo_detector:YOLO model loaded with CUDA optimizations on cuda
INFO:modules.dress_code_monitoring:Dual YOLO models initialized: best.pt for counter (uniforms), YOLOv11 for queue (persons)
INFO:modules.dress_code_monitoring:📋 Uniform model (best.pt) has 18 classes: ['Apron', 'Cashdraw-open', 'Fire', 'Gloves', 'Hairnet', 'No_apron', 'No_gloves', 'No_hairnet', 'Shoe', 'Smoke', 'Smoking', 'Table_clean', 'Table_unclean', 'Uniform_black', 'Uniform_cream', 'Uniform_grey', 'Weighing_machine', 'Weighing_machine_item']
INFO:modules.dress_code_monitoring:✅ Uniform_grey confirmed in model (class 15)
INFO:modules.dress_code_monitoring:📋 Final uniform_classes: {'Uniform_grey', 'Uniform_black', 'Uniform_cream'}
INFO:modules.gif_recorder:GIF Recorder initialized: buffer=90 frames, duration=3.0s
INFO:modules.dress_code_monitoring:Configuration loaded for channel camera_4
INFO:modules.dress_code_monitoring:Dress Code Monitoring initialized for channel camera_4
INFO:modules.smoking_detection:Loading shared YOLO model for smoke and fire detection: models/best.pt
INFO:modules.smoking_detection:Shared smoke and fire detection model loaded successfully
INFO:modules.smoking_detection:Smoke and Fire Detection initialized for channel camera_4
INFO:modules.yolo_detector:Initializing YOLODetector with model: models/yolo11n.pt
INFO:modules.yolo_detector:YOLO model loaded with CUDA optimizations on cuda
INFO:modules.gif_recorder:GIF Recorder initialized: buffer=90 frames, duration=3.0s
INFO:modules.table_service_monitor:[camera_4] Loaded table service configuration: 0 tables
INFO:modules.table_service_monitor:[camera_4] Loaded table service configuration: 0 tables
INFO:modules.yolo_detector:Initializing YOLODetector with model: models/yolo11n.pt
INFO:modules.yolo_detector:YOLO model loaded with CUDA optimizations on cuda
INFO:modules.service_discipline_monitor:[camera_4] Loaded dual models: models/yolo11n.pt (persons) + models/best.pt (uniforms)
INFO:modules.service_discipline_monitor:[camera_4] Initializing DeepSORT tracker
INFO:deep_sort_realtime.embedder.embedder_pytorch:MobileNetV2 Embedder for Deep Sort initialised
INFO:deep_sort_realtime.embedder.embedder_pytorch:- gpu enabled: True
INFO:deep_sort_realtime.embedder.embedder_pytorch:- half precision: True
INFO:deep_sort_realtime.embedder.embedder_pytorch:- max batch size: 16
INFO:deep_sort_realtime.embedder.embedder_pytorch:- expects BGR: True
INFO:deep_sort_realtime.deepsort_tracker:DeepSort Tracker initialised
INFO:deep_sort_realtime.deepsort_tracker:- max age: 30
INFO:deep_sort_realtime.deepsort_tracker:- appearance threshold: 0.3
INFO:deep_sort_realtime.deepsort_tracker:- nms threshold: OFF
INFO:deep_sort_realtime.deepsort_tracker:- max num of appearance features: 50
INFO:deep_sort_realtime.deepsort_tracker:- overriding track class : No
INFO:deep_sort_realtime.deepsort_tracker:- today given : No
INFO:deep_sort_realtime.deepsort_tracker:- in-build embedder : Yes
INFO:deep_sort_realtime.deepsort_tracker:- polygon detections : No
INFO:modules.gif_recorder:GIF Recorder initialized: buffer=90 frames, duration=3.0s
INFO:modules.service_discipline_monitor:[camera_4] 📂 Loading table ROIs from /home/ubuntu/Niyaaz_biryani/niyaaz/config/channels.json
INFO:modules.service_discipline_monitor:[camera_4] 📖 Read channels.json, found 27 channels
INFO:modules.service_discipline_monitor:[camera_4] ✓ Found channel in config, checking modules...
INFO:modules.service_discipline_monitor:[camera_4] ✓ Found ServiceDisciplineMonitor module
INFO:modules.service_discipline_monitor:[camera_4] 📊 Table ROIs in config: 2 tables
INFO:modules.service_discipline_monitor:[camera_4]   Processing table 'table_2'...
INFO:modules.service_discipline_monitor:[camera_4]     Found 6 points in config
INFO:modules.service_discipline_monitor:[camera_4]     ✓ Loaded table 'table_2' with 6 points, bbox: (0.536, 0.183, 0.754, 0.346)
INFO:modules.service_discipline_monitor:[camera_4]   Processing table 'table_3'...
INFO:modules.service_discipline_monitor:[camera_4]     Found 6 points in config
INFO:modules.service_discipline_monitor:[camera_4]     ✓ Loaded table 'table_3' with 6 points, bbox: (0.743, 0.223, 0.956, 0.411)
INFO:modules.service_discipline_monitor:[camera_4] ✅ Successfully loaded 2 table ROIs from channels.json
INFO:modules.service_discipline_monitor:[camera_4]   Table IDs: ['table_2', 'table_3']
INFO:modules.service_discipline_monitor:[camera_4] Loaded settings from channels.json
INFO:modules.service_discipline_monitor:[camera_4] Service discipline config loaded: 2 tables configured
INFO:modules.service_discipline_monitor:[camera_4] 📂 Loading table ROIs from /home/ubuntu/Niyaaz_biryani/niyaaz/config/channels.json
INFO:modules.service_discipline_monitor:[camera_4] 📖 Read channels.json, found 27 channels
INFO:modules.service_discipline_monitor:[camera_4] ✓ Found channel in config, checking modules...
INFO:modules.service_discipline_monitor:[camera_4] ✓ Found ServiceDisciplineMonitor module
INFO:modules.service_discipline_monitor:[camera_4] 📊 Table ROIs in config: 2 tables
INFO:modules.service_discipline_monitor:[camera_4]   Processing table 'table_2'...
INFO:modules.service_discipline_monitor:[camera_4]     Found 6 points in config
INFO:modules.service_discipline_monitor:[camera_4]     ✓ Loaded table 'table_2' with 6 points, bbox: (0.536, 0.183, 0.754, 0.346)
INFO:modules.service_discipline_monitor:[camera_4]   Processing table 'table_3'...
INFO:modules.service_discipline_monitor:[camera_4]     Found 6 points in config
INFO:modules.service_discipline_monitor:[camera_4]     ✓ Loaded table 'table_3' with 6 points, bbox: (0.743, 0.223, 0.956, 0.411)
INFO:modules.service_discipline_monitor:[camera_4] ✅ Successfully loaded 2 table ROIs from channels.json
INFO:modules.service_discipline_monitor:[camera_4]   Table IDs: ['table_2', 'table_3']
INFO:modules.service_discipline_monitor:[camera_4] Loaded settings from channels.json
INFO:modules.service_discipline_monitor:[camera_4] Service discipline config loaded: 2 tables configured
INFO:modules.fall_detection:Loading shared YOLO model for fall detection: models/yolo11n.pt
INFO:modules.fall_detection:Shared fall detection model loaded successfully
INFO:modules.fall_detection:FallDetection initialized for channel camera_4
INFO:modules.yolo_detector:Initializing YOLODetector with model: models/yolo11n.pt
INFO:modules.yolo_detector:YOLO model loaded with CUDA optimizations on cuda
INFO:modules.dress_code_monitoring:Dual YOLO models initialized: best.pt for counter (uniforms), YOLOv11 for queue (persons)
INFO:modules.dress_code_monitoring:📋 Uniform model (best.pt) has 18 classes: ['Apron', 'Cashdraw-open', 'Fire', 'Gloves', 'Hairnet', 'No_apron', 'No_gloves', 'No_hairnet', 'Shoe', 'Smoke', 'Smoking', 'Table_clean', 'Table_unclean', 'Uniform_black', 'Uniform_cream', 'Uniform_grey', 'Weighing_machine', 'Weighing_machine_item']
INFO:modules.dress_code_monitoring:✅ Uniform_grey confirmed in model (class 15)
INFO:modules.dress_code_monitoring:📋 Final uniform_classes: {'Uniform_grey', 'Uniform_black', 'Uniform_cream'}
INFO:modules.gif_recorder:GIF Recorder initialized: buffer=90 frames, duration=3.0s
INFO:modules.dress_code_monitoring:Configuration loaded for channel camera_5
INFO:modules.dress_code_monitoring:Dress Code Monitoring initialized for channel camera_5
INFO:modules.smoking_detection:Loading shared YOLO model for smoke and fire detection: models/best.pt
INFO:modules.smoking_detection:Shared smoke and fire detection model loaded successfully
INFO:modules.smoking_detection:Smoke and Fire Detection initialized for channel camera_5
INFO:modules.yolo_detector:Initializing YOLODetector with model: models/yolo11n.pt
INFO:modules.yolo_detector:YOLO model loaded with CUDA optimizations on cuda
INFO:modules.gif_recorder:GIF Recorder initialized: buffer=90 frames, duration=3.0s
INFO:modules.table_service_monitor:[camera_5] Loaded table service configuration: 0 tables
INFO:modules.table_service_monitor:[camera_5] Loaded table service configuration: 0 tables
INFO:modules.yolo_detector:Initializing YOLODetector with model: models/yolo11n.pt
INFO:modules.yolo_detector:YOLO model loaded with CUDA optimizations on cuda
INFO:modules.service_discipline_monitor:[camera_5] Loaded dual models: models/yolo11n.pt (persons) + models/best.pt (uniforms)
INFO:modules.service_discipline_monitor:[camera_5] Initializing DeepSORT tracker
INFO:deep_sort_realtime.embedder.embedder_pytorch:MobileNetV2 Embedder for Deep Sort initialised
INFO:deep_sort_realtime.embedder.embedder_pytorch:- gpu enabled: True
INFO:deep_sort_realtime.embedder.embedder_pytorch:- half precision: True
INFO:deep_sort_realtime.embedder.embedder_pytorch:- max batch size: 16
INFO:deep_sort_realtime.embedder.embedder_pytorch:- expects BGR: True
INFO:deep_sort_realtime.deepsort_tracker:DeepSort Tracker initialised
INFO:deep_sort_realtime.deepsort_tracker:- max age: 30
INFO:deep_sort_realtime.deepsort_tracker:- appearance threshold: 0.3
INFO:deep_sort_realtime.deepsort_tracker:- nms threshold: OFF
INFO:deep_sort_realtime.deepsort_tracker:- max num of appearance features: 50
INFO:deep_sort_realtime.deepsort_tracker:- overriding track class : No
INFO:deep_sort_realtime.deepsort_tracker:- today given : No
INFO:deep_sort_realtime.deepsort_tracker:- in-build embedder : Yes
INFO:deep_sort_realtime.deepsort_tracker:- polygon detections : No
INFO:modules.gif_recorder:GIF Recorder initialized: buffer=90 frames, duration=3.0s
INFO:modules.service_discipline_monitor:[camera_5] 📂 Loading table ROIs from /home/ubuntu/Niyaaz_biryani/niyaaz/config/channels.json
INFO:modules.service_discipline_monitor:[camera_5] 📖 Read channels.json, found 27 channels
INFO:modules.service_discipline_monitor:[camera_5] ✓ Found channel in config, checking modules...
INFO:modules.service_discipline_monitor:[camera_5] ✓ Found ServiceDisciplineMonitor module
INFO:modules.service_discipline_monitor:[camera_5] 📊 Table ROIs in config: 1 tables
INFO:modules.service_discipline_monitor:[camera_5]   Processing table 'table_4'...
INFO:modules.service_discipline_monitor:[camera_5]     Found 6 points in config
INFO:modules.service_discipline_monitor:[camera_5]     ✓ Loaded table 'table_4' with 6 points, bbox: (0.445, 0.219, 0.994, 0.668)
INFO:modules.service_discipline_monitor:[camera_5] ✅ Successfully loaded 1 table ROIs from channels.json
INFO:modules.service_discipline_monitor:[camera_5]   Table IDs: ['table_4']
INFO:modules.service_discipline_monitor:[camera_5] Loaded settings from channels.json
INFO:modules.service_discipline_monitor:[camera_5] Service discipline config loaded: 1 tables configured
INFO:modules.service_discipline_monitor:[camera_5] 📂 Loading table ROIs from /home/ubuntu/Niyaaz_biryani/niyaaz/config/channels.json
INFO:modules.service_discipline_monitor:[camera_5] 📖 Read channels.json, found 27 channels
INFO:modules.service_discipline_monitor:[camera_5] ✓ Found channel in config, checking modules...
INFO:modules.service_discipline_monitor:[camera_5] ✓ Found ServiceDisciplineMonitor module
INFO:modules.service_discipline_monitor:[camera_5] 📊 Table ROIs in config: 1 tables
INFO:modules.service_discipline_monitor:[camera_5]   Processing table 'table_4'...
INFO:modules.service_discipline_monitor:[camera_5]     Found 6 points in config
INFO:modules.service_discipline_monitor:[camera_5]     ✓ Loaded table 'table_4' with 6 points, bbox: (0.445, 0.219, 0.994, 0.668)
INFO:modules.service_discipline_monitor:[camera_5] ✅ Successfully loaded 1 table ROIs from channels.json
INFO:modules.service_discipline_monitor:[camera_5]   Table IDs: ['table_4']
INFO:modules.service_discipline_monitor:[camera_5] Loaded settings from channels.json
INFO:modules.service_discipline_monitor:[camera_5] Service discipline config loaded: 1 tables configured
INFO:modules.fall_detection:Loading shared YOLO model for fall detection: models/yolo11n.pt
INFO:modules.fall_detection:Shared fall detection model loaded successfully
INFO:modules.fall_detection:FallDetection initialized for channel camera_5
INFO:modules.yolo_detector:Initializing YOLODetector with model: models/yolo11n.pt
INFO:modules.yolo_detector:YOLO model loaded with CUDA optimizations on cuda
INFO:modules.dress_code_monitoring:Dual YOLO models initialized: best.pt for counter (uniforms), YOLOv11 for queue (persons)
INFO:modules.dress_code_monitoring:📋 Uniform model (best.pt) has 18 classes: ['Apron', 'Cashdraw-open', 'Fire', 'Gloves', 'Hairnet', 'No_apron', 'No_gloves', 'No_hairnet', 'Shoe', 'Smoke', 'Smoking', 'Table_clean', 'Table_unclean', 'Uniform_black', 'Uniform_cream', 'Uniform_grey', 'Weighing_machine', 'Weighing_machine_item']
INFO:modules.dress_code_monitoring:✅ Uniform_grey confirmed in model (class 15)
INFO:modules.dress_code_monitoring:📋 Final uniform_classes: {'Uniform_grey', 'Uniform_black', 'Uniform_cream'}
INFO:modules.gif_recorder:GIF Recorder initialized: buffer=90 frames, duration=3.0s
INFO:modules.dress_code_monitoring:Configuration loaded for channel camera_6
INFO:modules.dress_code_monitoring:Dress Code Monitoring initialized for channel camera_6
INFO:modules.smoking_detection:Loading shared YOLO model for smoke and fire detection: models/best.pt
INFO:modules.smoking_detection:Shared smoke and fire detection model loaded successfully
INFO:modules.smoking_detection:Smoke and Fire Detection initialized for channel camera_6
INFO:modules.yolo_detector:Initializing YOLODetector with model: models/yolo11n.pt
INFO:modules.yolo_detector:YOLO model loaded with CUDA optimizations on cuda
INFO:modules.gif_recorder:GIF Recorder initialized: buffer=90 frames, duration=3.0s
INFO:modules.table_service_monitor:[camera_6] Loaded table service configuration: 0 tables
INFO:modules.table_service_monitor:[camera_6] Loaded table service configuration: 0 tables
INFO:modules.yolo_detector:Initializing YOLODetector with model: models/yolo11n.pt
INFO:modules.yolo_detector:YOLO model loaded with CUDA optimizations on cuda
INFO:modules.service_discipline_monitor:[camera_6] Loaded dual models: models/yolo11n.pt (persons) + models/best.pt (uniforms)
INFO:modules.service_discipline_monitor:[camera_6] Initializing DeepSORT tracker
INFO:deep_sort_realtime.embedder.embedder_pytorch:MobileNetV2 Embedder for Deep Sort initialised
INFO:deep_sort_realtime.embedder.embedder_pytorch:- gpu enabled: True
INFO:deep_sort_realtime.embedder.embedder_pytorch:- half precision: True
INFO:deep_sort_realtime.embedder.embedder_pytorch:- max batch size: 16
INFO:deep_sort_realtime.embedder.embedder_pytorch:- expects BGR: True
INFO:deep_sort_realtime.deepsort_tracker:DeepSort Tracker initialised
INFO:deep_sort_realtime.deepsort_tracker:- max age: 30
INFO:deep_sort_realtime.deepsort_tracker:- appearance threshold: 0.3
INFO:deep_sort_realtime.deepsort_tracker:- nms threshold: OFF
INFO:deep_sort_realtime.deepsort_tracker:- max num of appearance features: 50
INFO:deep_sort_realtime.deepsort_tracker:- overriding track class : No
INFO:deep_sort_realtime.deepsort_tracker:- today given : No
INFO:deep_sort_realtime.deepsort_tracker:- in-build embedder : Yes
INFO:deep_sort_realtime.deepsort_tracker:- polygon detections : No
INFO:modules.gif_recorder:GIF Recorder initialized: buffer=90 frames, duration=3.0s
INFO:modules.service_discipline_monitor:[camera_6] 📂 Loading table ROIs from /home/ubuntu/Niyaaz_biryani/niyaaz/config/channels.json
INFO:modules.service_discipline_monitor:[camera_6] 📖 Read channels.json, found 27 channels
INFO:modules.service_discipline_monitor:[camera_6] ✓ Found channel in config, checking modules...
INFO:modules.service_discipline_monitor:[camera_6] ✓ Found ServiceDisciplineMonitor module
INFO:modules.service_discipline_monitor:[camera_6] 📊 Table ROIs in config: 1 tables
INFO:modules.service_discipline_monitor:[camera_6]   Processing table 'table_5'...
INFO:modules.service_discipline_monitor:[camera_6]     Found 4 points in config
INFO:modules.service_discipline_monitor:[camera_6]     ✓ Loaded table 'table_5' with 4 points, bbox: (0.210, 0.340, 0.594, 0.734)
INFO:modules.service_discipline_monitor:[camera_6] ✅ Successfully loaded 1 table ROIs from channels.json
INFO:modules.service_discipline_monitor:[camera_6]   Table IDs: ['table_5']
INFO:modules.service_discipline_monitor:[camera_6] Loaded settings from channels.json
INFO:modules.service_discipline_monitor:[camera_6] Service discipline config loaded: 1 tables configured
INFO:modules.service_discipline_monitor:[camera_6] 📂 Loading table ROIs from /home/ubuntu/Niyaaz_biryani/niyaaz/config/channels.json
INFO:modules.service_discipline_monitor:[camera_6] 📖 Read channels.json, found 27 channels
INFO:modules.service_discipline_monitor:[camera_6] ✓ Found channel in config, checking modules...
INFO:modules.service_discipline_monitor:[camera_6] ✓ Found ServiceDisciplineMonitor module
INFO:modules.service_discipline_monitor:[camera_6] 📊 Table ROIs in config: 1 tables
INFO:modules.service_discipline_monitor:[camera_6]   Processing table 'table_5'...
INFO:modules.service_discipline_monitor:[camera_6]     Found 4 points in config
INFO:modules.service_discipline_monitor:[camera_6]     ✓ Loaded table 'table_5' with 4 points, bbox: (0.210, 0.340, 0.594, 0.734)
INFO:modules.service_discipline_monitor:[camera_6] ✅ Successfully loaded 1 table ROIs from channels.json
INFO:modules.service_discipline_monitor:[camera_6]   Table IDs: ['table_5']
INFO:modules.service_discipline_monitor:[camera_6] Loaded settings from channels.json
INFO:modules.service_discipline_monitor:[camera_6] Service discipline config loaded: 1 tables configured
INFO:modules.fall_detection:Loading shared YOLO model for fall detection: models/yolo11n.pt
INFO:modules.fall_detection:Shared fall detection model loaded successfully
INFO:modules.fall_detection:FallDetection initialized for channel camera_6
INFO:modules.yolo_detector:Initializing YOLODetector with model: models/yolo11n.pt
INFO:modules.yolo_detector:YOLO model loaded with CUDA optimizations on cuda
INFO:modules.dress_code_monitoring:Dual YOLO models initialized: best.pt for counter (uniforms), YOLOv11 for queue (persons)
INFO:modules.dress_code_monitoring:📋 Uniform model (best.pt) has 18 classes: ['Apron', 'Cashdraw-open', 'Fire', 'Gloves', 'Hairnet', 'No_apron', 'No_gloves', 'No_hairnet', 'Shoe', 'Smoke', 'Smoking', 'Table_clean', 'Table_unclean', 'Uniform_black', 'Uniform_cream', 'Uniform_grey', 'Weighing_machine', 'Weighing_machine_item']
INFO:modules.dress_code_monitoring:✅ Uniform_grey confirmed in model (class 15)
INFO:modules.dress_code_monitoring:📋 Final uniform_classes: {'Uniform_grey', 'Uniform_black', 'Uniform_cream'}
INFO:modules.gif_recorder:GIF Recorder initialized: buffer=90 frames, duration=3.0s
INFO:modules.dress_code_monitoring:Configuration loaded for channel camera_7
INFO:modules.dress_code_monitoring:Dress Code Monitoring initialized for channel camera_7
INFO:modules.smoking_detection:Loading shared YOLO model for smoke and fire detection: models/best.pt
INFO:modules.smoking_detection:Shared smoke and fire detection model loaded successfully
INFO:modules.smoking_detection:Smoke and Fire Detection initialized for channel camera_7
INFO:modules.yolo_detector:Initializing YOLODetector with model: models/yolo11n.pt
INFO:modules.yolo_detector:YOLO model loaded with CUDA optimizations on cuda
INFO:modules.gif_recorder:GIF Recorder initialized: buffer=90 frames, duration=3.0s
INFO:modules.table_service_monitor:[camera_7] Loaded table service configuration: 0 tables
INFO:modules.table_service_monitor:[camera_7] Loaded table service configuration: 0 tables
INFO:modules.yolo_detector:Initializing YOLODetector with model: models/yolo11n.pt
INFO:modules.yolo_detector:YOLO model loaded with CUDA optimizations on cuda
INFO:modules.service_discipline_monitor:[camera_7] Loaded dual models: models/yolo11n.pt (persons) + models/best.pt (uniforms)
INFO:modules.service_discipline_monitor:[camera_7] Initializing DeepSORT tracker
INFO:deep_sort_realtime.embedder.embedder_pytorch:MobileNetV2 Embedder for Deep Sort initialised
INFO:deep_sort_realtime.embedder.embedder_pytorch:- gpu enabled: True
INFO:deep_sort_realtime.embedder.embedder_pytorch:- half precision: True
INFO:deep_sort_realtime.embedder.embedder_pytorch:- max batch size: 16
INFO:deep_sort_realtime.embedder.embedder_pytorch:- expects BGR: True
INFO:deep_sort_realtime.deepsort_tracker:DeepSort Tracker initialised
INFO:deep_sort_realtime.deepsort_tracker:- max age: 30
INFO:deep_sort_realtime.deepsort_tracker:- appearance threshold: 0.3
INFO:deep_sort_realtime.deepsort_tracker:- nms threshold: OFF
INFO:deep_sort_realtime.deepsort_tracker:- max num of appearance features: 50
INFO:deep_sort_realtime.deepsort_tracker:- overriding track class : No
INFO:deep_sort_realtime.deepsort_tracker:- today given : No
INFO:deep_sort_realtime.deepsort_tracker:- in-build embedder : Yes
INFO:deep_sort_realtime.deepsort_tracker:- polygon detections : No
INFO:modules.gif_recorder:GIF Recorder initialized: buffer=90 frames, duration=3.0s
INFO:modules.service_discipline_monitor:[camera_7] 📂 Loading table ROIs from /home/ubuntu/Niyaaz_biryani/niyaaz/config/channels.json
INFO:modules.service_discipline_monitor:[camera_7] 📖 Read channels.json, found 27 channels
INFO:modules.service_discipline_monitor:[camera_7] ✓ Found channel in config, checking modules...
INFO:modules.service_discipline_monitor:[camera_7] ✓ Found ServiceDisciplineMonitor module
INFO:modules.service_discipline_monitor:[camera_7] 📊 Table ROIs in config: 1 tables
INFO:modules.service_discipline_monitor:[camera_7]   Processing table 'table_6'...
INFO:modules.service_discipline_monitor:[camera_7]     Found 5 points in config
INFO:modules.service_discipline_monitor:[camera_7]     ✓ Loaded table 'table_6' with 5 points, bbox: (0.249, 0.493, 0.967, 0.991)
INFO:modules.service_discipline_monitor:[camera_7] ✅ Successfully loaded 1 table ROIs from channels.json
INFO:modules.service_discipline_monitor:[camera_7]   Table IDs: ['table_6']
INFO:modules.service_discipline_monitor:[camera_7] Loaded settings from channels.json
INFO:modules.service_discipline_monitor:[camera_7] Service discipline config loaded: 1 tables configured
INFO:modules.service_discipline_monitor:[camera_7] 📂 Loading table ROIs from /home/ubuntu/Niyaaz_biryani/niyaaz/config/channels.json
INFO:modules.service_discipline_monitor:[camera_7] 📖 Read channels.json, found 27 channels
INFO:modules.service_discipline_monitor:[camera_7] ✓ Found channel in config, checking modules...
INFO:modules.service_discipline_monitor:[camera_7] ✓ Found ServiceDisciplineMonitor module
INFO:modules.service_discipline_monitor:[camera_7] 📊 Table ROIs in config: 1 tables
INFO:modules.service_discipline_monitor:[camera_7]   Processing table 'table_6'...
INFO:modules.service_discipline_monitor:[camera_7]     Found 5 points in config
INFO:modules.service_discipline_monitor:[camera_7]     ✓ Loaded table 'table_6' with 5 points, bbox: (0.249, 0.493, 0.967, 0.991)
INFO:modules.service_discipline_monitor:[camera_7] ✅ Successfully loaded 1 table ROIs from channels.json
INFO:modules.service_discipline_monitor:[camera_7]   Table IDs: ['table_6']
INFO:modules.service_discipline_monitor:[camera_7] Loaded settings from channels.json
INFO:modules.service_discipline_monitor:[camera_7] Service discipline config loaded: 1 tables configured
INFO:modules.fall_detection:Loading shared YOLO model for fall detection: models/yolo11n.pt
INFO:modules.fall_detection:Shared fall detection model loaded successfully
INFO:modules.fall_detection:FallDetection initialized for channel camera_7
INFO:modules.yolo_detector:Initializing YOLODetector with model: models/yolo11n.pt
INFO:modules.yolo_detector:YOLO model loaded with CUDA optimizations on cuda
INFO:modules.dress_code_monitoring:Dual YOLO models initialized: best.pt for counter (uniforms), YOLOv11 for queue (persons)
INFO:modules.dress_code_monitoring:📋 Uniform model (best.pt) has 18 classes: ['Apron', 'Cashdraw-open', 'Fire', 'Gloves', 'Hairnet', 'No_apron', 'No_gloves', 'No_hairnet', 'Shoe', 'Smoke', 'Smoking', 'Table_clean', 'Table_unclean', 'Uniform_black', 'Uniform_cream', 'Uniform_grey', 'Weighing_machine', 'Weighing_machine_item']
INFO:modules.dress_code_monitoring:✅ Uniform_grey confirmed in model (class 15)
INFO:modules.dress_code_monitoring:📋 Final uniform_classes: {'Uniform_grey', 'Uniform_black', 'Uniform_cream'}
INFO:modules.gif_recorder:GIF Recorder initialized: buffer=90 frames, duration=3.0s
INFO:modules.dress_code_monitoring:Configuration loaded for channel camera_8
INFO:modules.dress_code_monitoring:Dress Code Monitoring initialized for channel camera_8
INFO:modules.smoking_detection:Loading shared YOLO model for smoke and fire detection: models/best.pt
INFO:modules.smoking_detection:Shared smoke and fire detection model loaded successfully
INFO:modules.smoking_detection:Smoke and Fire Detection initialized for channel camera_8
INFO:modules.yolo_detector:Initializing YOLODetector with model: models/yolo11n.pt
WARNING from src: Could not read from resource.
Debug info: ../gst/rtsp/gstrtspsrc.c(6223): gst_rtspsrc_reconnect (): /GstPipeline:sakshiai-pipeline/GstDsNvUriSrcBin:src_14/GstRTSPSrc:src:
Could not receive any UDP packets for 5.0000 seconds, maybe your firewall is blocking it. Retrying using a tcp connection.
INFO:modules.yolo_detector:YOLO model loaded with CUDA optimizations on cuda
INFO:modules.gif_recorder:GIF Recorder initialized: buffer=90 frames, duration=3.0s
WARNING from src: Could not read from resource.
Debug info: ../gst/rtsp/gstrtspsrc.c(6223): gst_rtspsrc_reconnect (): /GstPipeline:sakshiai-pipeline/GstDsNvUriSrcBin:src_1/GstRTSPSrc:src:
Could not receive any UDP packets for 5.0000 seconds, maybe your firewall is blocking it. Retrying using a tcp connection.
INFO:modules.table_service_monitor:[camera_8] Loaded table service configuration: 0 tables
INFO:modules.table_service_monitor:[camera_8] Loaded table service configuration: 0 tables
INFO:modules.yolo_detector:Initializing YOLODetector with model: models/yolo11n.pt
WARNING from src: Could not read from resource.
Debug info: ../gst/rtsp/gstrtspsrc.c(6223): gst_rtspsrc_reconnect (): /GstPipeline:sakshiai-pipeline/GstDsNvUriSrcBin:src_11/GstRTSPSrc:src:
Could not receive any UDP packets for 5.0000 seconds, maybe your firewall is blocking it. Retrying using a tcp connection.
WARNING from src: Could not read from resource.
Debug info: ../gst/rtsp/gstrtspsrc.c(6223): gst_rtspsrc_reconnect (): /GstPipeline:sakshiai-pipeline/GstDsNvUriSrcBin:src_6/GstRTSPSrc:src:
Could not receive any UDP packets for 5.0000 seconds, maybe your firewall is blocking it. Retrying using a tcp connection.
WARNING from src: Could not read from resource.
Debug info: ../gst/rtsp/gstrtspsrc.c(6223): gst_rtspsrc_reconnect (): /GstPipeline:sakshiai-pipeline/GstDsNvUriSrcBin:src_3/GstRTSPSrc:src:
Could not receive any UDP packets for 5.0000 seconds, maybe your firewall is blocking it. Retrying using a tcp connection.
WARNING from src: Could not read from resource.
Debug info: ../gst/rtsp/gstrtspsrc.c(6223): gst_rtspsrc_reconnect (): /GstPipeline:sakshiai-pipeline/GstDsNvUriSrcBin:src_0/GstRTSPSrc:src:
Could not receive any UDP packets for 5.0000 seconds, maybe your firewall is blocking it. Retrying using a tcp connection.
WARNING from src: Could not read from resource.
Debug info: ../gst/rtsp/gstrtspsrc.c(6223): gst_rtspsrc_reconnect (): /GstPipeline:sakshiai-pipeline/GstDsNvUriSrcBin:src_13/GstRTSPSrc:src:
Could not receive any UDP packets for 5.0000 seconds, maybe your firewall is blocking it. Retrying using a tcp connection.
WARNING from src: Could not read from resource.
Debug info: ../gst/rtsp/gstrtspsrc.c(6223): gst_rtspsrc_reconnect (): /GstPipeline:sakshiai-pipeline/GstDsNvUriSrcBin:src_9/GstRTSPSrc:src:
Could not receive any UDP packets for 5.0000 seconds, maybe your firewall is blocking it. Retrying using a tcp connection.
WARNING from src: Could not read from resource.
Debug info: ../gst/rtsp/gstrtspsrc.c(6223): gst_rtspsrc_reconnect (): /GstPipeline:sakshiai-pipeline/GstDsNvUriSrcBin:src_4/GstRTSPSrc:src:
Could not receive any UDP packets for 5.0000 seconds, maybe your firewall is blocking it. Retrying using a tcp connection.
WARNING from src: Could not read from resource.
Debug info: ../gst/rtsp/gstrtspsrc.c(6223): gst_rtspsrc_reconnect (): /GstPipeline:sakshiai-pipeline/GstDsNvUriSrcBin:src_7/GstRTSPSrc:src:
Could not receive any UDP packets for 5.0000 seconds, maybe your firewall is blocking it. Retrying using a tcp connection.
WARNING from src: Could not read from resource.
Debug info: ../gst/rtsp/gstrtspsrc.c(6223): gst_rtspsrc_reconnect (): /GstPipeline:sakshiai-pipeline/GstDsNvUriSrcBin:src_12/GstRTSPSrc:src:
Could not receive any UDP packets for 5.0000 seconds, maybe your firewall is blocking it. Retrying using a tcp connection.
WARNING from src: Could not read from resource.
Debug info: ../gst/rtsp/gstrtspsrc.c(6223): gst_rtspsrc_reconnect (): /GstPipeline:sakshiai-pipeline/GstDsNvUriSrcBin:src_5/GstRTSPSrc:src:
Could not receive any UDP packets for 5.0000 seconds, maybe your firewall is blocking it. Retrying using a tcp connection.
INFO:modules.yolo_detector:YOLO model loaded with CUDA optimizations on cuda
INFO:modules.service_discipline_monitor:[camera_8] Loaded dual models: models/yolo11n.pt (persons) + models/best.pt (uniforms)
INFO:modules.service_discipline_monitor:[camera_8] Initializing DeepSORT tracker
Opening in BLOCKING MODE 
*** Inside cb_newpad name=video/x-raw
Opening in BLOCKING MODE 
*** Inside cb_newpad name=video/x-raw
*** Inside cb_newpad name=video/x-raw
WARNING from src: Could not read from resource.
Debug info: ../gst/rtsp/gstrtspsrc.c(6223): gst_rtspsrc_reconnect (): /GstPipeline:sakshiai-pipeline/GstDsNvUriSrcBin:src_8/GstRTSPSrc:src:
Could not receive any UDP packets for 5.0000 seconds, maybe your firewall is blocking it. Retrying using a tcp connection.
Opening in BLOCKING MODE 
*** Inside cb_newpad name=video/x-raw
*** Inside cb_newpad name=video/x-raw
*** Inside cb_newpad name=video/x-raw
Opening in BLOCKING MODE 
*** Inside cb_newpad name=video/x-raw
*** Inside cb_newpad name=video/x-raw
*** Inside cb_newpad name=video/x-raw
Opening in BLOCKING MODE 
*** Inside cb_newpad name=video/x-raw
*** Inside cb_newpad name=video/x-raw
*** Inside cb_newpad name=video/x-raw
INFO:deep_sort_realtime.embedder.embedder_pytorch:MobileNetV2 Embedder for Deep Sort initialised
INFO:deep_sort_realtime.embedder.embedder_pytorch:- gpu enabled: True
INFO:deep_sort_realtime.embedder.embedder_pytorch:- half precision: True
INFO:deep_sort_realtime.embedder.embedder_pytorch:- max batch size: 16
INFO:deep_sort_realtime.embedder.embedder_pytorch:- expects BGR: True
INFO:deep_sort_realtime.deepsort_tracker:DeepSort Tracker initialised
INFO:deep_sort_realtime.deepsort_tracker:- max age: 30
INFO:deep_sort_realtime.deepsort_tracker:- appearance threshold: 0.3
INFO:deep_sort_realtime.deepsort_tracker:- nms threshold: OFF
INFO:deep_sort_realtime.deepsort_tracker:- max num of appearance features: 50
INFO:deep_sort_realtime.deepsort_tracker:- overriding track class : No
INFO:deep_sort_realtime.deepsort_tracker:- today given : No
INFO:deep_sort_realtime.deepsort_tracker:- in-build embedder : Yes
INFO:deep_sort_realtime.deepsort_tracker:- polygon detections : No
INFO:modules.gif_recorder:GIF Recorder initialized: buffer=90 frames, duration=3.0s
INFO:modules.service_discipline_monitor:[camera_8] 📂 Loading table ROIs from /home/ubuntu/Niyaaz_biryani/niyaaz/config/channels.json
INFO:modules.service_discipline_monitor:[camera_8] 📖 Read channels.json, found 27 channels
INFO:modules.service_discipline_monitor:[camera_8] ✓ Found channel in config, checking modules...
INFO:modules.service_discipline_monitor:[camera_8] ✓ Found ServiceDisciplineMonitor module
INFO:modules.service_discipline_monitor:[camera_8] 📊 Table ROIs in config: 1 tables
INFO:modules.service_discipline_monitor:[camera_8]   Processing table 'table_7'...
INFO:modules.service_discipline_monitor:[camera_8]     Found 8 points in config
INFO:modules.service_discipline_monitor:[camera_8]     ✓ Loaded table 'table_7' with 8 points, bbox: (0.198, 0.425, 0.955, 0.988)
INFO:modules.service_discipline_monitor:[camera_8] ✅ Successfully loaded 1 table ROIs from channels.json
INFO:modules.service_discipline_monitor:[camera_8]   Table IDs: ['table_7']
INFO:modules.service_discipline_monitor:[camera_8] Loaded settings from channels.json
INFO:modules.service_discipline_monitor:[camera_8] Service discipline config loaded: 1 tables configured
INFO:modules.service_discipline_monitor:[camera_8] 📂 Loading table ROIs from /home/ubuntu/Niyaaz_biryani/niyaaz/config/channels.json
INFO:modules.service_discipline_monitor:[camera_8] 📖 Read channels.json, found 27 channels
INFO:modules.service_discipline_monitor:[camera_8] ✓ Found channel in config, checking modules...
INFO:modules.service_discipline_monitor:[camera_8] ✓ Found ServiceDisciplineMonitor module
INFO:modules.service_discipline_monitor:[camera_8] 📊 Table ROIs in config: 1 tables
INFO:modules.service_discipline_monitor:[camera_8]   Processing table 'table_7'...
INFO:modules.service_discipline_monitor:[camera_8]     Found 8 points in config
INFO:modules.service_discipline_monitor:[camera_8]     ✓ Loaded table 'table_7' with 8 points, bbox: (0.198, 0.425, 0.955, 0.988)
INFO:modules.service_discipline_monitor:[camera_8] ✅ Successfully loaded 1 table ROIs from channels.json
INFO:modules.service_discipline_monitor:[camera_8]   Table IDs: ['table_7']
INFO:modules.service_discipline_monitor:[camera_8] Loaded settings from channels.json
INFO:modules.service_discipline_monitor:[camera_8] Service discipline config loaded: 1 tables configured
INFO:modules.fall_detection:Loading shared YOLO model for fall detection: models/yolo11n.pt
INFO:modules.fall_detection:Shared fall detection model loaded successfully
INFO:modules.fall_detection:FallDetection initialized for channel camera_8
INFO:modules.yolo_detector:Initializing YOLODetector with model: models/yolo11n.pt
INFO:modules.yolo_detector:YOLO model loaded with CUDA optimizations on cuda
INFO:modules.dress_code_monitoring:Dual YOLO models initialized: best.pt for counter (uniforms), YOLOv11 for queue (persons)
INFO:modules.dress_code_monitoring:📋 Uniform model (best.pt) has 18 classes: ['Apron', 'Cashdraw-open', 'Fire', 'Gloves', 'Hairnet', 'No_apron', 'No_gloves', 'No_hairnet', 'Shoe', 'Smoke', 'Smoking', 'Table_clean', 'Table_unclean', 'Uniform_black', 'Uniform_cream', 'Uniform_grey', 'Weighing_machine', 'Weighing_machine_item']
INFO:modules.dress_code_monitoring:✅ Uniform_grey confirmed in model (class 15)
INFO:modules.dress_code_monitoring:📋 Final uniform_classes: {'Uniform_grey', 'Uniform_black', 'Uniform_cream'}
INFO:modules.gif_recorder:GIF Recorder initialized: buffer=90 frames, duration=3.0s
INFO:modules.dress_code_monitoring:Configuration loaded for channel camera_9
INFO:modules.dress_code_monitoring:Dress Code Monitoring initialized for channel camera_9
INFO:modules.ppe_monitoring:Loading shared YOLO model for PPE monitoring: models/best.pt
INFO:modules.ppe_monitoring:Shared PPE monitoring model loaded successfully
INFO:modules.ppe_monitoring:📋 Model has 18 classes: ['Apron', 'Cashdraw-open', 'Fire', 'Gloves', 'Hairnet', 'No_apron', 'No_gloves', 'No_hairnet', 'Shoe', 'Smoke', 'Smoking', 'Table_clean', 'Table_unclean', 'Uniform_black', 'Uniform_cream', 'Uniform_grey', 'Weighing_machine', 'Weighing_machine_item']
INFO:modules.gif_recorder:GIF Recorder initialized: buffer=90 frames, duration=3.0s
INFO:modules.ppe_monitoring:PPE Monitoring initialized for channel camera_9
INFO:modules.smoking_detection:Loading shared YOLO model for smoke and fire detection: models/best.pt
INFO:modules.smoking_detection:Shared smoke and fire detection model loaded successfully
INFO:modules.smoking_detection:Smoke and Fire Detection initialized for channel camera_9
INFO:modules.fall_detection:Loading shared YOLO model for fall detection: models/yolo11n.pt
INFO:modules.fall_detection:Shared fall detection model loaded successfully
INFO:modules.fall_detection:FallDetection initialized for channel camera_9
INFO:modules.yolo_detector:Initializing YOLODetector with model: models/yolo11n.pt
INFO:modules.yolo_detector:YOLO model loaded with CUDA optimizations on cuda
INFO:modules.dress_code_monitoring:Dual YOLO models initialized: best.pt for counter (uniforms), YOLOv11 for queue (persons)
INFO:modules.dress_code_monitoring:📋 Uniform model (best.pt) has 18 classes: ['Apron', 'Cashdraw-open', 'Fire', 'Gloves', 'Hairnet', 'No_apron', 'No_gloves', 'No_hairnet', 'Shoe', 'Smoke', 'Smoking', 'Table_clean', 'Table_unclean', 'Uniform_black', 'Uniform_cream', 'Uniform_grey', 'Weighing_machine', 'Weighing_machine_item']
INFO:modules.dress_code_monitoring:✅ Uniform_grey confirmed in model (class 15)
INFO:modules.dress_code_monitoring:📋 Final uniform_classes: {'Uniform_grey', 'Uniform_black', 'Uniform_cream'}
INFO:modules.gif_recorder:GIF Recorder initialized: buffer=90 frames, duration=3.0s
INFO:modules.dress_code_monitoring:Configuration loaded for channel camera_10
INFO:modules.dress_code_monitoring:Dress Code Monitoring initialized for channel camera_10
INFO:modules.ppe_monitoring:Loading shared YOLO model for PPE monitoring: models/best.pt
INFO:modules.ppe_monitoring:Shared PPE monitoring model loaded successfully
INFO:modules.ppe_monitoring:📋 Model has 18 classes: ['Apron', 'Cashdraw-open', 'Fire', 'Gloves', 'Hairnet', 'No_apron', 'No_gloves', 'No_hairnet', 'Shoe', 'Smoke', 'Smoking', 'Table_clean', 'Table_unclean', 'Uniform_black', 'Uniform_cream', 'Uniform_grey', 'Weighing_machine', 'Weighing_machine_item']
INFO:modules.gif_recorder:GIF Recorder initialized: buffer=90 frames, duration=3.0s
INFO:modules.ppe_monitoring:PPE Monitoring initialized for channel camera_10
INFO:modules.smoking_detection:Loading shared YOLO model for smoke and fire detection: models/best.pt
INFO:modules.smoking_detection:Shared smoke and fire detection model loaded successfully
INFO:modules.smoking_detection:Smoke and Fire Detection initialized for channel camera_10
INFO:modules.fall_detection:Loading shared YOLO model for fall detection: models/yolo11n.pt
INFO:modules.fall_detection:Shared fall detection model loaded successfully
INFO:modules.fall_detection:FallDetection initialized for channel camera_10
INFO:modules.yolo_detector:Initializing YOLODetector with model: models/yolo11n.pt
Opening in BLOCKING MODE 
Opening in BLOCKING MODE 
Opening in BLOCKING MODE 
Opening in BLOCKING MODE 
Opening in BLOCKING MODE 
Opening in BLOCKING MODE 
Opening in BLOCKING MODE 
*** Inside cb_newpad name=video/x-raw
INFO:modules.yolo_detector:YOLO model loaded with CUDA optimizations on cuda
INFO:modules.dress_code_monitoring:Dual YOLO models initialized: best.pt for counter (uniforms), YOLOv11 for queue (persons)
INFO:modules.dress_code_monitoring:📋 Uniform model (best.pt) has 18 classes: ['Apron', 'Cashdraw-open', 'Fire', 'Gloves', 'Hairnet', 'No_apron', 'No_gloves', 'No_hairnet', 'Shoe', 'Smoke', 'Smoking', 'Table_clean', 'Table_unclean', 'Uniform_black', 'Uniform_cream', 'Uniform_grey', 'Weighing_machine', 'Weighing_machine_item']
INFO:modules.dress_code_monitoring:✅ Uniform_grey confirmed in model (class 15)
INFO:modules.dress_code_monitoring:📋 Final uniform_classes: {'Uniform_grey', 'Uniform_black', 'Uniform_cream'}
INFO:modules.gif_recorder:GIF Recorder initialized: buffer=90 frames, duration=3.0s
INFO:modules.dress_code_monitoring:Configuration loaded for channel camera_11
INFO:modules.dress_code_monitoring:Dress Code Monitoring initialized for channel camera_11
INFO:modules.smoking_detection:Loading shared YOLO model for smoke and fire detection: models/best.pt
INFO:modules.smoking_detection:Shared smoke and fire detection model loaded successfully
INFO:modules.smoking_detection:Smoke and Fire Detection initialized for channel camera_11
INFO:modules.fall_detection:Loading shared YOLO model for fall detection: models/yolo11n.pt
INFO:modules.fall_detection:Shared fall detection model loaded successfully
INFO:modules.fall_detection:FallDetection initialized for channel camera_11
INFO:modules.yolo_detector:Initializing YOLODetector with model: models/yolo11n.pt
INFO:modules.yolo_detector:YOLO model loaded with CUDA optimizations on cuda
INFO:modules.dress_code_monitoring:Dual YOLO models initialized: best.pt for counter (uniforms), YOLOv11 for queue (persons)
INFO:modules.dress_code_monitoring:📋 Uniform model (best.pt) has 18 classes: ['Apron', 'Cashdraw-open', 'Fire', 'Gloves', 'Hairnet', 'No_apron', 'No_gloves', 'No_hairnet', 'Shoe', 'Smoke', 'Smoking', 'Table_clean', 'Table_unclean', 'Uniform_black', 'Uniform_cream', 'Uniform_grey', 'Weighing_machine', 'Weighing_machine_item']
INFO:modules.dress_code_monitoring:✅ Uniform_grey confirmed in model (class 15)
INFO:modules.dress_code_monitoring:📋 Final uniform_classes: {'Uniform_grey', 'Uniform_black', 'Uniform_cream'}
INFO:modules.gif_recorder:GIF Recorder initialized: buffer=90 frames, duration=3.0s
INFO:modules.dress_code_monitoring:Configuration loaded for channel camera_12
INFO:modules.dress_code_monitoring:Dress Code Monitoring initialized for channel camera_12
INFO:modules.smoking_detection:Loading shared YOLO model for smoke and fire detection: models/best.pt
INFO:modules.smoking_detection:Shared smoke and fire detection model loaded successfully
INFO:modules.smoking_detection:Smoke and Fire Detection initialized for channel camera_12
INFO:modules.fall_detection:Loading shared YOLO model for fall detection: models/yolo11n.pt
INFO:modules.fall_detection:Shared fall detection model loaded successfully
INFO:modules.fall_detection:FallDetection initialized for channel camera_12
INFO:modules.unauthorized_entry_monitor:Loading shared YOLO model for unauthorized entry detection: models/yolo11n.pt
INFO:modules.unauthorized_entry_monitor:Shared unauthorized entry detection model loaded successfully
INFO:modules.gif_recorder:GIF Recorder initialized: buffer=300 frames, duration=60.0s
INFO:modules.unauthorized_entry_monitor:UnauthorizedEntryMonitor initialized for channel camera_13
INFO:modules.smoking_detection:Loading shared YOLO model for smoke and fire detection: models/best.pt
INFO:modules.smoking_detection:Shared smoke and fire detection model loaded successfully
INFO:modules.smoking_detection:Smoke and Fire Detection initialized for channel camera_13
INFO:modules.fall_detection:Loading shared YOLO model for fall detection: models/yolo11n.pt
INFO:modules.fall_detection:Shared fall detection model loaded successfully
INFO:modules.fall_detection:FallDetection initialized for channel camera_13
INFO:modules.yolo_detector:Initializing YOLODetector with model: models/yolo11n.pt
INFO:modules.yolo_detector:YOLO model loaded with CUDA optimizations on cuda
INFO:modules.gif_recorder:GIF Recorder initialized: buffer=90 frames, duration=4.0s
INFO:modules.crowd_detection:Crowd Detection initialized for channel camera_14
INFO:modules.fall_detection:Loading shared YOLO model for fall detection: models/yolo11n.pt
INFO:modules.fall_detection:Shared fall detection model loaded successfully
INFO:modules.fall_detection:FallDetection initialized for channel camera_14
INFO:modules.smoking_detection:Loading shared YOLO model for smoke and fire detection: models/best.pt
INFO:modules.smoking_detection:Shared smoke and fire detection model loaded successfully
INFO:modules.smoking_detection:Smoke and Fire Detection initialized for channel camera_14
INFO:modules.person_smoking_detection:Loading shared YOLO model for smoking detection: models/best.pt
INFO:modules.person_smoking_detection:Shared smoking detection model loaded successfully
INFO:modules.gif_recorder:GIF Recorder initialized: buffer=90 frames, duration=3.0s
INFO:modules.person_smoking_detection:Smoking Detection initialized for channel camera_14
INFO:modules.fall_detection:Loading shared YOLO model for fall detection: models/yolo11n.pt
INFO:modules.fall_detection:Shared fall detection model loaded successfully
INFO:modules.fall_detection:FallDetection initialized for channel camera_15
INFO:modules.material_theft_monitor:[camera_15] Loaded YOLO model: models/best.pt for class: weighing_machine_item
INFO:modules.yolo_detector:Initializing YOLODetector with model: models/yolo11n.pt
INFO:modules.yolo_detector:YOLO model loaded with CUDA optimizations on cuda
INFO:modules.material_theft_monitor:[camera_15] Person detection enabled for MaterialTheftMonitor
INFO:modules.gif_recorder:GIF Recorder initialized: buffer=90 frames, duration=3.0s
INFO:modules.material_theft_monitor:[camera_15] MaterialTheftMonitor initialized
INFO:modules.smoking_detection:Loading shared YOLO model for smoke and fire detection: models/best.pt
INFO:modules.smoking_detection:Shared smoke and fire detection model loaded successfully
INFO:modules.smoking_detection:Smoke and Fire Detection initialized for channel camera_15
INFO:modules.person_smoking_detection:Loading shared YOLO model for smoking detection: models/best.pt
INFO:modules.person_smoking_detection:Shared smoking detection model loaded successfully
INFO:modules.gif_recorder:GIF Recorder initialized: buffer=90 frames, duration=3.0s
INFO:modules.person_smoking_detection:Smoking Detection initialized for channel camera_15
INFO:modules.yolo_detector:Initializing YOLODetector with model: models/yolo11n.pt
INFO:modules.yolo_detector:YOLO model loaded with CUDA optimizations on cuda
INFO:modules.queue_monitor:[camera_16] ✅ Uniform detector initialized for counter area fallback
INFO:modules.gif_recorder:GIF Recorder initialized: buffer=90 frames, duration=3.0s
INFO:modules.queue_monitor:QueueMonitor initialized for channel camera_16
INFO:modules.queue_monitor:  Model: models/yolo11n.pt, person_class_id=0, conf=0.5
INFO:modules.queue_monitor:[camera_16] Loaded configuration from DB
INFO:modules.yolo_detector:Initializing YOLODetector with model: models/yolo11n.pt
WARNING from src: Could not read from resource.
Debug info: ../gst/rtsp/gstrtspsrc.c(6223): gst_rtspsrc_reconnect (): /GstPipeline:sakshiai-pipeline/GstDsNvUriSrcBin:src_18/GstRTSPSrc:src:
Could not receive any UDP packets for 5.0000 seconds, maybe your firewall is blocking it. Retrying using a tcp connection.
INFO:modules.yolo_detector:YOLO model loaded with CUDA optimizations on cuda
INFO:modules.dress_code_monitoring:Dual YOLO models initialized: best.pt for counter (uniforms), YOLOv11 for queue (persons)
INFO:modules.dress_code_monitoring:📋 Uniform model (best.pt) has 18 classes: ['Apron', 'Cashdraw-open', 'Fire', 'Gloves', 'Hairnet', 'No_apron', 'No_gloves', 'No_hairnet', 'Shoe', 'Smoke', 'Smoking', 'Table_clean', 'Table_unclean', 'Uniform_black', 'Uniform_cream', 'Uniform_grey', 'Weighing_machine', 'Weighing_machine_item']
INFO:modules.dress_code_monitoring:✅ Uniform_grey confirmed in model (class 15)
INFO:modules.dress_code_monitoring:📋 Final uniform_classes: {'Uniform_grey', 'Uniform_black', 'Uniform_cream'}
INFO:modules.gif_recorder:GIF Recorder initialized: buffer=90 frames, duration=3.0s
INFO:modules.dress_code_monitoring:Configuration loaded for channel camera_16
INFO:modules.dress_code_monitoring:Dress Code Monitoring initialized for channel camera_16
ERROR:modules.grooming_detection:Failed to load model models/yolov8n.engine: 'models/yolov8n.engine' does not exist
ERROR:__main__:Failed to start GroomingDetection on camera_16: 'models/yolov8n.engine' does not exist
INFO:modules.fall_detection:Loading shared YOLO model for fall detection: models/yolo11n.pt
INFO:modules.fall_detection:Shared fall detection model loaded successfully
INFO:modules.fall_detection:FallDetection initialized for channel camera_16
INFO:modules.smoking_detection:Loading shared YOLO model for smoke and fire detection: models/best.pt
INFO:modules.smoking_detection:Shared smoke and fire detection model loaded successfully
INFO:modules.smoking_detection:Smoke and Fire Detection initialized for channel camera_16
INFO:modules.yolo_detector:Initializing YOLODetector with model: models/yolo11n.pt
WARNING from src: Could not read from resource.
Debug info: ../gst/rtsp/gstrtspsrc.c(6223): gst_rtspsrc_reconnect (): /GstPipeline:sakshiai-pipeline/GstDsNvUriSrcBin:src_20/GstRTSPSrc:src:
Could not receive any UDP packets for 5.0000 seconds, maybe your firewall is blocking it. Retrying using a tcp connection.
INFO:modules.yolo_detector:YOLO model loaded with CUDA optimizations on cuda
INFO:modules.queue_monitor:[camera_17] ✅ Uniform detector initialized for counter area fallback
INFO:modules.gif_recorder:GIF Recorder initialized: buffer=90 frames, duration=3.0s
INFO:modules.queue_monitor:QueueMonitor initialized for channel camera_17
INFO:modules.queue_monitor:  Model: models/yolo11n.pt, person_class_id=0, conf=0.5
INFO:modules.queue_monitor:[camera_17] Loaded configuration from DB
INFO:modules.yolo_detector:Initializing YOLODetector with model: models/yolo11n.pt
INFO:modules.yolo_detector:YOLO model loaded with CUDA optimizations on cuda
INFO:modules.dress_code_monitoring:Dual YOLO models initialized: best.pt for counter (uniforms), YOLOv11 for queue (persons)
INFO:modules.dress_code_monitoring:📋 Uniform model (best.pt) has 18 classes: ['Apron', 'Cashdraw-open', 'Fire', 'Gloves', 'Hairnet', 'No_apron', 'No_gloves', 'No_hairnet', 'Shoe', 'Smoke', 'Smoking', 'Table_clean', 'Table_unclean', 'Uniform_black', 'Uniform_cream', 'Uniform_grey', 'Weighing_machine', 'Weighing_machine_item']
INFO:modules.dress_code_monitoring:✅ Uniform_grey confirmed in model (class 15)
INFO:modules.dress_code_monitoring:📋 Final uniform_classes: {'Uniform_grey', 'Uniform_black', 'Uniform_cream'}
INFO:modules.gif_recorder:GIF Recorder initialized: buffer=90 frames, duration=3.0s
INFO:modules.dress_code_monitoring:Configuration loaded for channel camera_17
INFO:modules.dress_code_monitoring:Dress Code Monitoring initialized for channel camera_17
ERROR:modules.grooming_detection:Failed to load model models/yolov8n.engine: 'models/yolov8n.engine' does not exist
ERROR:__main__:Failed to start GroomingDetection on camera_17: 'models/yolov8n.engine' does not exist
INFO:modules.fall_detection:Loading shared YOLO model for fall detection: models/yolo11n.pt
INFO:modules.fall_detection:Shared fall detection model loaded successfully
INFO:modules.fall_detection:FallDetection initialized for channel camera_17
INFO:modules.smoking_detection:Loading shared YOLO model for smoke and fire detection: models/best.pt
INFO:modules.smoking_detection:Shared smoke and fire detection model loaded successfully
INFO:modules.smoking_detection:Smoke and Fire Detection initialized for channel camera_17
INFO:modules.yolo_detector:Initializing YOLODetector with model: models/yolo11n.pt
WARNING from src: Could not read from resource.
Debug info: ../gst/rtsp/gstrtspsrc.c(6223): gst_rtspsrc_reconnect (): /GstPipeline:sakshiai-pipeline/GstDsNvUriSrcBin:src_23/GstRTSPSrc:src:
Could not receive any UDP packets for 5.0000 seconds, maybe your firewall is blocking it. Retrying using a tcp connection.
WARNING from src: Could not read from resource.
Debug info: ../gst/rtsp/gstrtspsrc.c(6223): gst_rtspsrc_reconnect (): /GstPipeline:sakshiai-pipeline/GstDsNvUriSrcBin:src_22/GstRTSPSrc:src:
Could not receive any UDP packets for 5.0000 seconds, maybe your firewall is blocking it. Retrying using a tcp connection.
INFO:modules.yolo_detector:YOLO model loaded with CUDA optimizations on cuda
INFO:modules.gif_recorder:GIF Recorder initialized: buffer=90 frames, duration=3.0s
INFO:modules.table_service_monitor:[camera_18] Loaded table service configuration: 0 tables
INFO:modules.table_service_monitor:[camera_18] Loaded table service configuration: 0 tables
INFO:modules.yolo_detector:Initializing YOLODetector with model: models/yolo11n.pt
WARNING from src: Could not read from resource.
Debug info: ../gst/rtsp/gstrtspsrc.c(6223): gst_rtspsrc_reconnect (): /GstPipeline:sakshiai-pipeline/GstDsNvUriSrcBin:src_24/GstRTSPSrc:src:
Could not receive any UDP packets for 5.0000 seconds, maybe your firewall is blocking it. Retrying using a tcp connection.
WARNING from src: Could not read from resource.
Debug info: ../gst/rtsp/gstrtspsrc.c(6223): gst_rtspsrc_reconnect (): /GstPipeline:sakshiai-pipeline/GstDsNvUriSrcBin:src_19/GstRTSPSrc:src:
Could not receive any UDP packets for 5.0000 seconds, maybe your firewall is blocking it. Retrying using a tcp connection.
INFO:modules.yolo_detector:YOLO model loaded with CUDA optimizations on cuda
INFO:modules.service_discipline_monitor:[camera_18] Loaded dual models: models/yolo11n.pt (persons) + models/best.pt (uniforms)
INFO:modules.service_discipline_monitor:[camera_18] Initializing DeepSORT tracker
WARNING from src: Could not read from resource.
Debug info: ../gst/rtsp/gstrtspsrc.c(6223): gst_rtspsrc_reconnect (): /GstPipeline:sakshiai-pipeline/GstDsNvUriSrcBin:src_26/GstRTSPSrc:src:
Could not receive any UDP packets for 5.0000 seconds, maybe your firewall is blocking it. Retrying using a tcp connection.
WARNING from src: Could not read from resource.
Debug info: ../gst/rtsp/gstrtspsrc.c(6223): gst_rtspsrc_reconnect (): /GstPipeline:sakshiai-pipeline/GstDsNvUriSrcBin:src_16/GstRTSPSrc:src:
Could not receive any UDP packets for 5.0000 seconds, maybe your firewall is blocking it. Retrying using a tcp connection.
INFO:deep_sort_realtime.embedder.embedder_pytorch:MobileNetV2 Embedder for Deep Sort initialised
INFO:deep_sort_realtime.embedder.embedder_pytorch:- gpu enabled: True
INFO:deep_sort_realtime.embedder.embedder_pytorch:- half precision: True
INFO:deep_sort_realtime.embedder.embedder_pytorch:- max batch size: 16
INFO:deep_sort_realtime.embedder.embedder_pytorch:- expects BGR: True
INFO:deep_sort_realtime.deepsort_tracker:DeepSort Tracker initialised
INFO:deep_sort_realtime.deepsort_tracker:- max age: 30
INFO:deep_sort_realtime.deepsort_tracker:- appearance threshold: 0.3
INFO:deep_sort_realtime.deepsort_tracker:- nms threshold: OFF
INFO:deep_sort_realtime.deepsort_tracker:- max num of appearance features: 50
INFO:deep_sort_realtime.deepsort_tracker:- overriding track class : No
INFO:deep_sort_realtime.deepsort_tracker:- today given : No
INFO:deep_sort_realtime.deepsort_tracker:- in-build embedder : Yes
INFO:deep_sort_realtime.deepsort_tracker:- polygon detections : No
INFO:modules.gif_recorder:GIF Recorder initialized: buffer=90 frames, duration=3.0s
INFO:modules.service_discipline_monitor:[camera_18] 📂 Loading table ROIs from /home/ubuntu/Niyaaz_biryani/niyaaz/config/channels.json
INFO:modules.service_discipline_monitor:[camera_18] 📖 Read channels.json, found 27 channels
INFO:modules.service_discipline_monitor:[camera_18] ✓ Found channel in config, checking modules...
INFO:modules.service_discipline_monitor:[camera_18] ✓ Found ServiceDisciplineMonitor module
INFO:modules.service_discipline_monitor:[camera_18] 📊 Table ROIs in config: 2 tables
INFO:modules.service_discipline_monitor:[camera_18]   Processing table 'table_8'...
INFO:modules.service_discipline_monitor:[camera_18]     Found 8 points in config
INFO:modules.service_discipline_monitor:[camera_18]     ✓ Loaded table 'table_8' with 8 points, bbox: (0.004, 0.332, 0.590, 0.988)
INFO:modules.service_discipline_monitor:[camera_18]   Processing table 'table_9'...
INFO:modules.service_discipline_monitor:[camera_18]     Found 7 points in config
INFO:modules.service_discipline_monitor:[camera_18]     ✓ Loaded table 'table_9' with 7 points, bbox: (0.310, 0.210, 0.892, 0.660)
INFO:modules.service_discipline_monitor:[camera_18] ✅ Successfully loaded 2 table ROIs from channels.json
INFO:modules.service_discipline_monitor:[camera_18]   Table IDs: ['table_8', 'table_9']
INFO:modules.service_discipline_monitor:[camera_18] Loaded settings from channels.json
INFO:modules.service_discipline_monitor:[camera_18] Service discipline config loaded: 2 tables configured
INFO:modules.service_discipline_monitor:[camera_18] 📂 Loading table ROIs from /home/ubuntu/Niyaaz_biryani/niyaaz/config/channels.json
INFO:modules.service_discipline_monitor:[camera_18] 📖 Read channels.json, found 27 channels
INFO:modules.service_discipline_monitor:[camera_18] ✓ Found channel in config, checking modules...
INFO:modules.service_discipline_monitor:[camera_18] ✓ Found ServiceDisciplineMonitor module
INFO:modules.service_discipline_monitor:[camera_18] 📊 Table ROIs in config: 2 tables
INFO:modules.service_discipline_monitor:[camera_18]   Processing table 'table_8'...
INFO:modules.service_discipline_monitor:[camera_18]     Found 8 points in config
INFO:modules.service_discipline_monitor:[camera_18]     ✓ Loaded table 'table_8' with 8 points, bbox: (0.004, 0.332, 0.590, 0.988)
INFO:modules.service_discipline_monitor:[camera_18]   Processing table 'table_9'...
INFO:modules.service_discipline_monitor:[camera_18]     Found 7 points in config
INFO:modules.service_discipline_monitor:[camera_18]     ✓ Loaded table 'table_9' with 7 points, bbox: (0.310, 0.210, 0.892, 0.660)
INFO:modules.service_discipline_monitor:[camera_18] ✅ Successfully loaded 2 table ROIs from channels.json
INFO:modules.service_discipline_monitor:[camera_18]   Table IDs: ['table_8', 'table_9']
INFO:modules.service_discipline_monitor:[camera_18] Loaded settings from channels.json
INFO:modules.service_discipline_monitor:[camera_18] Service discipline config loaded: 2 tables configured
INFO:modules.fall_detection:Loading shared YOLO model for fall detection: models/yolo11n.pt
INFO:modules.fall_detection:Shared fall detection model loaded successfully
INFO:modules.fall_detection:FallDetection initialized for channel camera_18
INFO:modules.smoking_detection:Loading shared YOLO model for smoke and fire detection: models/best.pt
INFO:modules.smoking_detection:Shared smoke and fire detection model loaded successfully
INFO:modules.smoking_detection:Smoke and Fire Detection initialized for channel camera_18
INFO:modules.yolo_detector:Initializing YOLODetector with model: models/yolo11n.pt
INFO:modules.yolo_detector:YOLO model loaded with CUDA optimizations on cuda
INFO:modules.gif_recorder:GIF Recorder initialized: buffer=90 frames, duration=3.0s
INFO:modules.table_service_monitor:[camera_19] Loaded table service configuration: 0 tables
INFO:modules.table_service_monitor:[camera_19] Loaded table service configuration: 0 tables
INFO:modules.yolo_detector:Initializing YOLODetector with model: models/yolo11n.pt
INFO:modules.yolo_detector:YOLO model loaded with CUDA optimizations on cuda
INFO:modules.service_discipline_monitor:[camera_19] Loaded dual models: models/yolo11n.pt (persons) + models/best.pt (uniforms)
INFO:modules.service_discipline_monitor:[camera_19] Initializing DeepSORT tracker
INFO:deep_sort_realtime.embedder.embedder_pytorch:MobileNetV2 Embedder for Deep Sort initialised
INFO:deep_sort_realtime.embedder.embedder_pytorch:- gpu enabled: True
INFO:deep_sort_realtime.embedder.embedder_pytorch:- half precision: True
INFO:deep_sort_realtime.embedder.embedder_pytorch:- max batch size: 16
INFO:deep_sort_realtime.embedder.embedder_pytorch:- expects BGR: True
INFO:deep_sort_realtime.deepsort_tracker:DeepSort Tracker initialised
INFO:deep_sort_realtime.deepsort_tracker:- max age: 30
INFO:deep_sort_realtime.deepsort_tracker:- appearance threshold: 0.3
INFO:deep_sort_realtime.deepsort_tracker:- nms threshold: OFF
INFO:deep_sort_realtime.deepsort_tracker:- max num of appearance features: 50
INFO:deep_sort_realtime.deepsort_tracker:- overriding track class : No
INFO:deep_sort_realtime.deepsort_tracker:- today given : No
INFO:deep_sort_realtime.deepsort_tracker:- in-build embedder : Yes
INFO:deep_sort_realtime.deepsort_tracker:- polygon detections : No
INFO:modules.gif_recorder:GIF Recorder initialized: buffer=90 frames, duration=3.0s
INFO:modules.service_discipline_monitor:[camera_19] 📂 Loading table ROIs from /home/ubuntu/Niyaaz_biryani/niyaaz/config/channels.json
INFO:modules.service_discipline_monitor:[camera_19] 📖 Read channels.json, found 27 channels
INFO:modules.service_discipline_monitor:[camera_19] ✓ Found channel in config, checking modules...
INFO:modules.service_discipline_monitor:[camera_19] ✓ Found ServiceDisciplineMonitor module
INFO:modules.service_discipline_monitor:[camera_19] 📊 Table ROIs in config: 2 tables
INFO:modules.service_discipline_monitor:[camera_19]   Processing table 'table_10'...
INFO:modules.service_discipline_monitor:[camera_19]     Found 5 points in config
INFO:modules.service_discipline_monitor:[camera_19]     ✓ Loaded table 'table_10' with 5 points, bbox: (0.477, 0.451, 0.988, 0.990)
INFO:modules.service_discipline_monitor:[camera_19]   Processing table 'table_11'...
INFO:modules.service_discipline_monitor:[camera_19]     Found 6 points in config
INFO:modules.service_discipline_monitor:[camera_19]     ✓ Loaded table 'table_11' with 6 points, bbox: (0.222, 0.178, 0.669, 0.557)
INFO:modules.service_discipline_monitor:[camera_19] ✅ Successfully loaded 2 table ROIs from channels.json
INFO:modules.service_discipline_monitor:[camera_19]   Table IDs: ['table_10', 'table_11']
INFO:modules.service_discipline_monitor:[camera_19] Loaded settings from channels.json
INFO:modules.service_discipline_monitor:[camera_19] Service discipline config loaded: 2 tables configured
INFO:modules.service_discipline_monitor:[camera_19] 📂 Loading table ROIs from /home/ubuntu/Niyaaz_biryani/niyaaz/config/channels.json
INFO:modules.service_discipline_monitor:[camera_19] 📖 Read channels.json, found 27 channels
INFO:modules.service_discipline_monitor:[camera_19] ✓ Found channel in config, checking modules...
INFO:modules.service_discipline_monitor:[camera_19] ✓ Found ServiceDisciplineMonitor module
INFO:modules.service_discipline_monitor:[camera_19] 📊 Table ROIs in config: 2 tables
INFO:modules.service_discipline_monitor:[camera_19]   Processing table 'table_10'...
INFO:modules.service_discipline_monitor:[camera_19]     Found 5 points in config
INFO:modules.service_discipline_monitor:[camera_19]     ✓ Loaded table 'table_10' with 5 points, bbox: (0.477, 0.451, 0.988, 0.990)
INFO:modules.service_discipline_monitor:[camera_19]   Processing table 'table_11'...
INFO:modules.service_discipline_monitor:[camera_19]     Found 6 points in config
INFO:modules.service_discipline_monitor:[camera_19]     ✓ Loaded table 'table_11' with 6 points, bbox: (0.222, 0.178, 0.669, 0.557)
INFO:modules.service_discipline_monitor:[camera_19] ✅ Successfully loaded 2 table ROIs from channels.json
INFO:modules.service_discipline_monitor:[camera_19]   Table IDs: ['table_10', 'table_11']
INFO:modules.service_discipline_monitor:[camera_19] Loaded settings from channels.json
INFO:modules.service_discipline_monitor:[camera_19] Service discipline config loaded: 2 tables configured
INFO:modules.fall_detection:Loading shared YOLO model for fall detection: models/yolo11n.pt
INFO:modules.fall_detection:Shared fall detection model loaded successfully
INFO:modules.fall_detection:FallDetection initialized for channel camera_19
INFO:modules.smoking_detection:Loading shared YOLO model for smoke and fire detection: models/best.pt
INFO:modules.smoking_detection:Shared smoke and fire detection model loaded successfully
INFO:modules.smoking_detection:Smoke and Fire Detection initialized for channel camera_19
INFO:modules.yolo_detector:Initializing YOLODetector with model: models/yolo11n.pt
INFO:modules.yolo_detector:YOLO model loaded with CUDA optimizations on cuda
INFO:modules.dress_code_monitoring:Dual YOLO models initialized: best.pt for counter (uniforms), YOLOv11 for queue (persons)
INFO:modules.dress_code_monitoring:📋 Uniform model (best.pt) has 18 classes: ['Apron', 'Cashdraw-open', 'Fire', 'Gloves', 'Hairnet', 'No_apron', 'No_gloves', 'No_hairnet', 'Shoe', 'Smoke', 'Smoking', 'Table_clean', 'Table_unclean', 'Uniform_black', 'Uniform_cream', 'Uniform_grey', 'Weighing_machine', 'Weighing_machine_item']
INFO:modules.dress_code_monitoring:✅ Uniform_grey confirmed in model (class 15)
INFO:modules.dress_code_monitoring:📋 Final uniform_classes: {'Uniform_grey', 'Uniform_black', 'Uniform_cream'}
INFO:modules.gif_recorder:GIF Recorder initialized: buffer=90 frames, duration=3.0s
INFO:modules.dress_code_monitoring:Configuration loaded for channel camera_20
INFO:modules.dress_code_monitoring:Dress Code Monitoring initialized for channel camera_20
INFO:modules.ppe_monitoring:Loading shared YOLO model for PPE monitoring: models/best.pt
INFO:modules.ppe_monitoring:Shared PPE monitoring model loaded successfully
INFO:modules.ppe_monitoring:📋 Model has 18 classes: ['Apron', 'Cashdraw-open', 'Fire', 'Gloves', 'Hairnet', 'No_apron', 'No_gloves', 'No_hairnet', 'Shoe', 'Smoke', 'Smoking', 'Table_clean', 'Table_unclean', 'Uniform_black', 'Uniform_cream', 'Uniform_grey', 'Weighing_machine', 'Weighing_machine_item']
INFO:modules.gif_recorder:GIF Recorder initialized: buffer=90 frames, duration=3.0s
INFO:modules.ppe_monitoring:PPE Monitoring initialized for channel camera_20
INFO:modules.fall_detection:Loading shared YOLO model for fall detection: models/yolo11n.pt
INFO:modules.fall_detection:Shared fall detection model loaded successfully
INFO:modules.fall_detection:FallDetection initialized for channel camera_20
INFO:modules.smoking_detection:Loading shared YOLO model for smoke and fire detection: models/best.pt
INFO:modules.smoking_detection:Shared smoke and fire detection model loaded successfully
INFO:modules.smoking_detection:Smoke and Fire Detection initialized for channel camera_20
INFO:modules.fall_detection:Loading shared YOLO model for fall detection: models/yolo11n.pt
INFO:modules.fall_detection:Shared fall detection model loaded successfully
INFO:modules.fall_detection:FallDetection initialized for channel camera_21
INFO:modules.smoking_detection:Loading shared YOLO model for smoke and fire detection: models/best.pt
INFO:modules.smoking_detection:Shared smoke and fire detection model loaded successfully
INFO:modules.smoking_detection:Smoke and Fire Detection initialized for channel camera_21
INFO:modules.yolo_detector:Initializing YOLODetector with model: models/yolo11n.pt
INFO:modules.yolo_detector:YOLO model loaded with CUDA optimizations on cuda
INFO:modules.idle_time_monitor:[camera_21] IdleTimeMonitor loaded model: models/yolo11n.pt
INFO:modules.idle_time_monitor:[camera_21] Initializing DeepSORT tracker for idle time monitoring
INFO:deep_sort_realtime.embedder.embedder_pytorch:MobileNetV2 Embedder for Deep Sort initialised
INFO:deep_sort_realtime.embedder.embedder_pytorch:- gpu enabled: True
INFO:deep_sort_realtime.embedder.embedder_pytorch:- half precision: True
INFO:deep_sort_realtime.embedder.embedder_pytorch:- max batch size: 16
INFO:deep_sort_realtime.embedder.embedder_pytorch:- expects BGR: True
INFO:deep_sort_realtime.deepsort_tracker:DeepSort Tracker initialised
INFO:deep_sort_realtime.deepsort_tracker:- max age: 30
INFO:deep_sort_realtime.deepsort_tracker:- appearance threshold: 0.3
INFO:deep_sort_realtime.deepsort_tracker:- nms threshold: OFF
INFO:deep_sort_realtime.deepsort_tracker:- max num of appearance features: 50
INFO:deep_sort_realtime.deepsort_tracker:- overriding track class : No
INFO:deep_sort_realtime.deepsort_tracker:- today given : No
INFO:deep_sort_realtime.deepsort_tracker:- in-build embedder : Yes
INFO:deep_sort_realtime.deepsort_tracker:- polygon detections : No
INFO:modules.gif_recorder:GIF Recorder initialized: buffer=90 frames, duration=3.0s
INFO:modules.idle_time_monitor:[camera_21] Loaded IdleTimeMonitor settings from channels.json
INFO:modules.idle_time_monitor:[camera_21] IdleTimeMonitor config loaded: ROI=not set, threshold=900.0s
INFO:modules.idle_time_monitor:[camera_21] Loaded IdleTimeMonitor settings from channels.json
INFO:modules.idle_time_monitor:[camera_21] IdleTimeMonitor config loaded: ROI=not set, threshold=900.0s
INFO:modules.yolo_detector:Initializing YOLODetector with model: models/yolo11n.pt
INFO:modules.yolo_detector:YOLO model loaded with CUDA optimizations on cuda
INFO:modules.gif_recorder:GIF Recorder initialized: buffer=90 frames, duration=3.0s
INFO:modules.table_service_monitor:[camera_22] Loaded table service configuration: 0 tables
INFO:modules.table_service_monitor:[camera_22] Loaded table service configuration: 0 tables
INFO:modules.yolo_detector:Initializing YOLODetector with model: models/yolo11n.pt
INFO:modules.yolo_detector:YOLO model loaded with CUDA optimizations on cuda
INFO:modules.service_discipline_monitor:[camera_22] Loaded dual models: models/yolo11n.pt (persons) + models/best.pt (uniforms)
INFO:modules.service_discipline_monitor:[camera_22] Initializing DeepSORT tracker
Opening in BLOCKING MODE 
Opening in BLOCKING MODE 
*** Inside cb_newpad name=video/x-raw
INFO:deep_sort_realtime.embedder.embedder_pytorch:MobileNetV2 Embedder for Deep Sort initialised
INFO:deep_sort_realtime.embedder.embedder_pytorch:- gpu enabled: True
INFO:deep_sort_realtime.embedder.embedder_pytorch:- half precision: True
INFO:deep_sort_realtime.embedder.embedder_pytorch:- max batch size: 16
INFO:deep_sort_realtime.embedder.embedder_pytorch:- expects BGR: True
INFO:deep_sort_realtime.deepsort_tracker:DeepSort Tracker initialised
INFO:deep_sort_realtime.deepsort_tracker:- max age: 30
INFO:deep_sort_realtime.deepsort_tracker:- appearance threshold: 0.3
INFO:deep_sort_realtime.deepsort_tracker:- nms threshold: OFF
INFO:deep_sort_realtime.deepsort_tracker:- max num of appearance features: 50
INFO:deep_sort_realtime.deepsort_tracker:- overriding track class : No
INFO:deep_sort_realtime.deepsort_tracker:- today given : No
INFO:deep_sort_realtime.deepsort_tracker:- in-build embedder : Yes
INFO:deep_sort_realtime.deepsort_tracker:- polygon detections : No
INFO:modules.gif_recorder:GIF Recorder initialized: buffer=90 frames, duration=3.0s
INFO:modules.service_discipline_monitor:[camera_22] 📂 Loading table ROIs from /home/ubuntu/Niyaaz_biryani/niyaaz/config/channels.json
INFO:modules.service_discipline_monitor:[camera_22] 📖 Read channels.json, found 27 channels
INFO:modules.service_discipline_monitor:[camera_22] ✓ Found channel in config, checking modules...
INFO:modules.service_discipline_monitor:[camera_22] ✓ Found ServiceDisciplineMonitor module
INFO:modules.service_discipline_monitor:[camera_22] 📊 Table ROIs in config: 1 tables
INFO:modules.service_discipline_monitor:[camera_22]   Processing table 'table_12'...
INFO:modules.service_discipline_monitor:[camera_22]     Found 5 points in config
INFO:modules.service_discipline_monitor:[camera_22]     ✓ Loaded table 'table_12' with 5 points, bbox: (0.282, 0.224, 0.767, 0.606)
INFO:modules.service_discipline_monitor:[camera_22] ✅ Successfully loaded 1 table ROIs from channels.json
INFO:modules.service_discipline_monitor:[camera_22]   Table IDs: ['table_12']
INFO:modules.service_discipline_monitor:[camera_22] Loaded settings from channels.json
INFO:modules.service_discipline_monitor:[camera_22] Service discipline config loaded: 1 tables configured
INFO:modules.service_discipline_monitor:[camera_22] 📂 Loading table ROIs from /home/ubuntu/Niyaaz_biryani/niyaaz/config/channels.json
INFO:modules.service_discipline_monitor:[camera_22] 📖 Read channels.json, found 27 channels
INFO:modules.service_discipline_monitor:[camera_22] ✓ Found channel in config, checking modules...
INFO:modules.service_discipline_monitor:[camera_22] ✓ Found ServiceDisciplineMonitor module
INFO:modules.service_discipline_monitor:[camera_22] 📊 Table ROIs in config: 1 tables
INFO:modules.service_discipline_monitor:[camera_22]   Processing table 'table_12'...
INFO:modules.service_discipline_monitor:[camera_22]     Found 5 points in config
INFO:modules.service_discipline_monitor:[camera_22]     ✓ Loaded table 'table_12' with 5 points, bbox: (0.282, 0.224, 0.767, 0.606)
INFO:modules.service_discipline_monitor:[camera_22] ✅ Successfully loaded 1 table ROIs from channels.json
INFO:modules.service_discipline_monitor:[camera_22]   Table IDs: ['table_12']
INFO:modules.service_discipline_monitor:[camera_22] Loaded settings from channels.json
INFO:modules.service_discipline_monitor:[camera_22] Service discipline config loaded: 1 tables configured
INFO:modules.fall_detection:Loading shared YOLO model for fall detection: models/yolo11n.pt
INFO:modules.fall_detection:Shared fall detection model loaded successfully
INFO:modules.fall_detection:FallDetection initialized for channel camera_22
INFO:modules.smoking_detection:Loading shared YOLO model for smoke and fire detection: models/best.pt
INFO:modules.smoking_detection:Shared smoke and fire detection model loaded successfully
INFO:modules.smoking_detection:Smoke and Fire Detection initialized for channel camera_22
INFO:modules.yolo_detector:Initializing YOLODetector with model: models/yolo11n.pt
*** Inside cb_newpad name=video/x-raw
INFO:modules.yolo_detector:YOLO model loaded with CUDA optimizations on cuda
INFO:modules.gif_recorder:GIF Recorder initialized: buffer=90 frames, duration=3.0s
INFO:modules.table_service_monitor:[camera_23] Loaded table service configuration: 0 tables
INFO:modules.table_service_monitor:[camera_23] Loaded table service configuration: 0 tables
INFO:modules.yolo_detector:Initializing YOLODetector with model: models/yolo11n.pt
*** Inside cb_newpad name=video/x-raw
INFO:modules.yolo_detector:YOLO model loaded with CUDA optimizations on cuda
INFO:modules.service_discipline_monitor:[camera_23] Loaded dual models: models/yolo11n.pt (persons) + models/best.pt (uniforms)
INFO:modules.service_discipline_monitor:[camera_23] Initializing DeepSORT tracker
INFO:deep_sort_realtime.embedder.embedder_pytorch:MobileNetV2 Embedder for Deep Sort initialised
INFO:deep_sort_realtime.embedder.embedder_pytorch:- gpu enabled: True
INFO:deep_sort_realtime.embedder.embedder_pytorch:- half precision: True
INFO:deep_sort_realtime.embedder.embedder_pytorch:- max batch size: 16
INFO:deep_sort_realtime.embedder.embedder_pytorch:- expects BGR: True
INFO:deep_sort_realtime.deepsort_tracker:DeepSort Tracker initialised
INFO:deep_sort_realtime.deepsort_tracker:- max age: 30
INFO:deep_sort_realtime.deepsort_tracker:- appearance threshold: 0.3
INFO:deep_sort_realtime.deepsort_tracker:- nms threshold: OFF
INFO:deep_sort_realtime.deepsort_tracker:- max num of appearance features: 50
INFO:deep_sort_realtime.deepsort_tracker:- overriding track class : No
INFO:deep_sort_realtime.deepsort_tracker:- today given : No
INFO:deep_sort_realtime.deepsort_tracker:- in-build embedder : Yes
INFO:deep_sort_realtime.deepsort_tracker:- polygon detections : No
INFO:modules.gif_recorder:GIF Recorder initialized: buffer=90 frames, duration=3.0s
INFO:modules.service_discipline_monitor:[camera_23] 📂 Loading table ROIs from /home/ubuntu/Niyaaz_biryani/niyaaz/config/channels.json
INFO:modules.service_discipline_monitor:[camera_23] 📖 Read channels.json, found 27 channels
INFO:modules.service_discipline_monitor:[camera_23] ✓ Found channel in config, checking modules...
INFO:modules.service_discipline_monitor:[camera_23] ✓ Found ServiceDisciplineMonitor module
INFO:modules.service_discipline_monitor:[camera_23] 📊 Table ROIs in config: 1 tables
INFO:modules.service_discipline_monitor:[camera_23]   Processing table 'table_13'...
INFO:modules.service_discipline_monitor:[camera_23]     Found 8 points in config
INFO:modules.service_discipline_monitor:[camera_23]     ✓ Loaded table 'table_13' with 8 points, bbox: (0.000, 0.329, 0.550, 0.999)
INFO:modules.service_discipline_monitor:[camera_23] ✅ Successfully loaded 1 table ROIs from channels.json
INFO:modules.service_discipline_monitor:[camera_23]   Table IDs: ['table_13']
INFO:modules.service_discipline_monitor:[camera_23] Loaded settings from channels.json
INFO:modules.service_discipline_monitor:[camera_23] Service discipline config loaded: 1 tables configured
INFO:modules.service_discipline_monitor:[camera_23] 📂 Loading table ROIs from /home/ubuntu/Niyaaz_biryani/niyaaz/config/channels.json
INFO:modules.service_discipline_monitor:[camera_23] 📖 Read channels.json, found 27 channels
INFO:modules.service_discipline_monitor:[camera_23] ✓ Found channel in config, checking modules...
INFO:modules.service_discipline_monitor:[camera_23] ✓ Found ServiceDisciplineMonitor module
INFO:modules.service_discipline_monitor:[camera_23] 📊 Table ROIs in config: 1 tables
INFO:modules.service_discipline_monitor:[camera_23]   Processing table 'table_13'...
INFO:modules.service_discipline_monitor:[camera_23]     Found 8 points in config
INFO:modules.service_discipline_monitor:[camera_23]     ✓ Loaded table 'table_13' with 8 points, bbox: (0.000, 0.329, 0.550, 0.999)
INFO:modules.service_discipline_monitor:[camera_23] ✅ Successfully loaded 1 table ROIs from channels.json
INFO:modules.service_discipline_monitor:[camera_23]   Table IDs: ['table_13']
INFO:modules.service_discipline_monitor:[camera_23] Loaded settings from channels.json
INFO:modules.service_discipline_monitor:[camera_23] Service discipline config loaded: 1 tables configured
INFO:modules.fall_detection:Loading shared YOLO model for fall detection: models/yolo11n.pt
INFO:modules.fall_detection:Shared fall detection model loaded successfully
INFO:modules.fall_detection:FallDetection initialized for channel camera_23
INFO:modules.smoking_detection:Loading shared YOLO model for smoke and fire detection: models/best.pt
INFO:modules.smoking_detection:Shared smoke and fire detection model loaded successfully
INFO:modules.smoking_detection:Smoke and Fire Detection initialized for channel camera_23
INFO:modules.unauthorized_entry_monitor:Loading shared YOLO model for unauthorized entry detection: models/yolo11n.pt
INFO:modules.unauthorized_entry_monitor:Shared unauthorized entry detection model loaded successfully
INFO:modules.gif_recorder:GIF Recorder initialized: buffer=300 frames, duration=60.0s
INFO:modules.unauthorized_entry_monitor:UnauthorizedEntryMonitor initialized for channel camera_24
INFO:modules.fall_detection:Loading shared YOLO model for fall detection: models/yolo11n.pt
INFO:modules.fall_detection:Shared fall detection model loaded successfully
INFO:modules.fall_detection:FallDetection initialized for channel camera_24
INFO:modules.smoking_detection:Loading shared YOLO model for smoke and fire detection: models/best.pt
INFO:modules.smoking_detection:Shared smoke and fire detection model loaded successfully
INFO:modules.smoking_detection:Smoke and Fire Detection initialized for channel camera_24
INFO:modules.yolo_detector:Initializing YOLODetector with model: models/yolo11n.pt
Opening in BLOCKING MODE 
*** Inside cb_newpad name=video/x-raw
INFO:modules.yolo_detector:YOLO model loaded with CUDA optimizations on cuda
INFO:modules.dress_code_monitoring:Dual YOLO models initialized: best.pt for counter (uniforms), YOLOv11 for queue (persons)
INFO:modules.dress_code_monitoring:📋 Uniform model (best.pt) has 18 classes: ['Apron', 'Cashdraw-open', 'Fire', 'Gloves', 'Hairnet', 'No_apron', 'No_gloves', 'No_hairnet', 'Shoe', 'Smoke', 'Smoking', 'Table_clean', 'Table_unclean', 'Uniform_black', 'Uniform_cream', 'Uniform_grey', 'Weighing_machine', 'Weighing_machine_item']
INFO:modules.dress_code_monitoring:✅ Uniform_grey confirmed in model (class 15)
INFO:modules.dress_code_monitoring:📋 Final uniform_classes: {'Uniform_grey', 'Uniform_black', 'Uniform_cream'}
INFO:modules.gif_recorder:GIF Recorder initialized: buffer=90 frames, duration=3.0s
INFO:modules.dress_code_monitoring:Configuration loaded for channel camera_25
INFO:modules.dress_code_monitoring:Dress Code Monitoring initialized for channel camera_25
INFO:modules.ppe_monitoring:Loading shared YOLO model for PPE monitoring: models/best.pt
INFO:modules.ppe_monitoring:Shared PPE monitoring model loaded successfully
INFO:modules.ppe_monitoring:📋 Model has 18 classes: ['Apron', 'Cashdraw-open', 'Fire', 'Gloves', 'Hairnet', 'No_apron', 'No_gloves', 'No_hairnet', 'Shoe', 'Smoke', 'Smoking', 'Table_clean', 'Table_unclean', 'Uniform_black', 'Uniform_cream', 'Uniform_grey', 'Weighing_machine', 'Weighing_machine_item']
INFO:modules.gif_recorder:GIF Recorder initialized: buffer=90 frames, duration=3.0s
INFO:modules.ppe_monitoring:PPE Monitoring initialized for channel camera_25
INFO:modules.fall_detection:Loading shared YOLO model for fall detection: models/yolo11n.pt
INFO:modules.fall_detection:Shared fall detection model loaded successfully
INFO:modules.fall_detection:FallDetection initialized for channel camera_25
INFO:modules.smoking_detection:Loading shared YOLO model for smoke and fire detection: models/best.pt
INFO:modules.smoking_detection:Shared smoke and fire detection model loaded successfully
INFO:modules.smoking_detection:Smoke and Fire Detection initialized for channel camera_25
INFO:modules.yolo_detector:Initializing YOLODetector with model: models/yolo11n.pt
INFO:modules.yolo_detector:YOLO model loaded with CUDA optimizations on cuda
INFO:modules.dress_code_monitoring:Dual YOLO models initialized: best.pt for counter (uniforms), YOLOv11 for queue (persons)
INFO:modules.dress_code_monitoring:📋 Uniform model (best.pt) has 18 classes: ['Apron', 'Cashdraw-open', 'Fire', 'Gloves', 'Hairnet', 'No_apron', 'No_gloves', 'No_hairnet', 'Shoe', 'Smoke', 'Smoking', 'Table_clean', 'Table_unclean', 'Uniform_black', 'Uniform_cream', 'Uniform_grey', 'Weighing_machine', 'Weighing_machine_item']
INFO:modules.dress_code_monitoring:✅ Uniform_grey confirmed in model (class 15)
INFO:modules.dress_code_monitoring:📋 Final uniform_classes: {'Uniform_grey', 'Uniform_black', 'Uniform_cream'}
INFO:modules.gif_recorder:GIF Recorder initialized: buffer=90 frames, duration=3.0s
Opening in BLOCKING MODE 
Opening in BLOCKING MODE 
*** Inside cb_newpad name=video/x-raw
INFO:modules.dress_code_monitoring:Configuration loaded for channel camera_26
INFO:modules.dress_code_monitoring:Dress Code Monitoring initialized for channel camera_26
INFO:modules.ppe_monitoring:Loading shared YOLO model for PPE monitoring: models/best.pt
INFO:modules.ppe_monitoring:Shared PPE monitoring model loaded successfully
INFO:modules.ppe_monitoring:📋 Model has 18 classes: ['Apron', 'Cashdraw-open', 'Fire', 'Gloves', 'Hairnet', 'No_apron', 'No_gloves', 'No_hairnet', 'Shoe', 'Smoke', 'Smoking', 'Table_clean', 'Table_unclean', 'Uniform_black', 'Uniform_cream', 'Uniform_grey', 'Weighing_machine', 'Weighing_machine_item']
INFO:modules.gif_recorder:GIF Recorder initialized: buffer=90 frames, duration=3.0s
INFO:modules.ppe_monitoring:PPE Monitoring initialized for channel camera_26
INFO:modules.fall_detection:Loading shared YOLO model for fall detection: models/yolo11n.pt
INFO:modules.fall_detection:Shared fall detection model loaded successfully
INFO:modules.fall_detection:FallDetection initialized for channel camera_26
INFO:modules.smoking_detection:Loading shared YOLO model for smoke and fire detection: models/best.pt
INFO:modules.smoking_detection:Shared smoke and fire detection model loaded successfully
INFO:modules.smoking_detection:Smoke and Fire Detection initialized for channel camera_26
INFO:modules.yolo_detector:Initializing YOLODetector with model: models/yolo11n.pt
INFO:modules.yolo_detector:YOLO model loaded with CUDA optimizations on cuda
INFO:modules.dress_code_monitoring:Dual YOLO models initialized: best.pt for counter (uniforms), YOLOv11 for queue (persons)
INFO:modules.dress_code_monitoring:📋 Uniform model (best.pt) has 18 classes: ['Apron', 'Cashdraw-open', 'Fire', 'Gloves', 'Hairnet', 'No_apron', 'No_gloves', 'No_hairnet', 'Shoe', 'Smoke', 'Smoking', 'Table_clean', 'Table_unclean', 'Uniform_black', 'Uniform_cream', 'Uniform_grey', 'Weighing_machine', 'Weighing_machine_item']
INFO:modules.dress_code_monitoring:✅ Uniform_grey confirmed in model (class 15)
INFO:modules.dress_code_monitoring:📋 Final uniform_classes: {'Uniform_grey', 'Uniform_black', 'Uniform_cream'}
INFO:modules.gif_recorder:GIF Recorder initialized: buffer=90 frames, duration=3.0s
INFO:modules.dress_code_monitoring:Configuration loaded for channel camera_27
INFO:modules.dress_code_monitoring:Dress Code Monitoring initialized for channel camera_27
INFO:modules.ppe_monitoring:Loading shared YOLO model for PPE monitoring: models/best.pt
INFO:modules.ppe_monitoring:Shared PPE monitoring model loaded successfully
INFO:modules.ppe_monitoring:📋 Model has 18 classes: ['Apron', 'Cashdraw-open', 'Fire', 'Gloves', 'Hairnet', 'No_apron', 'No_gloves', 'No_hairnet', 'Shoe', 'Smoke', 'Smoking', 'Table_clean', 'Table_unclean', 'Uniform_black', 'Uniform_cream', 'Uniform_grey', 'Weighing_machine', 'Weighing_machine_item']
INFO:modules.gif_recorder:GIF Recorder initialized: buffer=90 frames, duration=3.0s
INFO:modules.ppe_monitoring:PPE Monitoring initialized for channel camera_27
INFO:modules.fall_detection:Loading shared YOLO model for fall detection: models/yolo11n.pt
INFO:modules.fall_detection:Shared fall detection model loaded successfully
INFO:modules.fall_detection:FallDetection initialized for channel camera_27
INFO:modules.smoking_detection:Loading shared YOLO model for smoke and fire detection: models/best.pt
INFO:modules.smoking_detection:Shared smoke and fire detection model loaded successfully
INFO:modules.smoking_detection:Smoke and Fire Detection initialized for channel camera_27
INFO:__main__:✅ DeepStream modules loaded: 27 channels, 111 modules
INFO:__main__:✅ Channel loading completed
Opening in BLOCKING MODE 
*** Inside cb_newpad name=video/x-raw
*** Inside cb_newpad name=video/x-raw
*** Inside cb_newpad name=video/x-raw
INFO:modules.yolo_detector:🔍 YOLO Detection Debug (call #1):
INFO:modules.yolo_detector:   - Model: models/yolo11n.pt
INFO:modules.yolo_detector:   - Person class ID expected: 0
INFO:modules.yolo_detector:   - Confidence threshold: 0.5
INFO:modules.yolo_detector:   - All detections (conf>=0.25): 8
INFO:modules.yolo_detector:   - All classes found: [(0, 0.518648087978363), (0, 0.736453115940094), (0, 0.8636121153831482), (0, 0.8979597687721252), (0, 0.9041975736618042), (66, 0.5255134105682373), (66, 0.5696640014648438), (67, 0.276516318321228)]
INFO:modules.yolo_detector:   - Person detections (class=0, conf>=0.5): 5
INFO:modules.yolo_detector:   - Sample person detection: bbox=[767, 61, 1144, 600], conf=0.90, center=(955, 330)
INFO:modules.queue_monitor:[camera_1] ROI cache updated (Frame 1):
INFO:modules.queue_monitor:  Queue ROI (main): not configured
INFO:modules.queue_monitor:  Counter ROI (secondary): not configured
INFO:modules.queue_monitor:  Detection: bbox=[767, 61, 1144, 600], center=(955, 330), bottom_right=(1144, 600), area=none
INFO:modules.queue_monitor:  Detection: bbox=[70, 47, 326, 566], center=(198, 306), bottom_right=(326, 566), area=none
INFO:modules.queue_monitor:  Detection: bbox=[983, 239, 1279, 714], center=(1131, 476), bottom_right=(1279, 714), area=none
INFO:modules.queue_monitor:  Detection: bbox=[809, 2, 927, 297], center=(868, 149), bottom_right=(927, 297), area=none
INFO:modules.queue_monitor:  Detection: bbox=[1, 34, 38, 131], center=(19, 82), bottom_right=(38, 131), area=none
INFO:modules.queue_monitor:[camera_1] Frame 1 detections:
INFO:modules.queue_monitor:  total=5, queue=0, counter=0, outside=5
INFO:modules.queue_monitor:  Queue ROI configured: False
INFO:modules.queue_monitor:  Counter ROI configured: False
INFO:modules.queue_monitor:  All detections classification:
INFO:modules.queue_monitor:    Det 1: bbox=[767, 61, 1144, 600], center=(955, 330), area=none
INFO:modules.queue_monitor:    Det 2: bbox=[70, 47, 326, 566], center=(198, 306), area=none
INFO:modules.queue_monitor:    Det 3: bbox=[983, 239, 1279, 714], center=(1131, 476), area=none
INFO:modules.queue_monitor:    Det 4: bbox=[809, 2, 927, 297], center=(868, 149), area=none
INFO:modules.queue_monitor:    Det 5: bbox=[1, 34, 38, 131], center=(19, 82), area=none
INFO:modules.queue_monitor:[camera_1] Queue tracking debug (Frame 1):
INFO:modules.queue_monitor:  Detections passed to tracking: 0
INFO:modules.queue_monitor:  Active tracks in queue area: 0
INFO:modules.queue_monitor:  Dwell time threshold: 5.0s
INFO:modules.queue_monitor:  Final count: 0
INFO:modules.queue_monitor:[camera_1] Frame 1 tracking results:
INFO:modules.queue_monitor:  Counter detections passed to tracking: 0
INFO:modules.queue_monitor:  Counter count after tracking: 0
INFO:modules.queue_monitor:  Dwell time threshold: 0.0
INFO:modules.queue_monitor:  Uniform fallback enabled: True
INFO:modules.dress_code_monitoring:[camera_1] Raw uniform detections from best.pt: ['Uniform_black', 'Uniform_grey']
INFO:modules.dress_code_monitoring:[camera_1] Counter ROI not configured - detecting uniforms everywhere in frame
INFO:modules.dress_code_monitoring:📊 [camera_1] DressCode Frame 1: Total detections: 2
INFO:modules.dress_code_monitoring:   Counter ROI configured: False, Queue ROI configured: False
INFO:modules.dress_code_monitoring:   Allowed uniforms in counter: []
INFO:modules.dress_code_monitoring:   Detected classes: {'Uniform_black': 1, 'Uniform_grey': 1}
INFO:modules.dress_code_monitoring:   Detections by area: {'counter': 0, 'queue': 0, 'unknown': 0, 'everywhere': 2}
INFO:modules.dress_code_monitoring:   👔 Uniforms everywhere: ['Uniform_black', 'Uniform_grey']
INFO:modules.dress_code_monitoring:[camera_1] Compliance check: Uniform=Uniform_black, In counter=False
INFO:modules.dress_code_monitoring:   Is compliant: True, Violations: []
INFO:modules.dress_code_monitoring:   Allowed uniforms: []
INFO:modules.dress_code_monitoring:   Position key: Uniform_black_800_100
INFO:modules.dress_code_monitoring:[camera_1] Compliance check: Uniform=Uniform_grey, In counter=False
INFO:modules.dress_code_monitoring:   Is compliant: True, Violations: []
INFO:modules.dress_code_monitoring:   Allowed uniforms: []
INFO:modules.dress_code_monitoring:   Position key: Uniform_grey_1000_200
INFO:modules.yolo_detector:🔍 YOLO Detection Debug (call #1):
INFO:modules.yolo_detector:   - Model: models/yolo11n.pt
INFO:modules.yolo_detector:   - Person class ID expected: 0
INFO:modules.yolo_detector:   - Confidence threshold: 0.5
INFO:modules.yolo_detector:   - All detections (conf>=0.25): 10
INFO:modules.yolo_detector:   - All classes found: [(0, 0.5790067911148071), (0, 0.7660900354385376), (0, 0.8506789207458496), (13, 0.6794101595878601), (56, 0.5126018524169922), (62, 0.31003403663635254), (62, 0.39981576800346375), (66, 0.6008577942848206), (73, 0.2803605794906616), (73, 0.2985171377658844)]
INFO:modules.yolo_detector:   - Person detections (class=0, conf>=0.5): 3
INFO:modules.yolo_detector:   - Sample person detection: bbox=[1000, 219, 1279, 713], conf=0.85, center=(1139, 466)
INFO:modules.queue_monitor:[camera_2] ROI cache updated (Frame 1):
INFO:modules.queue_monitor:  Queue ROI (main): not configured
INFO:modules.queue_monitor:  Counter ROI (secondary): not configured
INFO:modules.queue_monitor:  Detection: bbox=[1000, 219, 1279, 713], center=(1139, 466), bottom_right=(1279, 713), area=none
INFO:modules.queue_monitor:  Detection: bbox=[129, 491, 477, 716], center=(303, 603), bottom_right=(477, 716), area=none
INFO:modules.queue_monitor:  Detection: bbox=[459, 575, 714, 715], center=(586, 645), bottom_right=(714, 715), area=none
INFO:modules.queue_monitor:[camera_2] Frame 1 detections:
INFO:modules.queue_monitor:  total=3, queue=0, counter=0, outside=3
INFO:modules.queue_monitor:  Queue ROI configured: False
INFO:modules.queue_monitor:  Counter ROI configured: False
INFO:modules.queue_monitor:  All detections classification:
INFO:modules.queue_monitor:    Det 1: bbox=[1000, 219, 1279, 713], center=(1139, 466), area=none
INFO:modules.queue_monitor:    Det 2: bbox=[129, 491, 477, 716], center=(303, 603), area=none
INFO:modules.queue_monitor:    Det 3: bbox=[459, 575, 714, 715], center=(586, 645), area=none
INFO:modules.queue_monitor:[camera_2] Queue tracking debug (Frame 1):
INFO:modules.queue_monitor:  Detections passed to tracking: 0
INFO:modules.queue_monitor:  Active tracks in queue area: 0
INFO:modules.queue_monitor:  Dwell time threshold: 5.0s
INFO:modules.queue_monitor:  Final count: 0
INFO:modules.queue_monitor:[camera_2] Frame 1 tracking results:
INFO:modules.queue_monitor:  Counter detections passed to tracking: 0
INFO:modules.queue_monitor:  Counter count after tracking: 0
INFO:modules.queue_monitor:  Dwell time threshold: 0.0
INFO:modules.queue_monitor:  Uniform fallback enabled: True
INFO:modules.dress_code_monitoring:[camera_2] Raw uniform detections from best.pt: ['Uniform_grey']
INFO:modules.dress_code_monitoring:[camera_2] Counter ROI not configured - detecting uniforms everywhere in frame
INFO:modules.dress_code_monitoring:📊 [camera_2] DressCode Frame 1: Total detections: 1
INFO:modules.dress_code_monitoring:   Counter ROI configured: False, Queue ROI configured: False
INFO:modules.dress_code_monitoring:   Allowed uniforms in counter: []
INFO:modules.dress_code_monitoring:   Detected classes: {'Uniform_grey': 1}
INFO:modules.dress_code_monitoring:   Detections by area: {'counter': 0, 'queue': 0, 'unknown': 0, 'everywhere': 1}
INFO:modules.dress_code_monitoring:   👔 Uniforms everywhere: ['Uniform_grey']
INFO:modules.dress_code_monitoring:[camera_2] Compliance check: Uniform=Uniform_grey, In counter=False
INFO:modules.dress_code_monitoring:   Is compliant: True, Violations: []
INFO:modules.dress_code_monitoring:   Allowed uniforms: []
INFO:modules.dress_code_monitoring:   Position key: Uniform_grey_200_600
INFO:modules.cash_detection:💰 Cashdraw-open detected at 1773480617.5766952
INFO:modules.dress_code_monitoring:[camera_4] Counter ROI not configured - detecting uniforms everywhere in frame
INFO:modules.dress_code_monitoring:📊 [camera_4] DressCode Frame 1: Total detections: 1
INFO:modules.dress_code_monitoring:   Counter ROI configured: False, Queue ROI configured: False
INFO:modules.dress_code_monitoring:   Allowed uniforms in counter: []
INFO:modules.dress_code_monitoring:   Detected classes: {'Hairnet': 1}
INFO:modules.dress_code_monitoring:   Detections by area: {'counter': 0, 'queue': 0, 'unknown': 0, 'everywhere': 1}
INFO:modules.dress_code_monitoring:   👔 Compliance items detected: ['Hairnet']
INFO:modules.yolo_detector:🔍 YOLO Detection Debug (call #1):
INFO:modules.yolo_detector:   - Model: models/yolo11n.pt
INFO:modules.yolo_detector:   - Person class ID expected: 0
INFO:modules.yolo_detector:   - Confidence threshold: 0.25
INFO:modules.yolo_detector:   - All detections (conf>=0.25): 9
INFO:modules.yolo_detector:   - All classes found: [(0, 0.30954283475875854), (0, 0.34530630707740784), (0, 0.35583391785621643), (0, 0.4349827766418457), (0, 0.45479893684387207), (0, 0.693672776222229), (0, 0.7698657512664795), (13, 0.2646822929382324), (56, 0.5983463525772095)]
INFO:modules.yolo_detector:   - Person detections (class=0, conf>=0.25): 7
INFO:modules.yolo_detector:   - Sample person detection: bbox=[409, 94, 485, 292], conf=0.77, center=(447, 193)
INFO:modules.yolo_detector:🔍 YOLO Detection Debug (call #1):
INFO:modules.yolo_detector:   - Model: models/yolo11n.pt
INFO:modules.yolo_detector:   - Person class ID expected: 0
INFO:modules.yolo_detector:   - Confidence threshold: 0.25
INFO:modules.yolo_detector:   - All detections (conf>=0.25): 9
INFO:modules.yolo_detector:   - All classes found: [(0, 0.30954283475875854), (0, 0.34530630707740784), (0, 0.35583391785621643), (0, 0.4349827766418457), (0, 0.45479893684387207), (0, 0.693672776222229), (0, 0.7698657512664795), (13, 0.2646822929382324), (56, 0.5983463525772095)]
INFO:modules.yolo_detector:   - Person detections (class=0, conf>=0.25): 7
INFO:modules.yolo_detector:   - Sample person detection: bbox=[409, 94, 485, 292], conf=0.77, center=(447, 193)
INFO:modules.dress_code_monitoring:[camera_5] Counter ROI not configured - detecting uniforms everywhere in frame
INFO:modules.dress_code_monitoring:📊 [camera_5] DressCode Frame 1: Total detections: 0
INFO:modules.dress_code_monitoring:   Counter ROI configured: False, Queue ROI configured: False
INFO:modules.dress_code_monitoring:   Allowed uniforms in counter: []
INFO:modules.yolo_detector:🔍 YOLO Detection Debug (call #1):
INFO:modules.yolo_detector:   - Model: models/yolo11n.pt
INFO:modules.yolo_detector:   - Person class ID expected: 0
INFO:modules.yolo_detector:   - Confidence threshold: 0.25
INFO:modules.yolo_detector:   - All detections (conf>=0.25): 6
INFO:modules.yolo_detector:   - All classes found: [(0, 0.322751522064209), (0, 0.7889485955238342), (13, 0.31719228625297546), (45, 0.29986706376075745), (56, 0.3585908114910126), (71, 0.4202120006084442)]
INFO:modules.yolo_detector:   - Person detections (class=0, conf>=0.25): 2
INFO:modules.yolo_detector:   - Sample person detection: bbox=[379, 45, 447, 181], conf=0.79, center=(413, 113)
INFO:modules.yolo_detector:🔍 YOLO Detection Debug (call #1):
INFO:modules.yolo_detector:   - Model: models/yolo11n.pt
INFO:modules.yolo_detector:   - Person class ID expected: 0
INFO:modules.yolo_detector:   - Confidence threshold: 0.25
INFO:modules.yolo_detector:   - All detections (conf>=0.25): 6
INFO:modules.yolo_detector:   - All classes found: [(0, 0.322751522064209), (0, 0.7889485955238342), (13, 0.31719228625297546), (45, 0.29986706376075745), (56, 0.3585908114910126), (71, 0.4202120006084442)]
INFO:modules.yolo_detector:   - Person detections (class=0, conf>=0.25): 2
INFO:modules.yolo_detector:   - Sample person detection: bbox=[379, 45, 447, 181], conf=0.79, center=(413, 113)
INFO:modules.dress_code_monitoring:[camera_6] Raw uniform detections from best.pt: ['Uniform_grey']
INFO:modules.dress_code_monitoring:[camera_6] Counter ROI not configured - detecting uniforms everywhere in frame
INFO:modules.dress_code_monitoring:📊 [camera_6] DressCode Frame 1: Total detections: 1
INFO:modules.dress_code_monitoring:   Counter ROI configured: False, Queue ROI configured: False
INFO:modules.dress_code_monitoring:   Allowed uniforms in counter: []
INFO:modules.dress_code_monitoring:   Detected classes: {'Uniform_grey': 1}
INFO:modules.dress_code_monitoring:   Detections by area: {'counter': 0, 'queue': 0, 'unknown': 0, 'everywhere': 1}
INFO:modules.dress_code_monitoring:   👔 Uniforms everywhere: ['Uniform_grey']
INFO:modules.dress_code_monitoring:[camera_6] Compliance check: Uniform=Uniform_grey, In counter=False
INFO:modules.dress_code_monitoring:   Is compliant: True, Violations: []
INFO:modules.dress_code_monitoring:   Allowed uniforms: []
INFO:modules.dress_code_monitoring:   Position key: Uniform_grey_800_200
INFO:modules.yolo_detector:🔍 YOLO Detection Debug (call #1):
INFO:modules.yolo_detector:   - Model: models/yolo11n.pt
INFO:modules.yolo_detector:   - Person class ID expected: 0
INFO:modules.yolo_detector:   - Confidence threshold: 0.25
INFO:modules.yolo_detector:   - All detections (conf>=0.25): 16
INFO:modules.yolo_detector:   - All classes found: [(0, 0.251850962638855), (0, 0.42626139521598816), (0, 0.5543153285980225), (0, 0.6761652231216431), (0, 0.7788596153259277), (0, 0.8021479249000549), (39, 0.2731834053993225), (41, 0.2712341547012329), (45, 0.30380523204803467), (45, 0.6895802617073059), (56, 0.28375181555747986), (56, 0.30581313371658325), (56, 0.37086954712867737), (56, 0.8155354261398315), (60, 0.588695764541626), (62, 0.4313972592353821)]
INFO:modules.yolo_detector:   - Person detections (class=0, conf>=0.25): 6
INFO:modules.yolo_detector:   - Sample person detection: bbox=[496, 234, 633, 378], conf=0.80, center=(564, 306)
INFO:modules.yolo_detector:🔍 YOLO Detection Debug (call #1):
INFO:modules.yolo_detector:   - Model: models/yolo11n.pt
INFO:modules.yolo_detector:   - Person class ID expected: 0
INFO:modules.yolo_detector:   - Confidence threshold: 0.25
INFO:modules.yolo_detector:   - All detections (conf>=0.25): 16
INFO:modules.yolo_detector:   - All classes found: [(0, 0.251850962638855), (0, 0.42626139521598816), (0, 0.5543153285980225), (0, 0.6761652231216431), (0, 0.7788596153259277), (0, 0.8021479249000549), (39, 0.2731834053993225), (41, 0.2712341547012329), (45, 0.30380523204803467), (45, 0.6895802617073059), (56, 0.28375181555747986), (56, 0.30581313371658325), (56, 0.37086954712867737), (56, 0.8155354261398315), (60, 0.588695764541626), (62, 0.4313972592353821)]
INFO:modules.yolo_detector:   - Person detections (class=0, conf>=0.25): 6
INFO:modules.yolo_detector:   - Sample person detection: bbox=[496, 234, 633, 378], conf=0.80, center=(564, 306)
INFO:modules.dress_code_monitoring:[camera_7] Raw uniform detections from best.pt: ['Uniform_grey', 'Uniform_grey', 'Uniform_grey']
INFO:modules.dress_code_monitoring:[camera_7] Counter ROI not configured - detecting uniforms everywhere in frame
INFO:modules.dress_code_monitoring:📊 [camera_7] DressCode Frame 1: Total detections: 6
INFO:modules.dress_code_monitoring:   Counter ROI configured: False, Queue ROI configured: False
INFO:modules.dress_code_monitoring:   Allowed uniforms in counter: []
INFO:modules.dress_code_monitoring:   Detected classes: {'Uniform_grey': 3, 'Hairnet': 3}
INFO:modules.dress_code_monitoring:   Detections by area: {'counter': 0, 'queue': 0, 'unknown': 0, 'everywhere': 6}
INFO:modules.dress_code_monitoring:   👔 Uniforms everywhere: ['Uniform_grey', 'Uniform_grey', 'Uniform_grey']
INFO:modules.dress_code_monitoring:   👔 Compliance items detected: ['Hairnet']
INFO:modules.dress_code_monitoring:[camera_7] Compliance check: Uniform=Uniform_grey, In counter=False
INFO:modules.dress_code_monitoring:   Is compliant: True, Violations: []
INFO:modules.dress_code_monitoring:   Allowed uniforms: []
INFO:modules.dress_code_monitoring:   Position key: Uniform_grey_300_200
INFO:modules.dress_code_monitoring:[camera_7] Compliance check: Uniform=Uniform_grey, In counter=False
INFO:modules.dress_code_monitoring:   Is compliant: True, Violations: []
INFO:modules.dress_code_monitoring:   Allowed uniforms: []
INFO:modules.dress_code_monitoring:   Position key: Uniform_grey_500_100
INFO:modules.dress_code_monitoring:[camera_7] Compliance check: Uniform=Uniform_grey, In counter=False
INFO:modules.dress_code_monitoring:   Is compliant: True, Violations: []
INFO:modules.dress_code_monitoring:   Allowed uniforms: []
INFO:modules.dress_code_monitoring:   Position key: Uniform_grey_0_200
INFO:modules.yolo_detector:🔍 YOLO Detection Debug (call #1):
INFO:modules.yolo_detector:   - Model: models/yolo11n.pt
INFO:modules.yolo_detector:   - Person class ID expected: 0
INFO:modules.yolo_detector:   - Confidence threshold: 0.25
INFO:modules.yolo_detector:   - All detections (conf>=0.25): 21
INFO:modules.yolo_detector:   - All classes found: [(0, 0.2718868851661682), (0, 0.35097068548202515), (0, 0.40051862597465515), (0, 0.43928956985473633), (0, 0.5194646120071411), (0, 0.5363273024559021), (0, 0.7818835377693176), (0, 0.8443098664283752), (0, 0.8598435521125793), (0, 0.8626050353050232), (41, 0.43216145038604736), (45, 0.26267632842063904), (45, 0.26530978083610535), (45, 0.3573596775531769), (56, 0.260087251663208), (56, 0.31967657804489136), (56, 0.32212164998054504), (56, 0.46649622917175293), (56, 0.5779935121536255), (60, 0.4769866168498993), (60, 0.7621281147003174)]
INFO:modules.yolo_detector:   - Person detections (class=0, conf>=0.25): 10
INFO:modules.yolo_detector:   - Sample person detection: bbox=[115, 386, 328, 612], conf=0.86, center=(221, 499)
INFO:modules.yolo_detector:🔍 YOLO Detection Debug (call #1):
INFO:modules.yolo_detector:   - Model: models/yolo11n.pt
INFO:modules.yolo_detector:   - Person class ID expected: 0
INFO:modules.yolo_detector:   - Confidence threshold: 0.25
INFO:modules.yolo_detector:   - All detections (conf>=0.25): 21
INFO:modules.yolo_detector:   - All classes found: [(0, 0.2718868851661682), (0, 0.35097068548202515), (0, 0.40051862597465515), (0, 0.43928956985473633), (0, 0.5194646120071411), (0, 0.5363273024559021), (0, 0.7818835377693176), (0, 0.8443098664283752), (0, 0.8598435521125793), (0, 0.8626050353050232), (41, 0.43216145038604736), (45, 0.26267632842063904), (45, 0.26530978083610535), (45, 0.3573596775531769), (56, 0.260087251663208), (56, 0.31967657804489136), (56, 0.32212164998054504), (56, 0.46649622917175293), (56, 0.5779935121536255), (60, 0.4769866168498993), (60, 0.7621281147003174)]
INFO:modules.yolo_detector:   - Person detections (class=0, conf>=0.25): 10
INFO:modules.yolo_detector:   - Sample person detection: bbox=[115, 386, 328, 612], conf=0.86, center=(221, 499)
INFO:modules.dress_code_monitoring:[camera_8] Raw uniform detections from best.pt: ['Uniform_black', 'Uniform_grey', 'Uniform_grey']
INFO:modules.dress_code_monitoring:[camera_8] Counter ROI not configured - detecting uniforms everywhere in frame
INFO:modules.dress_code_monitoring:📊 [camera_8] DressCode Frame 1: Total detections: 3
INFO:modules.dress_code_monitoring:   Counter ROI configured: False, Queue ROI configured: False
INFO:modules.dress_code_monitoring:   Allowed uniforms in counter: []
INFO:modules.dress_code_monitoring:   Detected classes: {'Uniform_black': 1, 'Uniform_grey': 2}
INFO:modules.dress_code_monitoring:   Detections by area: {'counter': 0, 'queue': 0, 'unknown': 0, 'everywhere': 3}
INFO:modules.dress_code_monitoring:   👔 Uniforms everywhere: ['Uniform_black', 'Uniform_grey', 'Uniform_grey']
INFO:modules.dress_code_monitoring:[camera_8] Compliance check: Uniform=Uniform_black, In counter=False
INFO:modules.dress_code_monitoring:   Is compliant: True, Violations: []
INFO:modules.dress_code_monitoring:   Allowed uniforms: []
INFO:modules.dress_code_monitoring:   Position key: Uniform_black_500_100
INFO:modules.dress_code_monitoring:[camera_8] Compliance check: Uniform=Uniform_grey, In counter=False
INFO:modules.dress_code_monitoring:   Is compliant: True, Violations: []
INFO:modules.dress_code_monitoring:   Allowed uniforms: []
INFO:modules.dress_code_monitoring:   Position key: Uniform_grey_1000_100
INFO:modules.dress_code_monitoring:[camera_8] Compliance check: Uniform=Uniform_grey, In counter=False
INFO:modules.dress_code_monitoring:   Is compliant: True, Violations: []
INFO:modules.dress_code_monitoring:   Allowed uniforms: []
INFO:modules.dress_code_monitoring:   Position key: Uniform_grey_1100_100
INFO:modules.yolo_detector:🔍 YOLO Detection Debug (call #1):
INFO:modules.yolo_detector:   - Model: models/yolo11n.pt
INFO:modules.yolo_detector:   - Person class ID expected: 0
INFO:modules.yolo_detector:   - Confidence threshold: 0.25
INFO:modules.yolo_detector:   - All detections (conf>=0.25): 16
INFO:modules.yolo_detector:   - All classes found: [(0, 0.30908188223838806), (0, 0.4004243016242981), (0, 0.4343528151512146), (0, 0.4855216443538666), (0, 0.6046604514122009), (0, 0.6605982184410095), (0, 0.7178982496261597), (0, 0.7328552007675171), (0, 0.7800359725952148), (0, 0.8028882145881653), (41, 0.2831851541996002), (45, 0.4428454637527466), (56, 0.4092678427696228), (56, 0.8559756875038147), (60, 0.3733818829059601), (60, 0.5348081588745117)]
INFO:modules.yolo_detector:   - Person detections (class=0, conf>=0.25): 10
INFO:modules.yolo_detector:   - Sample person detection: bbox=[616, 335, 885, 529], conf=0.80, center=(750, 432)
INFO:modules.yolo_detector:🔍 YOLO Detection Debug (call #1):
INFO:modules.yolo_detector:   - Model: models/yolo11n.pt
INFO:modules.yolo_detector:   - Person class ID expected: 0
INFO:modules.yolo_detector:   - Confidence threshold: 0.25
INFO:modules.yolo_detector:   - All detections (conf>=0.25): 16
INFO:modules.yolo_detector:   - All classes found: [(0, 0.30908188223838806), (0, 0.4004243016242981), (0, 0.4343528151512146), (0, 0.4855216443538666), (0, 0.6046604514122009), (0, 0.6605982184410095), (0, 0.7178982496261597), (0, 0.7328552007675171), (0, 0.7800359725952148), (0, 0.8028882145881653), (41, 0.2831851541996002), (45, 0.4428454637527466), (56, 0.4092678427696228), (56, 0.8559756875038147), (60, 0.3733818829059601), (60, 0.5348081588745117)]
INFO:modules.yolo_detector:   - Person detections (class=0, conf>=0.25): 10
INFO:modules.yolo_detector:   - Sample person detection: bbox=[616, 335, 885, 529], conf=0.80, center=(750, 432)
INFO:modules.dress_code_monitoring:[camera_9] Counter ROI not configured - detecting uniforms everywhere in frame
INFO:modules.dress_code_monitoring:📊 [camera_9] DressCode Frame 1: Total detections: 0
INFO:modules.dress_code_monitoring:   Counter ROI configured: False, Queue ROI configured: False
INFO:modules.dress_code_monitoring:   Allowed uniforms in counter: []
INFO:modules.ppe_monitoring:🔍 PPE Monitoring: Processing first frame for channel camera_9, frame shape: (720, 1280, 3)
INFO:modules.ppe_monitoring:🔍 PPE Frame 1: Running detection on frame shape=(720, 1280, 3)
INFO:modules.ppe_monitoring:📊 PPE Frame 1: Total detections: 0
INFO:modules.ppe_monitoring:   Detected PPE classes: set()
INFO:modules.ppe_monitoring:🔍 PPE Compliance Check Frame 1: is_compliant=True, violations=[]
INFO:modules.dress_code_monitoring:[camera_10] Counter ROI not configured - detecting uniforms everywhere in frame
INFO:modules.dress_code_monitoring:📊 [camera_10] DressCode Frame 1: Total detections: 8
INFO:modules.dress_code_monitoring:   Counter ROI configured: False, Queue ROI configured: False
INFO:modules.dress_code_monitoring:   Allowed uniforms in counter: []
INFO:modules.dress_code_monitoring:   Detected classes: {'Hairnet': 7, 'Apron': 1}
INFO:modules.dress_code_monitoring:   Detections by area: {'counter': 0, 'queue': 0, 'unknown': 0, 'everywhere': 8}
INFO:modules.dress_code_monitoring:   👔 Compliance items detected: ['Hairnet', 'Apron']
INFO:modules.ppe_monitoring:🔍 PPE Monitoring: Processing first frame for channel camera_10, frame shape: (720, 1280, 3)
INFO:modules.ppe_monitoring:🔍 PPE Frame 1: Running detection on frame shape=(720, 1280, 3)
INFO:modules.ppe_monitoring:📊 PPE Frame 1: Total detections: 8
INFO:modules.ppe_monitoring:   Detected PPE classes: {'Apron', 'Hairnet'}
INFO:modules.ppe_monitoring:   All detected classes in frame: {'Apron', 'Hairnet'}
INFO:modules.ppe_monitoring:🔍 PPE Compliance Check Frame 1: is_compliant=True, violations=[]
INFO:modules.dress_code_monitoring:[camera_12] Counter ROI not configured - detecting uniforms everywhere in frame
INFO:modules.dress_code_monitoring:📊 [camera_12] DressCode Frame 1: Total detections: 0
INFO:modules.dress_code_monitoring:   Counter ROI configured: False, Queue ROI configured: False
INFO:modules.dress_code_monitoring:   Allowed uniforms in counter: []
INFO:modules.material_theft_monitor:[camera_15] MaterialTheftMonitor: Processing first frame, shape=(720, 1280, 3)
INFO:modules.material_theft_monitor:[camera_15] ROI points: [[1055.55     536.4667 ]
 [ 951.55     452.46667]
 [1101.55     347.46667]
 [1228.55     413.46667]]
INFO:modules.material_theft_monitor:[camera_15] Settings: target_class=weighing_machine_item, cooldown=180.0s
INFO:modules.material_theft_monitor:[camera_15] MaterialTheft Frame 1: item_detected=False, prev_detected=False, persons_nearby=False, cooldown_remaining=0.0s
INFO:modules.material_theft_monitor:[camera_15] ✅ ROI points in pixels: [[1055, 536], [951, 452], [1101, 347], [1228, 413]]
INFO:modules.dress_code_monitoring:[camera_20] Counter ROI not configured - detecting uniforms everywhere in frame
INFO:modules.dress_code_monitoring:📊 [camera_20] DressCode Frame 1: Total detections: 0
INFO:modules.dress_code_monitoring:   Counter ROI configured: False, Queue ROI configured: False
INFO:modules.dress_code_monitoring:   Allowed uniforms in counter: []
INFO:modules.ppe_monitoring:🔍 PPE Monitoring: Processing first frame for channel camera_20, frame shape: (720, 1280, 3)
INFO:modules.ppe_monitoring:🔍 PPE Frame 1: Running detection on frame shape=(720, 1280, 3)
INFO:modules.ppe_monitoring:📊 PPE Frame 1: Total detections: 0
INFO:modules.ppe_monitoring:   Detected PPE classes: set()
INFO:modules.ppe_monitoring:🔍 PPE Compliance Check Frame 1: is_compliant=True, violations=[]
INFO:modules.yolo_detector:🔍 YOLO Detection Debug (call #1):
INFO:modules.yolo_detector:   - Model: models/yolo11n.pt
INFO:modules.yolo_detector:   - Person class ID expected: 0
INFO:modules.yolo_detector:   - Confidence threshold: 0.25
INFO:modules.yolo_detector:   - All detections (conf>=0.25): 4
INFO:modules.yolo_detector:   - All classes found: [(0, 0.2784482538700104), (0, 0.32899707555770874), (0, 0.39325472712516785), (0, 0.41549623012542725)]
INFO:modules.yolo_detector:   - Person detections (class=0, conf>=0.25): 4
INFO:modules.yolo_detector:   - Sample person detection: bbox=[519, 71, 579, 291], conf=0.42, center=(549, 181)
INFO:modules.yolo_detector:🔍 YOLO Detection Debug (call #1):
INFO:modules.yolo_detector:   - Model: models/yolo11n.pt
INFO:modules.yolo_detector:   - Person class ID expected: 0
INFO:modules.yolo_detector:   - Confidence threshold: 0.25
INFO:modules.yolo_detector:   - All detections (conf>=0.25): 4
INFO:modules.yolo_detector:   - All classes found: [(0, 0.2784482538700104), (0, 0.32899707555770874), (0, 0.39325472712516785), (0, 0.41549623012542725)]
INFO:modules.yolo_detector:   - Person detections (class=0, conf>=0.25): 4
INFO:modules.yolo_detector:   - Sample person detection: bbox=[519, 71, 579, 291], conf=0.42, center=(549, 181)
INFO:modules.yolo_detector:🔍 YOLO Detection Debug (call #1):
INFO:modules.yolo_detector:   - Model: models/yolo11n.pt
INFO:modules.yolo_detector:   - Person class ID expected: 0
INFO:modules.yolo_detector:   - Confidence threshold: 0.25
INFO:modules.yolo_detector:   - All detections (conf>=0.25): 2
INFO:modules.yolo_detector:   - All classes found: [(0, 0.5197818875312805), (0, 0.5276331305503845)]
INFO:modules.yolo_detector:   - Person detections (class=0, conf>=0.25): 2
INFO:modules.yolo_detector:   - Sample person detection: bbox=[590, 132, 693, 337], conf=0.53, center=(641, 234)
INFO:modules.yolo_detector:🔍 YOLO Detection Debug (call #1):
INFO:modules.yolo_detector:   - Model: models/yolo11n.pt
INFO:modules.yolo_detector:   - Person class ID expected: 0
INFO:modules.yolo_detector:   - Confidence threshold: 0.25
INFO:modules.yolo_detector:   - All detections (conf>=0.25): 5
INFO:modules.yolo_detector:   - All classes found: [(0, 0.4272097945213318), (0, 0.8298371434211731), (56, 0.26400288939476013), (56, 0.6838065981864929), (57, 0.40613076090812683)]
INFO:modules.yolo_detector:   - Person detections (class=0, conf>=0.25): 2
INFO:modules.yolo_detector:   - Sample person detection: bbox=[501, 474, 648, 719], conf=0.83, center=(574, 596)
INFO:modules.yolo_detector:🔍 YOLO Detection Debug (call #1):
INFO:modules.yolo_detector:   - Model: models/yolo11n.pt
INFO:modules.yolo_detector:   - Person class ID expected: 0
INFO:modules.yolo_detector:   - Confidence threshold: 0.25
INFO:modules.yolo_detector:   - All detections (conf>=0.25): 5
INFO:modules.yolo_detector:   - All classes found: [(0, 0.4272097945213318), (0, 0.8298371434211731), (56, 0.26400288939476013), (56, 0.6838065981864929), (57, 0.40613076090812683)]
INFO:modules.yolo_detector:   - Person detections (class=0, conf>=0.25): 2
INFO:modules.yolo_detector:   - Sample person detection: bbox=[501, 474, 648, 719], conf=0.83, center=(574, 596)
INFO:modules.queue_monitor:  Detection: bbox=[767, 61, 1144, 600], center=(955, 330), bottom_right=(1144, 600), area=none
INFO:modules.queue_monitor:  Detection: bbox=[70, 47, 326, 566], center=(198, 306), bottom_right=(326, 566), area=none
INFO:modules.queue_monitor:  Detection: bbox=[983, 239, 1279, 714], center=(1131, 476), bottom_right=(1279, 714), area=none
INFO:modules.queue_monitor:  Detection: bbox=[809, 2, 927, 297], center=(868, 149), bottom_right=(927, 297), area=none
INFO:modules.queue_monitor:  Detection: bbox=[1, 34, 38, 131], center=(19, 82), bottom_right=(38, 131), area=none
INFO:modules.queue_monitor:[camera_1] Frame 2 detections:
INFO:modules.queue_monitor:  total=5, queue=0, counter=0, outside=5
INFO:modules.queue_monitor:  Queue ROI configured: False
INFO:modules.queue_monitor:  Counter ROI configured: False
INFO:modules.queue_monitor:  All detections classification:
INFO:modules.queue_monitor:    Det 1: bbox=[767, 61, 1144, 600], center=(955, 330), area=none
INFO:modules.queue_monitor:    Det 2: bbox=[70, 47, 326, 566], center=(198, 306), area=none
INFO:modules.queue_monitor:    Det 3: bbox=[983, 239, 1279, 714], center=(1131, 476), area=none
INFO:modules.queue_monitor:    Det 4: bbox=[809, 2, 927, 297], center=(868, 149), area=none
INFO:modules.queue_monitor:    Det 5: bbox=[1, 34, 38, 131], center=(19, 82), area=none
INFO:modules.queue_monitor:[camera_1] Queue tracking debug (Frame 2):
INFO:modules.queue_monitor:  Detections passed to tracking: 0
INFO:modules.queue_monitor:  Active tracks in queue area: 0
INFO:modules.queue_monitor:  Dwell time threshold: 5.0s
INFO:modules.queue_monitor:  Final count: 0
INFO:modules.queue_monitor:[camera_1] Frame 2 tracking results:
INFO:modules.queue_monitor:  Counter detections passed to tracking: 0
INFO:modules.queue_monitor:  Counter count after tracking: 0
INFO:modules.queue_monitor:  Dwell time threshold: 0.0
INFO:modules.queue_monitor:  Uniform fallback enabled: True
INFO:modules.dress_code_monitoring:[camera_1] Counter ROI not configured - detecting uniforms everywhere in frame
INFO:modules.dress_code_monitoring:📊 [camera_1] DressCode Frame 2: Total detections: 0
INFO:modules.dress_code_monitoring:   Counter ROI configured: False, Queue ROI configured: False
INFO:modules.dress_code_monitoring:   Allowed uniforms in counter: []
INFO:modules.queue_monitor:  Detection: bbox=[1000, 219, 1279, 713], center=(1139, 466), bottom_right=(1279, 713), area=none
INFO:modules.queue_monitor:  Detection: bbox=[129, 491, 477, 716], center=(303, 603), bottom_right=(477, 716), area=none
INFO:modules.queue_monitor:  Detection: bbox=[459, 575, 714, 715], center=(586, 645), bottom_right=(714, 715), area=none
INFO:modules.queue_monitor:[camera_2] Frame 2 detections:
INFO:modules.queue_monitor:  total=3, queue=0, counter=0, outside=3
INFO:modules.queue_monitor:  Queue ROI configured: False
INFO:modules.queue_monitor:  Counter ROI configured: False
INFO:modules.queue_monitor:  All detections classification:
INFO:modules.queue_monitor:    Det 1: bbox=[1000, 219, 1279, 713], center=(1139, 466), area=none
INFO:modules.queue_monitor:    Det 2: bbox=[129, 491, 477, 716], center=(303, 603), area=none
INFO:modules.queue_monitor:    Det 3: bbox=[459, 575, 714, 715], center=(586, 645), area=none
INFO:modules.queue_monitor:[camera_2] Queue tracking debug (Frame 2):
INFO:modules.queue_monitor:  Detections passed to tracking: 0
INFO:modules.queue_monitor:  Active tracks in queue area: 0
INFO:modules.queue_monitor:  Dwell time threshold: 5.0s
INFO:modules.queue_monitor:  Final count: 0
INFO:modules.queue_monitor:[camera_2] Frame 2 tracking results:
INFO:modules.queue_monitor:  Counter detections passed to tracking: 0
INFO:modules.queue_monitor:  Counter count after tracking: 0
INFO:modules.queue_monitor:  Dwell time threshold: 0.0
INFO:modules.queue_monitor:  Uniform fallback enabled: True
INFO:modules.dress_code_monitoring:[camera_2] Raw uniform detections from best.pt: ['Uniform_grey']
INFO:modules.dress_code_monitoring:[camera_2] Counter ROI not configured - detecting uniforms everywhere in frame
INFO:modules.dress_code_monitoring:📊 [camera_2] DressCode Frame 2: Total detections: 1
INFO:modules.dress_code_monitoring:   Counter ROI configured: False, Queue ROI configured: False
INFO:modules.dress_code_monitoring:   Allowed uniforms in counter: []
INFO:modules.dress_code_monitoring:   Detected classes: {'Uniform_grey': 1}
INFO:modules.dress_code_monitoring:   Detections by area: {'counter': 0, 'queue': 0, 'unknown': 0, 'everywhere': 1}
INFO:modules.dress_code_monitoring:   👔 Uniforms everywhere: ['Uniform_grey']
INFO:modules.dress_code_monitoring:[camera_2] Compliance check: Uniform=Uniform_grey, In counter=False
INFO:modules.dress_code_monitoring:   Is compliant: True, Violations: []
INFO:modules.dress_code_monitoring:   Allowed uniforms: []
INFO:modules.dress_code_monitoring:   Position key: Uniform_grey_200_600
INFO:modules.cash_detection:[camera_2] 💰🗄️ ALERT: Cashdraw-open detected! Starting GIF recording...
INFO:modules.gif_recorder:Started alert GIF recording for: ALERT: Cashdraw-open detected
INFO:modules.cash_detection:[camera_2] ✅ GIF recording started, _pending_alert_info set: message='ALERT: Cashdraw-open detected', timestamp='2026-03-14T15:00:27.407121'
INFO:modules.cash_detection:[camera_2] 📊 GIF recorder state: is_recording_alert=True
INFO:modules.database:Cash snapshot saved to database: ID 19
WARNING:modules.telegram_notifier:Could not resolve image path: static/cash_snapshots/cash_camera_2_20260314_150027.gif
WARNING:modules.telegram_notifier:Skipping Telegram alert - image file not found: static/cash_snapshots/cash_camera_2_20260314_150027.gif (resolved: None)
INFO:modules.cash_detection:[camera_2] Cash snapshot record created in database: ID 19 (GIF recording in progress)
INFO:modules.dress_code_monitoring:[camera_4] Counter ROI not configured - detecting uniforms everywhere in frame
INFO:modules.dress_code_monitoring:📊 [camera_4] DressCode Frame 2: Total detections: 1
INFO:modules.dress_code_monitoring:   Counter ROI configured: False, Queue ROI configured: False
INFO:modules.dress_code_monitoring:   Allowed uniforms in counter: []
INFO:modules.dress_code_monitoring:   Detected classes: {'Hairnet': 1}
INFO:modules.dress_code_monitoring:   Detections by area: {'counter': 0, 'queue': 0, 'unknown': 0, 'everywhere': 1}
INFO:modules.dress_code_monitoring:   👔 Compliance items detected: ['Hairnet']
INFO:modules.yolo_detector:🔍 YOLO Detection Debug (call #2):
INFO:modules.yolo_detector:   - Model: models/yolo11n.pt
INFO:modules.yolo_detector:   - Person class ID expected: 0
INFO:modules.yolo_detector:   - Confidence threshold: 0.25
INFO:modules.yolo_detector:   - All detections (conf>=0.25): 8
INFO:modules.yolo_detector:   - All classes found: [(0, 0.28287172317504883), (0, 0.32279172539711), (0, 0.3402976989746094), (0, 0.420300155878067), (0, 0.42296579480171204), (0, 0.5152485966682434), (0, 0.7634382247924805), (0, 0.7758179903030396)]
INFO:modules.yolo_detector:   - Person detections (class=0, conf>=0.25): 8
INFO:modules.yolo_detector:   - Sample person detection: bbox=[406, 96, 481, 292], conf=0.78, center=(443, 194)
INFO:modules.dress_code_monitoring:[camera_5] Counter ROI not configured - detecting uniforms everywhere in frame
INFO:modules.dress_code_monitoring:📊 [camera_5] DressCode Frame 2: Total detections: 0
INFO:modules.dress_code_monitoring:   Counter ROI configured: False, Queue ROI configured: False
INFO:modules.dress_code_monitoring:   Allowed uniforms in counter: []
INFO:modules.yolo_detector:🔍 YOLO Detection Debug (call #2):
INFO:modules.yolo_detector:   - Model: models/yolo11n.pt
INFO:modules.yolo_detector:   - Person class ID expected: 0
INFO:modules.yolo_detector:   - Confidence threshold: 0.25
INFO:modules.yolo_detector:   - All detections (conf>=0.25): 4
INFO:modules.yolo_detector:   - All classes found: [(0, 0.2902504801750183), (0, 0.3029399812221527), (0, 0.4086766541004181), (0, 0.7370222806930542)]
INFO:modules.yolo_detector:   - Person detections (class=0, conf>=0.25): 4
INFO:modules.yolo_detector:   - Sample person detection: bbox=[378, 43, 444, 179], conf=0.74, center=(411, 111)
INFO:modules.dress_code_monitoring:[camera_6] Raw uniform detections from best.pt: ['Uniform_grey']
INFO:modules.dress_code_monitoring:[camera_6] Counter ROI not configured - detecting uniforms everywhere in frame
INFO:modules.dress_code_monitoring:📊 [camera_6] DressCode Frame 2: Total detections: 2
INFO:modules.dress_code_monitoring:   Counter ROI configured: False, Queue ROI configured: False
INFO:modules.dress_code_monitoring:   Allowed uniforms in counter: []
INFO:modules.dress_code_monitoring:   Detected classes: {'Uniform_grey': 1, 'Hairnet': 1}
INFO:modules.dress_code_monitoring:   Detections by area: {'counter': 0, 'queue': 0, 'unknown': 0, 'everywhere': 2}
INFO:modules.dress_code_monitoring:   👔 Uniforms everywhere: ['Uniform_grey']
INFO:modules.dress_code_monitoring:   👔 Compliance items detected: ['Hairnet']
INFO:modules.dress_code_monitoring:[camera_6] Compliance check: Uniform=Uniform_grey, In counter=False
INFO:modules.dress_code_monitoring:   Is compliant: True, Violations: []
INFO:modules.dress_code_monitoring:   Allowed uniforms: []
INFO:modules.dress_code_monitoring:   Position key: Uniform_grey_800_200
INFO:modules.yolo_detector:🔍 YOLO Detection Debug (call #2):
INFO:modules.yolo_detector:   - Model: models/yolo11n.pt
INFO:modules.yolo_detector:   - Person class ID expected: 0
INFO:modules.yolo_detector:   - Confidence threshold: 0.25
INFO:modules.yolo_detector:   - All detections (conf>=0.25): 7
INFO:modules.yolo_detector:   - All classes found: [(0, 0.32572808861732483), (0, 0.3613736629486084), (0, 0.43200770020484924), (0, 0.5709787011146545), (0, 0.6281262040138245), (0, 0.8032439351081848), (0, 0.8836145401000977)]
INFO:modules.yolo_detector:   - Person detections (class=0, conf>=0.25): 7
INFO:modules.yolo_detector:   - Sample person detection: bbox=[777, 201, 943, 468], conf=0.88, center=(860, 334)
INFO:modules.dress_code_monitoring:[camera_7] Raw uniform detections from best.pt: ['Uniform_grey', 'Uniform_grey', 'Uniform_grey']
INFO:modules.dress_code_monitoring:[camera_7] Counter ROI not configured - detecting uniforms everywhere in frame
INFO:modules.dress_code_monitoring:📊 [camera_7] DressCode Frame 2: Total detections: 7
INFO:modules.dress_code_monitoring:   Counter ROI configured: False, Queue ROI configured: False
INFO:modules.dress_code_monitoring:   Allowed uniforms in counter: []
INFO:modules.dress_code_monitoring:   Detected classes: {'Uniform_grey': 3, 'Hairnet': 4}
INFO:modules.dress_code_monitoring:   Detections by area: {'counter': 0, 'queue': 0, 'unknown': 0, 'everywhere': 7}
INFO:modules.dress_code_monitoring:   👔 Uniforms everywhere: ['Uniform_grey', 'Uniform_grey', 'Uniform_grey']
INFO:modules.dress_code_monitoring:   👔 Compliance items detected: ['Hairnet']
INFO:modules.dress_code_monitoring:[camera_7] Compliance check: Uniform=Uniform_grey, In counter=False
INFO:modules.dress_code_monitoring:   Is compliant: True, Violations: []
INFO:modules.dress_code_monitoring:   Allowed uniforms: []
INFO:modules.dress_code_monitoring:   Position key: Uniform_grey_300_200
INFO:modules.dress_code_monitoring:[camera_7] Compliance check: Uniform=Uniform_grey, In counter=False
INFO:modules.dress_code_monitoring:   Is compliant: True, Violations: []
INFO:modules.dress_code_monitoring:   Allowed uniforms: []
INFO:modules.dress_code_monitoring:   Position key: Uniform_grey_500_100
INFO:modules.dress_code_monitoring:[camera_7] Compliance check: Uniform=Uniform_grey, In counter=False
INFO:modules.dress_code_monitoring:   Is compliant: True, Violations: []
INFO:modules.dress_code_monitoring:   Allowed uniforms: []
INFO:modules.dress_code_monitoring:   Position key: Uniform_grey_0_200
INFO:modules.yolo_detector:🔍 YOLO Detection Debug (call #2):
INFO:modules.yolo_detector:   - Model: models/yolo11n.pt
INFO:modules.yolo_detector:   - Person class ID expected: 0
INFO:modules.yolo_detector:   - Confidence threshold: 0.25
INFO:modules.yolo_detector:   - All detections (conf>=0.25): 11
INFO:modules.yolo_detector:   - All classes found: [(0, 0.2845596969127655), (0, 0.3835376799106598), (0, 0.42416471242904663), (0, 0.4277553856372833), (0, 0.4890788495540619), (0, 0.4897838234901428), (0, 0.5145507454872131), (0, 0.8357148170471191), (0, 0.8467040061950684), (0, 0.8678932189941406), (0, 0.8700982928276062)]
INFO:modules.yolo_detector:   - Person detections (class=0, conf>=0.25): 11
INFO:modules.yolo_detector:   - Sample person detection: bbox=[778, 312, 1006, 547], conf=0.87, center=(892, 429)
ERROR from src: Could not open resource for reading and writing.
Debug info: ../gst/rtsp/gstrtspsrc.c(8442): gst_rtspsrc_retrieve_sdp (): /GstPipeline:sakshiai-pipeline/GstDsNvUriSrcBin:src_2/GstRTSPSrc:src:
Failed to connect. (Timeout while waiting for server response)
ERROR from src: Could not read from resource.
Debug info: ../gst/rtsp/gstrtspsrc.c(6790): gst_rtsp_src_receive_response (): /GstPipeline:sakshiai-pipeline/GstDsNvUriSrcBin:src_15/GstRTSPSrc:src:
Could not receive message. (Timeout while waiting for server response)
ERROR from src: Could not read from resource.
Debug info: ../gst/rtsp/gstrtspsrc.c(6888): gst_rtspsrc_try_send (): /GstPipeline:sakshiai-pipeline/GstDsNvUriSrcBin:src_15/GstRTSPSrc:src:
Could not receive message. (Timeout while waiting for server response)
ERROR from src: Could not write to resource.
Debug info: ../gst/rtsp/gstrtspsrc.c(7983): gst_rtspsrc_setup_streams_start (): /GstPipeline:sakshiai-pipeline/GstDsNvUriSrcBin:src_15/GstRTSPSrc:src:
Could not send message. (Timeout while waiting for server response)
ERROR from src: Could not read from resource.
Debug info: ../gst/rtsp/gstrtspsrc.c(6790): gst_rtsp_src_receive_response (): /GstPipeline:sakshiai-pipeline/GstDsNvUriSrcBin:src_21/GstRTSPSrc:src:
Could not receive message. (Timeout while waiting for server response)
ERROR from src: Could not read from resource.
Debug info: ../gst/rtsp/gstrtspsrc.c(6888): gst_rtspsrc_try_send (): /GstPipeline:sakshiai-pipeline/GstDsNvUriSrcBin:src_21/GstRTSPSrc:src:
Could not receive message. (Timeout while waiting for server response)
ERROR from src: Could not write to resource.
Debug info: ../gst/rtsp/gstrtspsrc.c(9216): gst_rtspsrc_play (): /GstPipeline:sakshiai-pipeline/GstDsNvUriSrcBin:src_21/GstRTSPSrc:src:
Could not send message. (Timeout while waiting for server response)
INFO:modules.dress_code_monitoring:[camera_8] Raw uniform detections from best.pt: ['Uniform_black', 'Uniform_grey']
INFO:modules.dress_code_monitoring:[camera_8] Counter ROI not configured - detecting uniforms everywhere in frame
INFO:modules.dress_code_monitoring:📊 [camera_8] DressCode Frame 2: Total detections: 2
INFO:modules.dress_code_monitoring:   Counter ROI configured: False, Queue ROI configured: False
INFO:modules.dress_code_monitoring:   Allowed uniforms in counter: []
INFO:modules.dress_code_monitoring:   Detected classes: {'Uniform_black': 1, 'Uniform_grey': 1}
INFO:modules.dress_code_monitoring:   Detections by area: {'counter': 0, 'queue': 0, 'unknown': 0, 'everywhere': 2}
INFO:modules.dress_code_monitoring:   👔 Uniforms everywhere: ['Uniform_black', 'Uniform_grey']
INFO:modules.dress_code_monitoring:[camera_8] Compliance check: Uniform=Uniform_black, In counter=False
INFO:modules.dress_code_monitoring:   Is compliant: True, Violations: []
INFO:modules.dress_code_monitoring:   Allowed uniforms: []
INFO:modules.dress_code_monitoring:   Position key: Uniform_black_500_100
INFO:modules.dress_code_monitoring:[camera_8] Compliance check: Uniform=Uniform_grey, In counter=False
INFO:modules.dress_code_monitoring:   Is compliant: True, Violations: []
INFO:modules.dress_code_monitoring:   Allowed uniforms: []
INFO:modules.dress_code_monitoring:   Position key: Uniform_grey_1000_100
INFO:modules.yolo_detector:🔍 YOLO Detection Debug (call #2):
INFO:modules.yolo_detector:   - Model: models/yolo11n.pt
INFO:modules.yolo_detector:   - Person class ID expected: 0
INFO:modules.yolo_detector:   - Confidence threshold: 0.25
INFO:modules.yolo_detector:   - All detections (conf>=0.25): 10
INFO:modules.yolo_detector:   - All classes found: [(0, 0.4330858588218689), (0, 0.4457396864891052), (0, 0.5052738785743713), (0, 0.5148255228996277), (0, 0.5933589339256287), (0, 0.6290139555931091), (0, 0.6974643468856812), (0, 0.7369111180305481), (0, 0.7747094631195068), (0, 0.8009227514266968)]
INFO:modules.yolo_detector:   - Person detections (class=0, conf>=0.25): 10
INFO:modules.yolo_detector:   - Sample person detection: bbox=[615, 335, 885, 529], conf=0.80, center=(750, 432)
INFO:modules.dress_code_monitoring:[camera_9] Counter ROI not configured - detecting uniforms everywhere in frame
INFO:modules.dress_code_monitoring:📊 [camera_9] DressCode Frame 2: Total detections: 0
INFO:modules.dress_code_monitoring:   Counter ROI configured: False, Queue ROI configured: False
INFO:modules.dress_code_monitoring:   Allowed uniforms in counter: []
INFO:modules.ppe_monitoring:🔍 PPE Frame 2: Running detection on frame shape=(720, 1280, 3)
INFO:modules.ppe_monitoring:📊 PPE Frame 2: Total detections: 0
INFO:modules.ppe_monitoring:   Detected PPE classes: set()
INFO:modules.ppe_monitoring:🔍 PPE Compliance Check Frame 2: is_compliant=True, violations=[]
INFO:modules.dress_code_monitoring:[camera_10] Counter ROI not configured - detecting uniforms everywhere in frame
INFO:modules.dress_code_monitoring:📊 [camera_10] DressCode Frame 2: Total detections: 7
INFO:modules.dress_code_monitoring:   Counter ROI configured: False, Queue ROI configured: False
INFO:modules.dress_code_monitoring:   Allowed uniforms in counter: []
INFO:modules.dress_code_monitoring:   Detected classes: {'Hairnet': 6, 'Apron': 1}
INFO:modules.dress_code_monitoring:   Detections by area: {'counter': 0, 'queue': 0, 'unknown': 0, 'everywhere': 7}
INFO:modules.dress_code_monitoring:   👔 Compliance items detected: ['Hairnet', 'Apron']
INFO:modules.ppe_monitoring:🔍 PPE Frame 2: Running detection on frame shape=(720, 1280, 3)
INFO:modules.ppe_monitoring:📊 PPE Frame 2: Total detections: 7
INFO:modules.ppe_monitoring:   Detected PPE classes: {'Apron', 'Hairnet'}
INFO:modules.ppe_monitoring:   All detected classes in frame: {'Apron', 'Hairnet'}
INFO:modules.ppe_monitoring:🔍 PPE Compliance Check Frame 2: is_compliant=True, violations=[]
INFO:modules.dress_code_monitoring:[camera_12] Counter ROI not configured - detecting uniforms everywhere in frame
INFO:modules.dress_code_monitoring:📊 [camera_12] DressCode Frame 2: Total detections: 0
INFO:modules.dress_code_monitoring:   Counter ROI configured: False, Queue ROI configured: False
INFO:modules.dress_code_monitoring:   Allowed uniforms in counter: []
INFO:modules.material_theft_monitor:[camera_15] MaterialTheft Frame 2: item_detected=False, prev_detected=False, persons_nearby=False, cooldown_remaining=0.0s
INFO:modules.yolo_detector:🔍 YOLO Detection Debug (call #2):
INFO:modules.yolo_detector:   - Model: models/yolo11n.pt
INFO:modules.yolo_detector:   - Person class ID expected: 0
INFO:modules.yolo_detector:   - Confidence threshold: 0.25
INFO:modules.yolo_detector:   - All detections (conf>=0.25): 6
INFO:modules.yolo_detector:   - All classes found: [(0, 0.27290692925453186), (0, 0.2804013788700104), (0, 0.29432231187820435), (0, 0.3046169877052307), (0, 0.30469536781311035), (0, 0.6782099008560181)]
INFO:modules.yolo_detector:   - Person detections (class=0, conf>=0.25): 6
INFO:modules.yolo_detector:   - Sample person detection: bbox=[520, 72, 580, 292], conf=0.68, center=(550, 182)
INFO:modules.yolo_detector:🔍 YOLO Detection Debug (call #2):
INFO:modules.yolo_detector:   - Model: models/yolo11n.pt
INFO:modules.yolo_detector:   - Person class ID expected: 0
INFO:modules.yolo_detector:   - Confidence threshold: 0.25
INFO:modules.yolo_detector:   - All detections (conf>=0.25): 1
INFO:modules.yolo_detector:   - All classes found: [(0, 0.8393446803092957)]
INFO:modules.yolo_detector:   - Person detections (class=0, conf>=0.25): 1
INFO:modules.yolo_detector:   - Sample person detection: bbox=[500, 472, 646, 718], conf=0.84, center=(573, 595)
INFO:modules.dress_code_monitoring:[camera_20] Counter ROI not configured - detecting uniforms everywhere in frame
INFO:modules.dress_code_monitoring:📊 [camera_20] DressCode Frame 2: Total detections: 0
INFO:modules.dress_code_monitoring:   Counter ROI configured: False, Queue ROI configured: False
INFO:modules.dress_code_monitoring:   Allowed uniforms in counter: []
INFO:modules.ppe_monitoring:🔍 PPE Frame 2: Running detection on frame shape=(720, 1280, 3)
INFO:modules.ppe_monitoring:📊 PPE Frame 2: Total detections: 0
INFO:modules.ppe_monitoring:   Detected PPE classes: set()
INFO:modules.ppe_monitoring:🔍 PPE Compliance Check Frame 2: is_compliant=True, violations=[]
INFO:modules.yolo_detector:🔍 YOLO Detection Debug (call #2):
INFO:modules.yolo_detector:   - Model: models/yolo11n.pt
INFO:modules.yolo_detector:   - Person class ID expected: 0
INFO:modules.yolo_detector:   - Confidence threshold: 0.25
INFO:modules.yolo_detector:   - All detections (conf>=0.25): 2
INFO:modules.yolo_detector:   - All classes found: [(0, 0.580489993095398), (0, 0.6292843222618103)]
INFO:modules.yolo_detector:   - Person detections (class=0, conf>=0.25): 2
INFO:modules.yolo_detector:   - Sample person detection: bbox=[591, 132, 694, 337], conf=0.63, center=(642, 234)
INFO:modules.yolo_detector:🔍 YOLO Detection Debug (call #1):
INFO:modules.yolo_detector:   - Model: models/yolo11n.pt
INFO:modules.yolo_detector:   - Person class ID expected: 0
INFO:modules.yolo_detector:   - Confidence threshold: 0.25
INFO:modules.yolo_detector:   - All detections (conf>=0.25): 3
INFO:modules.yolo_detector:   - All classes found: [(0, 0.32652124762535095), (0, 0.7549110651016235), (57, 0.297297865152359)]
INFO:modules.yolo_detector:   - Person detections (class=0, conf>=0.25): 2
INFO:modules.yolo_detector:   - Sample person detection: bbox=[659, 386, 780, 643], conf=0.75, center=(719, 514)
INFO:modules.yolo_detector:🔍 YOLO Detection Debug (call #1):
INFO:modules.yolo_detector:   - Model: models/yolo11n.pt
INFO:modules.yolo_detector:   - Person class ID expected: 0
INFO:modules.yolo_detector:   - Confidence threshold: 0.25
INFO:modules.yolo_detector:   - All detections (conf>=0.25): 3
INFO:modules.yolo_detector:   - All classes found: [(0, 0.32652124762535095), (0, 0.7549110651016235), (57, 0.297297865152359)]
INFO:modules.yolo_detector:   - Person detections (class=0, conf>=0.25): 2
INFO:modules.yolo_detector:   - Sample person detection: bbox=[659, 386, 780, 643], conf=0.75, center=(719, 514)
INFO:modules.yolo_detector:🔍 YOLO Detection Debug (call #2):
INFO:modules.yolo_detector:   - Model: models/yolo11n.pt
INFO:modules.yolo_detector:   - Person class ID expected: 0
INFO:modules.yolo_detector:   - Confidence threshold: 0.5
INFO:modules.yolo_detector:   - All detections (conf>=0.25): 7
INFO:modules.yolo_detector:   - All classes found: [(0, 0.38621145486831665), (0, 0.5161817669868469), (0, 0.5771933197975159), (0, 0.7210553884506226), (0, 0.8418022990226746), (0, 0.883121132850647), (0, 0.9113207459449768)]
INFO:modules.yolo_detector:   - Person detections (class=0, conf>=0.5): 6
INFO:modules.yolo_detector:   - Sample person detection: bbox=[773, 55, 1081, 590], conf=0.91, center=(927, 322)
INFO:modules.queue_monitor:  Detection: bbox=[773, 55, 1081, 590], center=(927, 322), bottom_right=(1081, 590), area=none
INFO:modules.queue_monitor:  Detection: bbox=[72, 46, 325, 565], center=(198, 305), bottom_right=(325, 565), area=none
INFO:modules.queue_monitor:  Detection: bbox=[978, 239, 1279, 714], center=(1128, 476), bottom_right=(1279, 714), area=none
INFO:modules.queue_monitor:  Detection: bbox=[807, 1, 930, 299], center=(868, 150), bottom_right=(930, 299), area=none
INFO:modules.queue_monitor:  Detection: bbox=[0, 106, 31, 308], center=(15, 207), bottom_right=(31, 308), area=none
INFO:modules.queue_monitor:  Detection: bbox=[1, 34, 38, 129], center=(19, 81), bottom_right=(38, 129), area=none
INFO:modules.queue_monitor:[camera_1] Frame 3 detections:
INFO:modules.queue_monitor:  total=6, queue=0, counter=0, outside=6
INFO:modules.queue_monitor:  Queue ROI configured: False
INFO:modules.queue_monitor:  Counter ROI configured: False
INFO:modules.queue_monitor:  All detections classification:
INFO:modules.queue_monitor:    Det 1: bbox=[773, 55, 1081, 590], center=(927, 322), area=none
INFO:modules.queue_monitor:    Det 2: bbox=[72, 46, 325, 565], center=(198, 305), area=none
INFO:modules.queue_monitor:    Det 3: bbox=[978, 239, 1279, 714], center=(1128, 476), area=none
INFO:modules.queue_monitor:    Det 4: bbox=[807, 1, 930, 299], center=(868, 150), area=none
INFO:modules.queue_monitor:    Det 5: bbox=[0, 106, 31, 308], center=(15, 207), area=none
INFO:modules.queue_monitor:[camera_1] Queue tracking debug (Frame 3):
INFO:modules.queue_monitor:  Detections passed to tracking: 0
INFO:modules.queue_monitor:  Active tracks in queue area: 0
INFO:modules.queue_monitor:  Dwell time threshold: 5.0s
INFO:modules.queue_monitor:  Final count: 0
INFO:modules.queue_monitor:[camera_1] Frame 3 tracking results:
INFO:modules.queue_monitor:  Counter detections passed to tracking: 0
INFO:modules.queue_monitor:  Counter count after tracking: 0
INFO:modules.queue_monitor:  Dwell time threshold: 0.0
INFO:modules.queue_monitor:  Uniform fallback enabled: True
INFO:modules.dress_code_monitoring:[camera_1] Raw uniform detections from best.pt: ['Uniform_black']
INFO:modules.dress_code_monitoring:[camera_1] Counter ROI not configured - detecting uniforms everywhere in frame
INFO:modules.dress_code_monitoring:📊 [camera_1] DressCode Frame 3: Total detections: 1
INFO:modules.dress_code_monitoring:   Counter ROI configured: False, Queue ROI configured: False
INFO:modules.dress_code_monitoring:   Allowed uniforms in counter: []
INFO:modules.dress_code_monitoring:   Detected classes: {'Uniform_black': 1}
INFO:modules.dress_code_monitoring:   Detections by area: {'counter': 0, 'queue': 0, 'unknown': 0, 'everywhere': 1}
INFO:modules.dress_code_monitoring:   👔 Uniforms everywhere: ['Uniform_black']
INFO:modules.dress_code_monitoring:[camera_1] Compliance check: Uniform=Uniform_black, In counter=False
INFO:modules.dress_code_monitoring:   Is compliant: True, Violations: []
INFO:modules.dress_code_monitoring:   Allowed uniforms: []
INFO:modules.dress_code_monitoring:   Position key: Uniform_black_800_100
INFO:modules.yolo_detector:🔍 YOLO Detection Debug (call #2):
INFO:modules.yolo_detector:   - Model: models/yolo11n.pt
INFO:modules.yolo_detector:   - Person class ID expected: 0
INFO:modules.yolo_detector:   - Confidence threshold: 0.5
INFO:modules.yolo_detector:   - All detections (conf>=0.25): 3
INFO:modules.yolo_detector:   - All classes found: [(0, 0.7399607300758362), (0, 0.7546220421791077), (0, 0.8651231527328491)]
INFO:modules.yolo_detector:   - Person detections (class=0, conf>=0.5): 3
INFO:modules.yolo_detector:   - Sample person detection: bbox=[998, 219, 1279, 713], conf=0.87, center=(1138, 466)
INFO:modules.queue_monitor:  Detection: bbox=[998, 219, 1279, 713], center=(1138, 466), bottom_right=(1279, 713), area=none
INFO:modules.queue_monitor:  Detection: bbox=[125, 490, 477, 715], center=(301, 602), bottom_right=(477, 715), area=none
INFO:modules.queue_monitor:  Detection: bbox=[468, 576, 721, 715], center=(594, 645), bottom_right=(721, 715), area=none
INFO:modules.queue_monitor:[camera_2] Frame 3 detections:
INFO:modules.queue_monitor:  total=3, queue=0, counter=0, outside=3
INFO:modules.queue_monitor:  Queue ROI configured: False
INFO:modules.queue_monitor:  Counter ROI configured: False
INFO:modules.queue_monitor:  All detections classification:
INFO:modules.queue_monitor:    Det 1: bbox=[998, 219, 1279, 713], center=(1138, 466), area=none
INFO:modules.queue_monitor:    Det 2: bbox=[125, 490, 477, 715], center=(301, 602), area=none
INFO:modules.queue_monitor:    Det 3: bbox=[468, 576, 721, 715], center=(594, 645), area=none
INFO:modules.queue_monitor:[camera_2] Queue tracking debug (Frame 3):
INFO:modules.queue_monitor:  Detections passed to tracking: 0
INFO:modules.queue_monitor:  Active tracks in queue area: 0
INFO:modules.queue_monitor:  Dwell time threshold: 5.0s
INFO:modules.queue_monitor:  Final count: 0
INFO:modules.queue_monitor:[camera_2] Frame 3 tracking results:
INFO:modules.queue_monitor:  Counter detections passed to tracking: 0
INFO:modules.queue_monitor:  Counter count after tracking: 0
INFO:modules.queue_monitor:  Dwell time threshold: 0.0
INFO:modules.queue_monitor:  Uniform fallback enabled: True
INFO:modules.dress_code_monitoring:[camera_2] Raw uniform detections from best.pt: ['Uniform_grey']
INFO:modules.dress_code_monitoring:[camera_2] Counter ROI not configured - detecting uniforms everywhere in frame
INFO:modules.dress_code_monitoring:📊 [camera_2] DressCode Frame 3: Total detections: 1
INFO:modules.dress_code_monitoring:   Counter ROI configured: False, Queue ROI configured: False
INFO:modules.dress_code_monitoring:   Allowed uniforms in counter: []
INFO:modules.dress_code_monitoring:   Detected classes: {'Uniform_grey': 1}
INFO:modules.dress_code_monitoring:   Detections by area: {'counter': 0, 'queue': 0, 'unknown': 0, 'everywhere': 1}
INFO:modules.dress_code_monitoring:   👔 Uniforms everywhere: ['Uniform_grey']
INFO:modules.dress_code_monitoring:[camera_2] Compliance check: Uniform=Uniform_grey, In counter=False
INFO:modules.dress_code_monitoring:   Is compliant: True, Violations: []
INFO:modules.dress_code_monitoring:   Allowed uniforms: []
INFO:modules.dress_code_monitoring:   Position key: Uniform_grey_200_600
INFO:modules.cash_detection:💰 Cashdraw-open detected at 1773480639.3895733
INFO:modules.gif_recorder:GIF saved: static/alerts/alert_20260314_150027.gif (4 frames, 200ms/frame)
INFO:modules.gif_recorder:Alert GIF created: static/alerts/alert_20260314_150027.gif (4 frames)
INFO:modules.cash_detection:[camera_2] 🎬 GIF recording completed! Previous state: True, Current state: False
INFO:modules.cash_detection:[camera_2] 📊 GIF recorder state check: was_recording=True, is_recording_now=False, _was_recording_alert=True
INFO:modules.cash_detection:[camera_2] ✅ Retrieved GIF info: path=static/alerts/alert_20260314_150027.gif, frames=4
INFO:modules.cash_detection:[camera_2] ✅ _pending_alert_info available: message='ALERT: Cashdraw-open detected'
INFO:modules.cash_detection:[camera_2] ✅ Updated cash snapshot 19 with GIF path: static/alerts/alert_20260314_150027.gif
INFO:modules.telegram_notifier:Sending Telegram alert with image: static/alerts/alert_20260314_150027.gif
INFO:modules.telegram_notifier:✅ Telegram document sent successfully: alert_20260314_150027.gif (348.5KB)
INFO:modules.cash_detection:[camera_2] ✅ Cash alert GIF saved to database: alert_20260314_150027.gif (path: static/alerts/alert_20260314_150027.gif)
INFO:modules.dress_code_monitoring:[camera_4] Counter ROI not configured - detecting uniforms everywhere in frame
INFO:modules.dress_code_monitoring:📊 [camera_4] DressCode Frame 3: Total detections: 0
INFO:modules.dress_code_monitoring:   Counter ROI configured: False, Queue ROI configured: False
INFO:modules.dress_code_monitoring:   Allowed uniforms in counter: []
INFO:modules.yolo_detector:🔍 YOLO Detection Debug (call #3):
INFO:modules.yolo_detector:   - Model: models/yolo11n.pt
INFO:modules.yolo_detector:   - Person class ID expected: 0
INFO:modules.yolo_detector:   - Confidence threshold: 0.25
INFO:modules.yolo_detector:   - All detections (conf>=0.25): 7
INFO:modules.yolo_detector:   - All classes found: [(0, 0.3548831641674042), (0, 0.3812156319618225), (0, 0.4461488127708435), (0, 0.446631520986557), (0, 0.5144364833831787), (0, 0.7754365801811218), (0, 0.7812753319740295)]
INFO:modules.yolo_detector:   - Person detections (class=0, conf>=0.25): 7
INFO:modules.yolo_detector:   - Sample person detection: bbox=[404, 97, 485, 292], conf=0.78, center=(444, 194)
INFO:modules.service_discipline_monitor:[camera_4] 🪑 T_seated: Customer track 4 at table table_3
INFO:modules.service_discipline_monitor:[camera_4] 🪑 T_seated: Customer track 7 at table table_3
INFO:modules.dress_code_monitoring:[camera_5] Counter ROI not configured - detecting uniforms everywhere in frame
INFO:modules.dress_code_monitoring:📊 [camera_5] DressCode Frame 3: Total detections: 0
INFO:modules.dress_code_monitoring:   Counter ROI configured: False, Queue ROI configured: False
INFO:modules.dress_code_monitoring:   Allowed uniforms in counter: []
INFO:modules.yolo_detector:🔍 YOLO Detection Debug (call #3):
INFO:modules.yolo_detector:   - Model: models/yolo11n.pt
INFO:modules.yolo_detector:   - Person class ID expected: 0
INFO:modules.yolo_detector:   - Confidence threshold: 0.25
INFO:modules.yolo_detector:   - All detections (conf>=0.25): 2
INFO:modules.yolo_detector:   - All classes found: [(0, 0.2934545874595642), (0, 0.7386409044265747)]
INFO:modules.yolo_detector:   - Person detections (class=0, conf>=0.25): 2
INFO:modules.yolo_detector:   - Sample person detection: bbox=[379, 44, 447, 181], conf=0.74, center=(413, 112)
INFO:modules.dress_code_monitoring:[camera_6] Raw uniform detections from best.pt: ['Uniform_grey']
INFO:modules.dress_code_monitoring:[camera_6] Counter ROI not configured - detecting uniforms everywhere in frame
INFO:modules.dress_code_monitoring:📊 [camera_6] DressCode Frame 3: Total detections: 1
INFO:modules.dress_code_monitoring:   Counter ROI configured: False, Queue ROI configured: False
INFO:modules.dress_code_monitoring:   Allowed uniforms in counter: []
INFO:modules.dress_code_monitoring:   Detected classes: {'Uniform_grey': 1}
INFO:modules.dress_code_monitoring:   Detections by area: {'counter': 0, 'queue': 0, 'unknown': 0, 'everywhere': 1}
INFO:modules.dress_code_monitoring:   👔 Uniforms everywhere: ['Uniform_grey']
INFO:modules.dress_code_monitoring:[camera_6] Compliance check: Uniform=Uniform_grey, In counter=False
INFO:modules.dress_code_monitoring:   Is compliant: True, Violations: []
INFO:modules.dress_code_monitoring:   Allowed uniforms: []
INFO:modules.dress_code_monitoring:   Position key: Uniform_grey_800_300
INFO:modules.yolo_detector:🔍 YOLO Detection Debug (call #3):
INFO:modules.yolo_detector:   - Model: models/yolo11n.pt
INFO:modules.yolo_detector:   - Person class ID expected: 0
INFO:modules.yolo_detector:   - Confidence threshold: 0.25
INFO:modules.yolo_detector:   - All detections (conf>=0.25): 7
INFO:modules.yolo_detector:   - All classes found: [(0, 0.31600162386894226), (0, 0.3276353180408478), (0, 0.4326331913471222), (0, 0.5604891180992126), (0, 0.5986040234565735), (0, 0.7934491038322449), (0, 0.9107686281204224)]
INFO:modules.yolo_detector:   - Person detections (class=0, conf>=0.25): 7
INFO:modules.yolo_detector:   - Sample person detection: bbox=[783, 212, 968, 480], conf=0.91, center=(875, 346)
INFO:modules.service_discipline_monitor:[camera_6] 🪑 T_seated: Customer track 1 at table table_5
INFO:modules.service_discipline_monitor:[camera_6] 🪑 T_seated: Customer track 4 at table table_5
INFO:modules.dress_code_monitoring:[camera_7] Raw uniform detections from best.pt: ['Uniform_grey', 'Uniform_grey', 'Uniform_grey']
INFO:modules.dress_code_monitoring:[camera_7] Counter ROI not configured - detecting uniforms everywhere in frame
INFO:modules.dress_code_monitoring:📊 [camera_7] DressCode Frame 3: Total detections: 8
INFO:modules.dress_code_monitoring:   Counter ROI configured: False, Queue ROI configured: False
INFO:modules.dress_code_monitoring:   Allowed uniforms in counter: []
INFO:modules.dress_code_monitoring:   Detected classes: {'Uniform_grey': 3, 'Hairnet': 5}
INFO:modules.dress_code_monitoring:   Detections by area: {'counter': 0, 'queue': 0, 'unknown': 0, 'everywhere': 8}
INFO:modules.dress_code_monitoring:   👔 Uniforms everywhere: ['Uniform_grey', 'Uniform_grey', 'Uniform_grey']
INFO:modules.dress_code_monitoring:   👔 Compliance items detected: ['Hairnet']
INFO:modules.dress_code_monitoring:[camera_7] Compliance check: Uniform=Uniform_grey, In counter=False
INFO:modules.dress_code_monitoring:   Is compliant: True, Violations: []
INFO:modules.dress_code_monitoring:   Allowed uniforms: []
INFO:modules.dress_code_monitoring:   Position key: Uniform_grey_300_200
INFO:modules.dress_code_monitoring:[camera_7] Compliance check: Uniform=Uniform_grey, In counter=False
INFO:modules.dress_code_monitoring:   Is compliant: True, Violations: []
INFO:modules.dress_code_monitoring:   Allowed uniforms: []
INFO:modules.dress_code_monitoring:   Position key: Uniform_grey_500_100
INFO:modules.dress_code_monitoring:[camera_7] Compliance check: Uniform=Uniform_grey, In counter=False
INFO:modules.dress_code_monitoring:   Is compliant: True, Violations: []
INFO:modules.dress_code_monitoring:   Allowed uniforms: []
INFO:modules.dress_code_monitoring:   Position key: Uniform_grey_0_200
INFO:modules.yolo_detector:🔍 YOLO Detection Debug (call #3):
INFO:modules.yolo_detector:   - Model: models/yolo11n.pt
INFO:modules.yolo_detector:   - Person class ID expected: 0
INFO:modules.yolo_detector:   - Confidence threshold: 0.25
INFO:modules.yolo_detector:   - All detections (conf>=0.25): 11
INFO:modules.yolo_detector:   - All classes found: [(0, 0.31419074535369873), (0, 0.37823671102523804), (0, 0.45463308691978455), (0, 0.4780081510543823), (0, 0.4782196581363678), (0, 0.49112561345100403), (0, 0.4939872622489929), (0, 0.8183744549751282), (0, 0.8538815379142761), (0, 0.8642589449882507), (0, 0.8688082695007324)]
INFO:modules.yolo_detector:   - Person detections (class=0, conf>=0.25): 11
INFO:modules.yolo_detector:   - Sample person detection: bbox=[777, 312, 1006, 547], conf=0.87, center=(891, 429)
INFO:modules.service_discipline_monitor:[camera_7] 🪑 T_seated: Customer track 2 at table table_6
INFO:modules.dress_code_monitoring:[camera_8] Raw uniform detections from best.pt: ['Uniform_black', 'Uniform_grey', 'Uniform_grey']
INFO:modules.dress_code_monitoring:[camera_8] Counter ROI not configured - detecting uniforms everywhere in frame
INFO:modules.dress_code_monitoring:📊 [camera_8] DressCode Frame 3: Total detections: 3
INFO:modules.dress_code_monitoring:   Counter ROI configured: False, Queue ROI configured: False
INFO:modules.dress_code_monitoring:   Allowed uniforms in counter: []
INFO:modules.dress_code_monitoring:   Detected classes: {'Uniform_black': 1, 'Uniform_grey': 2}
INFO:modules.dress_code_monitoring:   Detections by area: {'counter': 0, 'queue': 0, 'unknown': 0, 'everywhere': 3}
INFO:modules.dress_code_monitoring:   👔 Uniforms everywhere: ['Uniform_black', 'Uniform_grey', 'Uniform_grey']
INFO:modules.dress_code_monitoring:[camera_8] Compliance check: Uniform=Uniform_black, In counter=False
INFO:modules.dress_code_monitoring:   Is compliant: True, Violations: []
INFO:modules.dress_code_monitoring:   Allowed uniforms: []
INFO:modules.dress_code_monitoring:   Position key: Uniform_black_500_100
INFO:modules.dress_code_monitoring:[camera_8] Compliance check: Uniform=Uniform_grey, In counter=False
INFO:modules.dress_code_monitoring:   Is compliant: True, Violations: []
INFO:modules.dress_code_monitoring:   Allowed uniforms: []
INFO:modules.dress_code_monitoring:   Position key: Uniform_grey_1000_100
INFO:modules.dress_code_monitoring:[camera_8] Compliance check: Uniform=Uniform_grey, In counter=False
INFO:modules.dress_code_monitoring:   Is compliant: True, Violations: []
INFO:modules.dress_code_monitoring:   Allowed uniforms: []
INFO:modules.dress_code_monitoring:   Position key: Uniform_grey_1100_100
INFO:modules.yolo_detector:🔍 YOLO Detection Debug (call #3):
INFO:modules.yolo_detector:   - Model: models/yolo11n.pt
INFO:modules.yolo_detector:   - Person class ID expected: 0
INFO:modules.yolo_detector:   - Confidence threshold: 0.25
INFO:modules.yolo_detector:   - All detections (conf>=0.25): 12
INFO:modules.yolo_detector:   - All classes found: [(0, 0.2677757143974304), (0, 0.328958660364151), (0, 0.35141006112098694), (0, 0.3913238048553467), (0, 0.43831494450569153), (0, 0.5756275057792664), (0, 0.5844358801841736), (0, 0.6681923866271973), (0, 0.7091788649559021), (0, 0.7565426826477051), (0, 0.7637948393821716), (0, 0.7975261211395264)]
INFO:modules.yolo_detector:   - Person detections (class=0, conf>=0.25): 12
INFO:modules.yolo_detector:   - Sample person detection: bbox=[615, 335, 885, 529], conf=0.80, center=(750, 432)
INFO:modules.service_discipline_monitor:[camera_8] 🪑 T_seated: Customer track 1 at table table_7
INFO:modules.service_discipline_monitor:[camera_8] 🪑 T_seated: Customer track 10 at table table_7
INFO:modules.dress_code_monitoring:[camera_9] Counter ROI not configured - detecting uniforms everywhere in frame
INFO:modules.dress_code_monitoring:📊 [camera_9] DressCode Frame 3: Total detections: 0
INFO:modules.dress_code_monitoring:   Counter ROI configured: False, Queue ROI configured: False
INFO:modules.dress_code_monitoring:   Allowed uniforms in counter: []
INFO:modules.ppe_monitoring:🔍 PPE Frame 3: Running detection on frame shape=(720, 1280, 3)
INFO:modules.ppe_monitoring:📊 PPE Frame 3: Total detections: 0
INFO:modules.ppe_monitoring:   Detected PPE classes: set()
INFO:modules.ppe_monitoring:🔍 PPE Compliance Check Frame 3: is_compliant=True, violations=[]
INFO:modules.dress_code_monitoring:[camera_10] Counter ROI not configured - detecting uniforms everywhere in frame
INFO:modules.dress_code_monitoring:📊 [camera_10] DressCode Frame 3: Total detections: 6
INFO:modules.dress_code_monitoring:   Counter ROI configured: False, Queue ROI configured: False
INFO:modules.dress_code_monitoring:   Allowed uniforms in counter: []
INFO:modules.dress_code_monitoring:   Detected classes: {'Hairnet': 5, 'Apron': 1}
INFO:modules.dress_code_monitoring:   Detections by area: {'counter': 0, 'queue': 0, 'unknown': 0, 'everywhere': 6}
INFO:modules.dress_code_monitoring:   👔 Compliance items detected: ['Hairnet', 'Apron']
INFO:modules.ppe_monitoring:🔍 PPE Frame 3: Running detection on frame shape=(720, 1280, 3)
INFO:modules.ppe_monitoring:📊 PPE Frame 3: Total detections: 6
INFO:modules.ppe_monitoring:   Detected PPE classes: {'Apron', 'Hairnet'}
INFO:modules.ppe_monitoring:   All detected classes in frame: {'Apron', 'Hairnet'}
INFO:modules.ppe_monitoring:🔍 PPE Compliance Check Frame 3: is_compliant=True, violations=[]
INFO:modules.dress_code_monitoring:[camera_12] Counter ROI not configured - detecting uniforms everywhere in frame
INFO:modules.dress_code_monitoring:📊 [camera_12] DressCode Frame 3: Total detections: 0
INFO:modules.dress_code_monitoring:   Counter ROI configured: False, Queue ROI configured: False
INFO:modules.dress_code_monitoring:   Allowed uniforms in counter: []
INFO:modules.yolo_detector:🔍 YOLO Detection Debug (call #1):
INFO:modules.yolo_detector:   - Model: models/yolo11n.pt
INFO:modules.yolo_detector:   - Person class ID expected: 0
INFO:modules.yolo_detector:   - Confidence threshold: 0.25
INFO:modules.yolo_detector:   - All detections (conf>=0.25): 7
INFO:modules.yolo_detector:   - All classes found: [(0, 0.6821253895759583), (0, 0.6943763494491577), (0, 0.6956344246864319), (0, 0.8418188691139221), (0, 0.8618171215057373), (45, 0.25982582569122314), (46, 0.25484275817871094)]
INFO:modules.yolo_detector:   - Person detections (class=0, conf>=0.25): 5
INFO:modules.yolo_detector:   - Sample person detection: bbox=[281, 115, 382, 339], conf=0.86, center=(331, 227)
INFO:modules.material_theft_monitor:[camera_15] Person detection: Found 5 person(s) in frame
INFO:modules.material_theft_monitor:[camera_15] MaterialTheft Frame 3: item_detected=False, prev_detected=False, persons_nearby=False, cooldown_remaining=0.0s
INFO:modules.yolo_detector:🔍 YOLO Detection Debug (call #1):
INFO:modules.yolo_detector:   - Model: models/yolo11n.pt
INFO:modules.yolo_detector:   - Person class ID expected: 0
INFO:modules.yolo_detector:   - Confidence threshold: 0.5
INFO:modules.yolo_detector:   - All detections (conf>=0.25): 2
INFO:modules.yolo_detector:   - All classes found: [(0, 0.6040027141571045), (0, 0.7897617816925049)]
INFO:modules.yolo_detector:   - Person detections (class=0, conf>=0.5): 2
INFO:modules.yolo_detector:   - Sample person detection: bbox=[762, 104, 895, 417], conf=0.79, center=(828, 260)
INFO:modules.queue_monitor:[camera_17] ROI cache updated (Frame 1):
INFO:modules.queue_monitor:  Queue ROI (main): not configured
INFO:modules.queue_monitor:  Counter ROI (secondary): not configured
INFO:modules.queue_monitor:  Detection: bbox=[762, 104, 895, 417], center=(828, 260), bottom_right=(895, 417), area=none
INFO:modules.queue_monitor:  Detection: bbox=[860, 97, 952, 495], center=(906, 296), bottom_right=(952, 495), area=none
INFO:modules.queue_monitor:[camera_17] Frame 1 detections:
INFO:modules.queue_monitor:  total=2, queue=0, counter=0, outside=2
INFO:modules.queue_monitor:  Queue ROI configured: False
INFO:modules.queue_monitor:  Counter ROI configured: False
INFO:modules.queue_monitor:  All detections classification:
INFO:modules.queue_monitor:    Det 1: bbox=[762, 104, 895, 417], center=(828, 260), area=none
INFO:modules.queue_monitor:    Det 2: bbox=[860, 97, 952, 495], center=(906, 296), area=none
INFO:modules.queue_monitor:[camera_17] Queue tracking debug (Frame 1):
INFO:modules.queue_monitor:  Detections passed to tracking: 0
INFO:modules.queue_monitor:  Active tracks in queue area: 0
INFO:modules.queue_monitor:  Dwell time threshold: 5.0s
INFO:modules.queue_monitor:  Final count: 0
INFO:modules.queue_monitor:[camera_17] Frame 1 tracking results:
INFO:modules.queue_monitor:  Counter detections passed to tracking: 0
INFO:modules.queue_monitor:  Counter count after tracking: 0
INFO:modules.queue_monitor:  Dwell time threshold: 0.0
INFO:modules.queue_monitor:  Uniform fallback enabled: True
INFO:modules.dress_code_monitoring:[camera_17] Counter ROI not configured - detecting uniforms everywhere in frame
INFO:modules.dress_code_monitoring:📊 [camera_17] DressCode Frame 1: Total detections: 0
INFO:modules.dress_code_monitoring:   Counter ROI configured: False, Queue ROI configured: False
INFO:modules.dress_code_monitoring:   Allowed uniforms in counter: []
INFO:modules.yolo_detector:🔍 YOLO Detection Debug (call #3):
INFO:modules.yolo_detector:   - Model: models/yolo11n.pt
INFO:modules.yolo_detector:   - Person class ID expected: 0
INFO:modules.yolo_detector:   - Confidence threshold: 0.25
INFO:modules.yolo_detector:   - All detections (conf>=0.25): 4
INFO:modules.yolo_detector:   - All classes found: [(0, 0.2891155481338501), (0, 0.33977434039115906), (0, 0.3466334342956543), (0, 0.6767989993095398)]
INFO:modules.yolo_detector:   - Person detections (class=0, conf>=0.25): 4
INFO:modules.yolo_detector:   - Sample person detection: bbox=[520, 72, 579, 292], conf=0.68, center=(549, 182)
INFO:modules.yolo_detector:🔍 YOLO Detection Debug (call #3):
INFO:modules.yolo_detector:   - Model: models/yolo11n.pt
INFO:modules.yolo_detector:   - Person class ID expected: 0
INFO:modules.yolo_detector:   - Confidence threshold: 0.25
INFO:modules.yolo_detector:   - All detections (conf>=0.25): 1
INFO:modules.yolo_detector:   - All classes found: [(0, 0.8056913614273071)]
INFO:modules.yolo_detector:   - Person detections (class=0, conf>=0.25): 1
INFO:modules.yolo_detector:   - Sample person detection: bbox=[499, 467, 645, 718], conf=0.81, center=(572, 592)
INFO:modules.dress_code_monitoring:[camera_20] Counter ROI not configured - detecting uniforms everywhere in frame
INFO:modules.dress_code_monitoring:📊 [camera_20] DressCode Frame 3: Total detections: 0
INFO:modules.dress_code_monitoring:   Counter ROI configured: False, Queue ROI configured: False
INFO:modules.dress_code_monitoring:   Allowed uniforms in counter: []
INFO:modules.ppe_monitoring:🔍 PPE Frame 3: Running detection on frame shape=(720, 1280, 3)
INFO:modules.ppe_monitoring:📊 PPE Frame 3: Total detections: 0
INFO:modules.ppe_monitoring:   Detected PPE classes: set()
INFO:modules.ppe_monitoring:🔍 PPE Compliance Check Frame 3: is_compliant=True, violations=[]
INFO:modules.yolo_detector:🔍 YOLO Detection Debug (call #3):
INFO:modules.yolo_detector:   - Model: models/yolo11n.pt
INFO:modules.yolo_detector:   - Person class ID expected: 0
INFO:modules.yolo_detector:   - Confidence threshold: 0.25
INFO:modules.yolo_detector:   - All detections (conf>=0.25): 2
INFO:modules.yolo_detector:   - All classes found: [(0, 0.49004513025283813), (0, 0.6128965020179749)]
INFO:modules.yolo_detector:   - Person detections (class=0, conf>=0.25): 2
INFO:modules.yolo_detector:   - Sample person detection: bbox=[591, 133, 695, 338], conf=0.61, center=(643, 235)
INFO:modules.yolo_detector:🔍 YOLO Detection Debug (call #2):
INFO:modules.yolo_detector:   - Model: models/yolo11n.pt
INFO:modules.yolo_detector:   - Person class ID expected: 0
INFO:modules.yolo_detector:   - Confidence threshold: 0.25
INFO:modules.yolo_detector:   - All detections (conf>=0.25): 2
INFO:modules.yolo_detector:   - All classes found: [(0, 0.32889285683631897), (0, 0.7337342500686646)]
INFO:modules.yolo_detector:   - Person detections (class=0, conf>=0.25): 2
INFO:modules.yolo_detector:   - Sample person detection: bbox=[661, 378, 769, 644], conf=0.73, center=(715, 511)
INFO:modules.dress_code_monitoring:[camera_25] Counter ROI not configured - detecting uniforms everywhere in frame
INFO:modules.dress_code_monitoring:📊 [camera_25] DressCode Frame 1: Total detections: 0
INFO:modules.dress_code_monitoring:   Counter ROI configured: False, Queue ROI configured: False
INFO:modules.dress_code_monitoring:   Allowed uniforms in counter: []
INFO:modules.ppe_monitoring:🔍 PPE Monitoring: Processing first frame for channel camera_25, frame shape: (720, 1280, 3)
INFO:modules.ppe_monitoring:🔍 PPE Frame 1: Running detection on frame shape=(720, 1280, 3)
INFO:modules.ppe_monitoring:📊 PPE Frame 1: Total detections: 0
INFO:modules.ppe_monitoring:   Detected PPE classes: set()
INFO:modules.ppe_monitoring:🔍 PPE Compliance Check Frame 1: is_compliant=True, violations=[]
INFO:modules.dress_code_monitoring:[camera_27] Counter ROI not configured - detecting uniforms everywhere in frame
INFO:modules.dress_code_monitoring:📊 [camera_27] DressCode Frame 1: Total detections: 6
INFO:modules.dress_code_monitoring:   Counter ROI configured: False, Queue ROI configured: False
INFO:modules.dress_code_monitoring:   Allowed uniforms in counter: []
INFO:modules.dress_code_monitoring:   Detected classes: {'Hairnet': 6}
INFO:modules.dress_code_monitoring:   Detections by area: {'counter': 0, 'queue': 0, 'unknown': 0, 'everywhere': 6}
INFO:modules.dress_code_monitoring:   👔 Compliance items detected: ['Hairnet']
INFO:modules.ppe_monitoring:🔍 PPE Monitoring: Processing first frame for channel camera_27, frame shape: (720, 1280, 3)
INFO:modules.ppe_monitoring:🔍 PPE Frame 1: Running detection on frame shape=(720, 1280, 3)
INFO:modules.ppe_monitoring:📊 PPE Frame 1: Total detections: 6
INFO:modules.ppe_monitoring:   Detected PPE classes: {'Hairnet'}
INFO:modules.ppe_monitoring:   All detected classes in frame: {'Hairnet'}
INFO:modules.ppe_monitoring:🔍 PPE Compliance Check Frame 1: is_compliant=True, violations=[]
INFO:modules.queue_monitor:  Detection: bbox=[773, 55, 1081, 590], center=(927, 322), bottom_right=(1081, 590), area=none
INFO:modules.queue_monitor:  Detection: bbox=[72, 46, 325, 565], center=(198, 305), bottom_right=(325, 565), area=none
INFO:modules.queue_monitor:  Detection: bbox=[978, 239, 1279, 714], center=(1128, 476), bottom_right=(1279, 714), area=none
INFO:modules.queue_monitor:  Detection: bbox=[807, 1, 930, 299], center=(868, 150), bottom_right=(930, 299), area=none
INFO:modules.queue_monitor:  Detection: bbox=[0, 106, 31, 308], center=(15, 207), bottom_right=(31, 308), area=none
INFO:modules.queue_monitor:  Detection: bbox=[1, 34, 38, 129], center=(19, 81), bottom_right=(38, 129), area=none
INFO:modules.queue_monitor:[camera_1] Frame 4 detections:
INFO:modules.queue_monitor:  total=6, queue=0, counter=0, outside=6
INFO:modules.queue_monitor:  Queue ROI configured: False
INFO:modules.queue_monitor:  Counter ROI configured: False
INFO:modules.queue_monitor:  All detections classification:
INFO:modules.queue_monitor:    Det 1: bbox=[773, 55, 1081, 590], center=(927, 322), area=none
INFO:modules.queue_monitor:    Det 2: bbox=[72, 46, 325, 565], center=(198, 305), area=none
INFO:modules.queue_monitor:    Det 3: bbox=[978, 239, 1279, 714], center=(1128, 476), area=none
INFO:modules.queue_monitor:    Det 4: bbox=[807, 1, 930, 299], center=(868, 150), area=none
INFO:modules.queue_monitor:    Det 5: bbox=[0, 106, 31, 308], center=(15, 207), area=none
INFO:modules.queue_monitor:[camera_1] Queue tracking debug (Frame 4):
INFO:modules.queue_monitor:  Detections passed to tracking: 0
INFO:modules.queue_monitor:  Active tracks in queue area: 0
INFO:modules.queue_monitor:  Dwell time threshold: 5.0s
INFO:modules.queue_monitor:  Final count: 0
INFO:modules.queue_monitor:[camera_1] Frame 4 tracking results:
INFO:modules.queue_monitor:  Counter detections passed to tracking: 0
INFO:modules.queue_monitor:  Counter count after tracking: 0
INFO:modules.queue_monitor:  Dwell time threshold: 0.0
INFO:modules.queue_monitor:  Uniform fallback enabled: True
INFO:modules.dress_code_monitoring:[camera_1] Raw uniform detections from best.pt: ['Uniform_black', 'Uniform_grey']
INFO:modules.dress_code_monitoring:[camera_1] Counter ROI not configured - detecting uniforms everywhere in frame
INFO:modules.dress_code_monitoring:📊 [camera_1] DressCode Frame 4: Total detections: 2
INFO:modules.dress_code_monitoring:   Counter ROI configured: False, Queue ROI configured: False
INFO:modules.dress_code_monitoring:   Allowed uniforms in counter: []
INFO:modules.dress_code_monitoring:   Detected classes: {'Uniform_black': 1, 'Uniform_grey': 1}
INFO:modules.dress_code_monitoring:   Detections by area: {'counter': 0, 'queue': 0, 'unknown': 0, 'everywhere': 2}
INFO:modules.dress_code_monitoring:   👔 Uniforms everywhere: ['Uniform_black', 'Uniform_grey']
INFO:modules.dress_code_monitoring:[camera_1] Compliance check: Uniform=Uniform_black, In counter=False
INFO:modules.dress_code_monitoring:   Is compliant: True, Violations: []
INFO:modules.dress_code_monitoring:   Allowed uniforms: []
INFO:modules.dress_code_monitoring:   Position key: Uniform_black_800_100
INFO:modules.dress_code_monitoring:[camera_1] Compliance check: Uniform=Uniform_grey, In counter=False
INFO:modules.dress_code_monitoring:   Is compliant: True, Violations: []
INFO:modules.dress_code_monitoring:   Allowed uniforms: []
INFO:modules.dress_code_monitoring:   Position key: Uniform_grey_900_200
INFO:modules.queue_monitor:  Detection: bbox=[998, 219, 1279, 713], center=(1138, 466), bottom_right=(1279, 713), area=none
INFO:modules.queue_monitor:  Detection: bbox=[125, 490, 477, 715], center=(301, 602), bottom_right=(477, 715), area=none
INFO:modules.queue_monitor:  Detection: bbox=[468, 576, 721, 715], center=(594, 645), bottom_right=(721, 715), area=none
INFO:modules.queue_monitor:[camera_2] Frame 4 detections:
INFO:modules.queue_monitor:  total=3, queue=0, counter=0, outside=3
INFO:modules.queue_monitor:  Queue ROI configured: False
INFO:modules.queue_monitor:  Counter ROI configured: False
INFO:modules.queue_monitor:  All detections classification:
INFO:modules.queue_monitor:    Det 1: bbox=[998, 219, 1279, 713], center=(1138, 466), area=none
INFO:modules.queue_monitor:    Det 2: bbox=[125, 490, 477, 715], center=(301, 602), area=none
INFO:modules.queue_monitor:    Det 3: bbox=[468, 576, 721, 715], center=(594, 645), area=none
INFO:modules.queue_monitor:[camera_2] Queue tracking debug (Frame 4):
INFO:modules.queue_monitor:  Detections passed to tracking: 0
INFO:modules.queue_monitor:  Active tracks in queue area: 0
INFO:modules.queue_monitor:  Dwell time threshold: 5.0s
INFO:modules.queue_monitor:  Final count: 0
INFO:modules.queue_monitor:[camera_2] Frame 4 tracking results:
INFO:modules.queue_monitor:  Counter detections passed to tracking: 0
INFO:modules.queue_monitor:  Counter count after tracking: 0
INFO:modules.queue_monitor:  Dwell time threshold: 0.0
INFO:modules.queue_monitor:  Uniform fallback enabled: True
INFO:modules.dress_code_monitoring:[camera_2] Raw uniform detections from best.pt: ['Uniform_grey']
INFO:modules.dress_code_monitoring:[camera_2] Counter ROI not configured - detecting uniforms everywhere in frame
INFO:modules.dress_code_monitoring:📊 [camera_2] DressCode Frame 4: Total detections: 1
INFO:modules.dress_code_monitoring:   Counter ROI configured: False, Queue ROI configured: False
INFO:modules.dress_code_monitoring:   Allowed uniforms in counter: []
INFO:modules.dress_code_monitoring:   Detected classes: {'Uniform_grey': 1}
INFO:modules.dress_code_monitoring:   Detections by area: {'counter': 0, 'queue': 0, 'unknown': 0, 'everywhere': 1}
INFO:modules.dress_code_monitoring:   👔 Uniforms everywhere: ['Uniform_grey']
INFO:modules.dress_code_monitoring:[camera_2] Compliance check: Uniform=Uniform_grey, In counter=False
INFO:modules.dress_code_monitoring:   Is compliant: True, Violations: []
INFO:modules.dress_code_monitoring:   Allowed uniforms: []
INFO:modules.dress_code_monitoring:   Position key: Uniform_grey_200_600
INFO:modules.dress_code_monitoring:[camera_4] Counter ROI not configured - detecting uniforms everywhere in frame
INFO:modules.dress_code_monitoring:📊 [camera_4] DressCode Frame 4: Total detections: 0
INFO:modules.dress_code_monitoring:   Counter ROI configured: False, Queue ROI configured: False
INFO:modules.dress_code_monitoring:   Allowed uniforms in counter: []
INFO:modules.yolo_detector:🔍 YOLO Detection Debug (call #4):
INFO:modules.yolo_detector:   - Model: models/yolo11n.pt
INFO:modules.yolo_detector:   - Person class ID expected: 0
INFO:modules.yolo_detector:   - Confidence threshold: 0.25
INFO:modules.yolo_detector:   - All detections (conf>=0.25): 8
INFO:modules.yolo_detector:   - All classes found: [(0, 0.29207316040992737), (0, 0.37530234456062317), (0, 0.4442634880542755), (0, 0.45040231943130493), (0, 0.5173056125640869), (0, 0.5584483742713928), (0, 0.7603697776794434), (0, 0.808485746383667)]
INFO:modules.yolo_detector:   - Person detections (class=0, conf>=0.25): 8
INFO:modules.yolo_detector:   - Sample person detection: bbox=[406, 99, 485, 298], conf=0.81, center=(445, 198)
INFO:modules.dress_code_monitoring:[camera_5] Counter ROI not configured - detecting uniforms everywhere in frame
INFO:modules.dress_code_monitoring:📊 [camera_5] DressCode Frame 4: Total detections: 0
INFO:modules.dress_code_monitoring:   Counter ROI configured: False, Queue ROI configured: False
INFO:modules.dress_code_monitoring:   Allowed uniforms in counter: []
INFO:modules.yolo_detector:🔍 YOLO Detection Debug (call #4):
INFO:modules.yolo_detector:   - Model: models/yolo11n.pt
INFO:modules.yolo_detector:   - Person class ID expected: 0
INFO:modules.yolo_detector:   - Confidence threshold: 0.25
INFO:modules.yolo_detector:   - All detections (conf>=0.25): 4
INFO:modules.yolo_detector:   - All classes found: [(0, 0.25520777702331543), (0, 0.2553851902484894), (0, 0.32867157459259033), (0, 0.6900888085365295)]
INFO:modules.yolo_detector:   - Person detections (class=0, conf>=0.25): 4
INFO:modules.yolo_detector:   - Sample person detection: bbox=[380, 45, 443, 180], conf=0.69, center=(411, 112)
INFO:modules.dress_code_monitoring:[camera_6] Raw uniform detections from best.pt: ['Uniform_grey']
INFO:modules.dress_code_monitoring:[camera_6] Counter ROI not configured - detecting uniforms everywhere in frame
INFO:modules.dress_code_monitoring:📊 [camera_6] DressCode Frame 4: Total detections: 2
INFO:modules.dress_code_monitoring:   Counter ROI configured: False, Queue ROI configured: False
INFO:modules.dress_code_monitoring:   Allowed uniforms in counter: []
INFO:modules.dress_code_monitoring:   Detected classes: {'Uniform_grey': 1, 'Hairnet': 1}
INFO:modules.dress_code_monitoring:   Detections by area: {'counter': 0, 'queue': 0, 'unknown': 0, 'everywhere': 2}
INFO:modules.dress_code_monitoring:   👔 Uniforms everywhere: ['Uniform_grey']
INFO:modules.dress_code_monitoring:   👔 Compliance items detected: ['Hairnet']
INFO:modules.dress_code_monitoring:[camera_6] Compliance check: Uniform=Uniform_grey, In counter=False
INFO:modules.dress_code_monitoring:   Is compliant: True, Violations: []
INFO:modules.dress_code_monitoring:   Allowed uniforms: []
INFO:modules.dress_code_monitoring:   Position key: Uniform_grey_900_300
INFO:modules.yolo_detector:🔍 YOLO Detection Debug (call #4):
INFO:modules.yolo_detector:   - Model: models/yolo11n.pt
INFO:modules.yolo_detector:   - Person class ID expected: 0
INFO:modules.yolo_detector:   - Confidence threshold: 0.25
INFO:modules.yolo_detector:   - All detections (conf>=0.25): 9
INFO:modules.yolo_detector:   - All classes found: [(0, 0.2620396614074707), (0, 0.34296438097953796), (0, 0.34753677248954773), (0, 0.38892802596092224), (0, 0.4980224072933197), (0, 0.5803112983703613), (0, 0.5842148065567017), (0, 0.8094000220298767), (0, 0.8785440921783447)]
INFO:modules.yolo_detector:   - Person detections (class=0, conf>=0.25): 9
INFO:modules.yolo_detector:   - Sample person detection: bbox=[863, 215, 1004, 478], conf=0.88, center=(933, 346)
INFO:modules.dress_code_monitoring:[camera_7] Raw uniform detections from best.pt: ['Uniform_grey', 'Uniform_grey', 'Uniform_grey']
INFO:modules.dress_code_monitoring:[camera_7] Counter ROI not configured - detecting uniforms everywhere in frame
INFO:modules.dress_code_monitoring:📊 [camera_7] DressCode Frame 4: Total detections: 8
INFO:modules.dress_code_monitoring:   Counter ROI configured: False, Queue ROI configured: False
INFO:modules.dress_code_monitoring:   Allowed uniforms in counter: []
INFO:modules.dress_code_monitoring:   Detected classes: {'Uniform_grey': 3, 'Hairnet': 5}
INFO:modules.dress_code_monitoring:   Detections by area: {'counter': 0, 'queue': 0, 'unknown': 0, 'everywhere': 8}
INFO:modules.dress_code_monitoring:   👔 Uniforms everywhere: ['Uniform_grey', 'Uniform_grey', 'Uniform_grey']
INFO:modules.dress_code_monitoring:   👔 Compliance items detected: ['Hairnet']
INFO:modules.dress_code_monitoring:[camera_7] Compliance check: Uniform=Uniform_grey, In counter=False
INFO:modules.dress_code_monitoring:   Is compliant: True, Violations: []
INFO:modules.dress_code_monitoring:   Allowed uniforms: []
INFO:modules.dress_code_monitoring:   Position key: Uniform_grey_300_200
INFO:modules.dress_code_monitoring:[camera_7] Compliance check: Uniform=Uniform_grey, In counter=False
INFO:modules.dress_code_monitoring:   Is compliant: True, Violations: []
INFO:modules.dress_code_monitoring:   Allowed uniforms: []
INFO:modules.dress_code_monitoring:   Position key: Uniform_grey_500_100
INFO:modules.dress_code_monitoring:[camera_7] Compliance check: Uniform=Uniform_grey, In counter=False
INFO:modules.dress_code_monitoring:   Is compliant: True, Violations: []
INFO:modules.dress_code_monitoring:   Allowed uniforms: []
INFO:modules.dress_code_monitoring:   Position key: Uniform_grey_0_200
INFO:modules.yolo_detector:🔍 YOLO Detection Debug (call #4):
INFO:modules.yolo_detector:   - Model: models/yolo11n.pt
INFO:modules.yolo_detector:   - Person class ID expected: 0
INFO:modules.yolo_detector:   - Confidence threshold: 0.25
INFO:modules.yolo_detector:   - All detections (conf>=0.25): 12
INFO:modules.yolo_detector:   - All classes found: [(0, 0.2561790347099304), (0, 0.2939620614051819), (0, 0.37394559383392334), (0, 0.41720783710479736), (0, 0.4734587073326111), (0, 0.4970363676548004), (0, 0.523886501789093), (0, 0.689837634563446), (0, 0.8506331443786621), (0, 0.8600994944572449), (0, 0.8611798882484436), (0, 0.8721383810043335)]
INFO:modules.yolo_detector:   - Person detections (class=0, conf>=0.25): 12
INFO:modules.yolo_detector:   - Sample person detection: bbox=[234, 125, 426, 496], conf=0.87, center=(330, 310)
INFO:modules.dress_code_monitoring:[camera_8] Raw uniform detections from best.pt: ['Uniform_black', 'Uniform_grey', 'Uniform_grey']
INFO:modules.dress_code_monitoring:[camera_8] Counter ROI not configured - detecting uniforms everywhere in frame
INFO:modules.dress_code_monitoring:📊 [camera_8] DressCode Frame 4: Total detections: 3
INFO:modules.dress_code_monitoring:   Counter ROI configured: False, Queue ROI configured: False
INFO:modules.dress_code_monitoring:   Allowed uniforms in counter: []
INFO:modules.dress_code_monitoring:   Detected classes: {'Uniform_black': 1, 'Uniform_grey': 2}
INFO:modules.dress_code_monitoring:   Detections by area: {'counter': 0, 'queue': 0, 'unknown': 0, 'everywhere': 3}
INFO:modules.dress_code_monitoring:   👔 Uniforms everywhere: ['Uniform_black', 'Uniform_grey', 'Uniform_grey']
INFO:modules.dress_code_monitoring:[camera_8] Compliance check: Uniform=Uniform_black, In counter=False
INFO:modules.dress_code_monitoring:   Is compliant: True, Violations: []
INFO:modules.dress_code_monitoring:   Allowed uniforms: []
INFO:modules.dress_code_monitoring:   Position key: Uniform_black_500_100
INFO:modules.dress_code_monitoring:[camera_8] Compliance check: Uniform=Uniform_grey, In counter=False
INFO:modules.dress_code_monitoring:   Is compliant: True, Violations: []
INFO:modules.dress_code_monitoring:   Allowed uniforms: []
INFO:modules.dress_code_monitoring:   Position key: Uniform_grey_1100_100
INFO:modules.dress_code_monitoring:[camera_8] Compliance check: Uniform=Uniform_grey, In counter=False
INFO:modules.dress_code_monitoring:   Is compliant: True, Violations: []
INFO:modules.dress_code_monitoring:   Allowed uniforms: []
INFO:modules.dress_code_monitoring:   Position key: Uniform_grey_1000_100
INFO:modules.yolo_detector:🔍 YOLO Detection Debug (call #4):
INFO:modules.yolo_detector:   - Model: models/yolo11n.pt
INFO:modules.yolo_detector:   - Person class ID expected: 0
INFO:modules.yolo_detector:   - Confidence threshold: 0.25
INFO:modules.yolo_detector:   - All detections (conf>=0.25): 11
INFO:modules.yolo_detector:   - All classes found: [(0, 0.34185948967933655), (0, 0.37428170442581177), (0, 0.4208582937717438), (0, 0.44865426421165466), (0, 0.554440975189209), (0, 0.5734495520591736), (0, 0.6671785712242126), (0, 0.7543823719024658), (0, 0.7668999433517456), (0, 0.7915560007095337), (0, 0.8021609783172607)]
INFO:modules.yolo_detector:   - Person detections (class=0, conf>=0.25): 11
INFO:modules.yolo_detector:   - Sample person detection: bbox=[613, 335, 886, 529], conf=0.80, center=(749, 432)
INFO:modules.dress_code_monitoring:[camera_9] Counter ROI not configured - detecting uniforms everywhere in frame
INFO:modules.dress_code_monitoring:📊 [camera_9] DressCode Frame 4: Total detections: 0
INFO:modules.dress_code_monitoring:   Counter ROI configured: False, Queue ROI configured: False
INFO:modules.dress_code_monitoring:   Allowed uniforms in counter: []
INFO:modules.ppe_monitoring:🔍 PPE Frame 4: Running detection on frame shape=(720, 1280, 3)
INFO:modules.ppe_monitoring:📊 PPE Frame 4: Total detections: 0
INFO:modules.ppe_monitoring:   Detected PPE classes: set()
INFO:modules.ppe_monitoring:🔍 PPE Compliance Check Frame 4: is_compliant=True, violations=[]
INFO:modules.dress_code_monitoring:[camera_10] Counter ROI not configured - detecting uniforms everywhere in frame
INFO:modules.dress_code_monitoring:📊 [camera_10] DressCode Frame 4: Total detections: 6
INFO:modules.dress_code_monitoring:   Counter ROI configured: False, Queue ROI configured: False
INFO:modules.dress_code_monitoring:   Allowed uniforms in counter: []
INFO:modules.dress_code_monitoring:   Detected classes: {'Hairnet': 5, 'Apron': 1}
INFO:modules.dress_code_monitoring:   Detections by area: {'counter': 0, 'queue': 0, 'unknown': 0, 'everywhere': 6}
INFO:modules.dress_code_monitoring:   👔 Compliance items detected: ['Hairnet', 'Apron']
INFO:modules.ppe_monitoring:🔍 PPE Frame 4: Running detection on frame shape=(720, 1280, 3)
INFO:modules.ppe_monitoring:📊 PPE Frame 4: Total detections: 6
INFO:modules.ppe_monitoring:   Detected PPE classes: {'Apron', 'Hairnet'}
INFO:modules.ppe_monitoring:   All detected classes in frame: {'Apron', 'Hairnet'}
INFO:modules.ppe_monitoring:🔍 PPE Compliance Check Frame 4: is_compliant=True, violations=[]
INFO:modules.dress_code_monitoring:[camera_12] Counter ROI not configured - detecting uniforms everywhere in frame
INFO:modules.dress_code_monitoring:📊 [camera_12] DressCode Frame 4: Total detections: 0
INFO:modules.dress_code_monitoring:   Counter ROI configured: False, Queue ROI configured: False
INFO:modules.dress_code_monitoring:   Allowed uniforms in counter: []
INFO:modules.yolo_detector:🔍 YOLO Detection Debug (call #1):
INFO:modules.yolo_detector:   - Model: models/yolo11n.pt
INFO:modules.yolo_detector:   - Person class ID expected: 0
INFO:modules.yolo_detector:   - Confidence threshold: 0.4
INFO:modules.yolo_detector:   - All detections (conf>=0.25): 5
INFO:modules.yolo_detector:   - All classes found: [(0, 0.3852427303791046), (0, 0.3947049677371979), (0, 0.7098308801651001), (62, 0.2990915775299072), (62, 0.5331562757492065)]
INFO:modules.yolo_detector:   - Person detections (class=0, conf>=0.4): 1
INFO:modules.yolo_detector:   - Sample person detection: bbox=[87, 185, 173, 285], conf=0.71, center=(130, 235)
INFO:modules.material_theft_monitor:[camera_15] MaterialTheft Frame 4: item_detected=False, prev_detected=False, persons_nearby=False, cooldown_remaining=0.0s
INFO:modules.queue_monitor:  Detection: bbox=[762, 104, 895, 417], center=(828, 260), bottom_right=(895, 417), area=none
INFO:modules.queue_monitor:  Detection: bbox=[860, 97, 952, 495], center=(906, 296), bottom_right=(952, 495), area=none
INFO:modules.queue_monitor:[camera_17] Frame 2 detections:
INFO:modules.queue_monitor:  total=2, queue=0, counter=0, outside=2
INFO:modules.queue_monitor:  Queue ROI configured: False
INFO:modules.queue_monitor:  Counter ROI configured: False
INFO:modules.queue_monitor:  All detections classification:
INFO:modules.queue_monitor:    Det 1: bbox=[762, 104, 895, 417], center=(828, 260), area=none
INFO:modules.queue_monitor:    Det 2: bbox=[860, 97, 952, 495], center=(906, 296), area=none
INFO:modules.queue_monitor:[camera_17] Queue tracking debug (Frame 2):
INFO:modules.queue_monitor:  Detections passed to tracking: 0
INFO:modules.queue_monitor:  Active tracks in queue area: 0
INFO:modules.queue_monitor:  Dwell time threshold: 5.0s
INFO:modules.queue_monitor:  Final count: 0
INFO:modules.queue_monitor:[camera_17] Frame 2 tracking results:
INFO:modules.queue_monitor:  Counter detections passed to tracking: 0
INFO:modules.queue_monitor:  Counter count after tracking: 0
INFO:modules.queue_monitor:  Dwell time threshold: 0.0
INFO:modules.queue_monitor:  Uniform fallback enabled: True
INFO:modules.dress_code_monitoring:[camera_17] Counter ROI not configured - detecting uniforms everywhere in frame
INFO:modules.dress_code_monitoring:📊 [camera_17] DressCode Frame 2: Total detections: 0
INFO:modules.dress_code_monitoring:   Counter ROI configured: False, Queue ROI configured: False
INFO:modules.dress_code_monitoring:   Allowed uniforms in counter: []
INFO:modules.yolo_detector:🔍 YOLO Detection Debug (call #4):
INFO:modules.yolo_detector:   - Model: models/yolo11n.pt
INFO:modules.yolo_detector:   - Person class ID expected: 0
INFO:modules.yolo_detector:   - Confidence threshold: 0.25
INFO:modules.yolo_detector:   - All detections (conf>=0.25): 5
INFO:modules.yolo_detector:   - All classes found: [(0, 0.2921317219734192), (0, 0.31417495012283325), (0, 0.344335675239563), (0, 0.3583202660083771), (0, 0.6396228671073914)]
INFO:modules.yolo_detector:   - Person detections (class=0, conf>=0.25): 5
INFO:modules.yolo_detector:   - Sample person detection: bbox=[520, 77, 578, 291], conf=0.64, center=(549, 184)
INFO:modules.yolo_detector:🔍 YOLO Detection Debug (call #4):
INFO:modules.yolo_detector:   - Model: models/yolo11n.pt
INFO:modules.yolo_detector:   - Person class ID expected: 0
INFO:modules.yolo_detector:   - Confidence threshold: 0.25
INFO:modules.yolo_detector:   - All detections (conf>=0.25): 1
INFO:modules.yolo_detector:   - All classes found: [(0, 0.7478547096252441)]
INFO:modules.yolo_detector:   - Person detections (class=0, conf>=0.25): 1
INFO:modules.yolo_detector:   - Sample person detection: bbox=[500, 465, 645, 720], conf=0.75, center=(572, 592)
INFO:modules.dress_code_monitoring:[camera_20] Counter ROI not configured - detecting uniforms everywhere in frame
INFO:modules.dress_code_monitoring:📊 [camera_20] DressCode Frame 4: Total detections: 0
INFO:modules.dress_code_monitoring:   Counter ROI configured: False, Queue ROI configured: False
INFO:modules.dress_code_monitoring:   Allowed uniforms in counter: []
INFO:modules.ppe_monitoring:🔍 PPE Frame 4: Running detection on frame shape=(720, 1280, 3)
INFO:modules.ppe_monitoring:📊 PPE Frame 4: Total detections: 0
INFO:modules.ppe_monitoring:   Detected PPE classes: set()
INFO:modules.ppe_monitoring:🔍 PPE Compliance Check Frame 4: is_compliant=True, violations=[]
INFO:modules.yolo_detector:🔍 YOLO Detection Debug (call #4):
INFO:modules.yolo_detector:   - Model: models/yolo11n.pt
INFO:modules.yolo_detector:   - Person class ID expected: 0
INFO:modules.yolo_detector:   - Confidence threshold: 0.25
INFO:modules.yolo_detector:   - All detections (conf>=0.25): 2
INFO:modules.yolo_detector:   - All classes found: [(0, 0.7259276509284973), (0, 0.7537384629249573)]
INFO:modules.yolo_detector:   - Person detections (class=0, conf>=0.25): 2
INFO:modules.yolo_detector:   - Sample person detection: bbox=[591, 131, 696, 339], conf=0.75, center=(643, 235)
INFO:modules.yolo_detector:🔍 YOLO Detection Debug (call #3):
INFO:modules.yolo_detector:   - Model: models/yolo11n.pt
INFO:modules.yolo_detector:   - Person class ID expected: 0
INFO:modules.yolo_detector:   - Confidence threshold: 0.25
INFO:modules.yolo_detector:   - All detections (conf>=0.25): 2
INFO:modules.yolo_detector:   - All classes found: [(0, 0.4794211983680725), (0, 0.7805653214454651)]
INFO:modules.yolo_detector:   - Person detections (class=0, conf>=0.25): 2
INFO:modules.yolo_detector:   - Sample person detection: bbox=[661, 366, 768, 643], conf=0.78, center=(714, 504)
INFO:modules.dress_code_monitoring:[camera_25] Counter ROI not configured - detecting uniforms everywhere in frame
INFO:modules.dress_code_monitoring:📊 [camera_25] DressCode Frame 2: Total detections: 0
INFO:modules.dress_code_monitoring:   Counter ROI configured: False, Queue ROI configured: False
INFO:modules.dress_code_monitoring:   Allowed uniforms in counter: []
INFO:modules.ppe_monitoring:🔍 PPE Frame 2: Running detection on frame shape=(720, 1280, 3)
INFO:modules.ppe_monitoring:📊 PPE Frame 2: Total detections: 0
INFO:modules.ppe_monitoring:   Detected PPE classes: set()
INFO:modules.ppe_monitoring:🔍 PPE Compliance Check Frame 2: is_compliant=True, violations=[]
INFO:modules.dress_code_monitoring:[camera_27] Counter ROI not configured - detecting uniforms everywhere in frame
INFO:modules.dress_code_monitoring:📊 [camera_27] DressCode Frame 2: Total detections: 6
INFO:modules.dress_code_monitoring:   Counter ROI configured: False, Queue ROI configured: False
INFO:modules.dress_code_monitoring:   Allowed uniforms in counter: []
INFO:modules.dress_code_monitoring:   Detected classes: {'Hairnet': 6}
INFO:modules.dress_code_monitoring:   Detections by area: {'counter': 0, 'queue': 0, 'unknown': 0, 'everywhere': 6}
INFO:modules.dress_code_monitoring:   👔 Compliance items detected: ['Hairnet']
INFO:modules.ppe_monitoring:🔍 PPE Frame 2: Running detection on frame shape=(720, 1280, 3)
INFO:modules.ppe_monitoring:📊 PPE Frame 2: Total detections: 6
INFO:modules.ppe_monitoring:   Detected PPE classes: {'Hairnet'}
INFO:modules.ppe_monitoring:   All detected classes in frame: {'Hairnet'}
INFO:modules.ppe_monitoring:🔍 PPE Compliance Check Frame 2: is_compliant=True, violations=[]
INFO:modules.yolo_detector:🔍 YOLO Detection Debug (call #3):
INFO:modules.yolo_detector:   - Model: models/yolo11n.pt
INFO:modules.yolo_detector:   - Person class ID expected: 0
INFO:modules.yolo_detector:   - Confidence threshold: 0.5
INFO:modules.yolo_detector:   - All detections (conf>=0.25): 6
INFO:modules.yolo_detector:   - All classes found: [(0, 0.35228100419044495), (0, 0.43293505907058716), (0, 0.43430930376052856), (0, 0.8814493417739868), (0, 0.885148286819458), (0, 0.8906155228614807)]
INFO:modules.yolo_detector:   - Person detections (class=0, conf>=0.5): 3
INFO:modules.yolo_detector:   - Sample person detection: bbox=[974, 110, 1279, 715], conf=0.89, center=(1126, 412)
INFO:modules.queue_monitor:  Detection: bbox=[974, 110, 1279, 715], center=(1126, 412), bottom_right=(1279, 715), area=none
INFO:modules.queue_monitor:  Detection: bbox=[75, 47, 326, 564], center=(200, 305), bottom_right=(326, 564), area=none
INFO:modules.queue_monitor:  Detection: bbox=[770, 50, 1028, 585], center=(899, 317), bottom_right=(1028, 585), area=none
INFO:modules.queue_monitor:[camera_1] Frame 5 detections:
INFO:modules.queue_monitor:  total=3, queue=0, counter=0, outside=3
INFO:modules.queue_monitor:  Queue ROI configured: False
INFO:modules.queue_monitor:  Counter ROI configured: False
INFO:modules.queue_monitor:  All detections classification:
INFO:modules.queue_monitor:    Det 1: bbox=[974, 110, 1279, 715], center=(1126, 412), area=none
INFO:modules.queue_monitor:    Det 2: bbox=[75, 47, 326, 564], center=(200, 305), area=none
INFO:modules.queue_monitor:    Det 3: bbox=[770, 50, 1028, 585], center=(899, 317), area=none
INFO:modules.queue_monitor:[camera_1] Queue tracking debug (Frame 5):
INFO:modules.queue_monitor:  Detections passed to tracking: 0
INFO:modules.queue_monitor:  Active tracks in queue area: 0
INFO:modules.queue_monitor:  Dwell time threshold: 5.0s
INFO:modules.queue_monitor:  Final count: 0
INFO:modules.queue_monitor:[camera_1] Frame 5 tracking results:
INFO:modules.queue_monitor:  Counter detections passed to tracking: 0
INFO:modules.queue_monitor:  Counter count after tracking: 0
INFO:modules.queue_monitor:  Dwell time threshold: 0.0
INFO:modules.queue_monitor:  Uniform fallback enabled: True
INFO:modules.dress_code_monitoring:[camera_1] Raw uniform detections from best.pt: ['Uniform_grey', 'Uniform_black', 'Uniform_cream']
INFO:modules.dress_code_monitoring:[camera_1] Counter ROI not configured - detecting uniforms everywhere in frame
INFO:modules.dress_code_monitoring:📊 [camera_1] DressCode Frame 5: Total detections: 3
INFO:modules.dress_code_monitoring:   Counter ROI configured: False, Queue ROI configured: False
INFO:modules.dress_code_monitoring:   Allowed uniforms in counter: []
INFO:modules.dress_code_monitoring:   Detected classes: {'Uniform_grey': 1, 'Uniform_black': 1, 'Uniform_cream': 1}
INFO:modules.dress_code_monitoring:   Detections by area: {'counter': 0, 'queue': 0, 'unknown': 0, 'everywhere': 3}
INFO:modules.dress_code_monitoring:   👔 Uniforms everywhere: ['Uniform_grey', 'Uniform_black', 'Uniform_cream']
INFO:modules.dress_code_monitoring:[camera_1] Compliance check: Uniform=Uniform_grey, In counter=False
INFO:modules.dress_code_monitoring:   Is compliant: True, Violations: []
INFO:modules.dress_code_monitoring:   Allowed uniforms: []
INFO:modules.dress_code_monitoring:   Position key: Uniform_grey_900_200
INFO:modules.dress_code_monitoring:[camera_1] Compliance check: Uniform=Uniform_black, In counter=False
INFO:modules.dress_code_monitoring:   Is compliant: True, Violations: []
INFO:modules.dress_code_monitoring:   Allowed uniforms: []
INFO:modules.dress_code_monitoring:   Position key: Uniform_black_800_100
INFO:modules.dress_code_monitoring:[camera_1] Compliance check: Uniform=Uniform_cream, In counter=False
INFO:modules.dress_code_monitoring:   Is compliant: True, Violations: []
INFO:modules.dress_code_monitoring:   Allowed uniforms: []
INFO:modules.dress_code_monitoring:   Position key: Uniform_cream_1200_300
INFO:modules.yolo_detector:🔍 YOLO Detection Debug (call #3):
INFO:modules.yolo_detector:   - Model: models/yolo11n.pt
INFO:modules.yolo_detector:   - Person class ID expected: 0
INFO:modules.yolo_detector:   - Confidence threshold: 0.5
INFO:modules.yolo_detector:   - All detections (conf>=0.25): 3
INFO:modules.yolo_detector:   - All classes found: [(0, 0.3236590325832367), (0, 0.7399758696556091), (0, 0.8457104563713074)]
INFO:modules.yolo_detector:   - Person detections (class=0, conf>=0.5): 2
INFO:modules.yolo_detector:   - Sample person detection: bbox=[995, 218, 1279, 713], conf=0.85, center=(1137, 465)
INFO:modules.queue_monitor:  Detection: bbox=[995, 218, 1279, 713], center=(1137, 465), bottom_right=(1279, 713), area=none
INFO:modules.queue_monitor:  Detection: bbox=[127, 490, 469, 715], center=(298, 602), bottom_right=(469, 715), area=none
INFO:modules.queue_monitor:[camera_2] Frame 5 detections:
INFO:modules.queue_monitor:  total=2, queue=0, counter=0, outside=2
INFO:modules.queue_monitor:  Queue ROI configured: False
INFO:modules.queue_monitor:  Counter ROI configured: False
INFO:modules.queue_monitor:  All detections classification:
INFO:modules.queue_monitor:    Det 1: bbox=[995, 218, 1279, 713], center=(1137, 465), area=none
INFO:modules.queue_monitor:    Det 2: bbox=[127, 490, 469, 715], center=(298, 602), area=none
INFO:modules.queue_monitor:[camera_2] Queue tracking debug (Frame 5):
INFO:modules.queue_monitor:  Detections passed to tracking: 0
INFO:modules.queue_monitor:  Active tracks in queue area: 0
INFO:modules.queue_monitor:  Dwell time threshold: 5.0s
INFO:modules.queue_monitor:  Final count: 0
INFO:modules.queue_monitor:[camera_2] Frame 5 tracking results:
INFO:modules.queue_monitor:  Counter detections passed to tracking: 0
INFO:modules.queue_monitor:  Counter count after tracking: 0
INFO:modules.queue_monitor:  Dwell time threshold: 0.0
INFO:modules.queue_monitor:  Uniform fallback enabled: True
INFO:modules.dress_code_monitoring:[camera_2] Raw uniform detections from best.pt: ['Uniform_grey']
INFO:modules.dress_code_monitoring:[camera_2] Counter ROI not configured - detecting uniforms everywhere in frame
INFO:modules.dress_code_monitoring:📊 [camera_2] DressCode Frame 5: Total detections: 1
INFO:modules.dress_code_monitoring:   Counter ROI configured: False, Queue ROI configured: False
INFO:modules.dress_code_monitoring:   Allowed uniforms in counter: []
INFO:modules.dress_code_monitoring:   Detected classes: {'Uniform_grey': 1}
INFO:modules.dress_code_monitoring:   Detections by area: {'counter': 0, 'queue': 0, 'unknown': 0, 'everywhere': 1}
INFO:modules.dress_code_monitoring:   👔 Uniforms everywhere: ['Uniform_grey']
INFO:modules.dress_code_monitoring:[camera_2] Compliance check: Uniform=Uniform_grey, In counter=False
INFO:modules.dress_code_monitoring:   Is compliant: True, Violations: []
INFO:modules.dress_code_monitoring:   Allowed uniforms: []
INFO:modules.dress_code_monitoring:   Position key: Uniform_grey_200_600
INFO:modules.dress_code_monitoring:[camera_4] Counter ROI not configured - detecting uniforms everywhere in frame
INFO:modules.dress_code_monitoring:📊 [camera_4] DressCode Frame 5: Total detections: 0
INFO:modules.dress_code_monitoring:   Counter ROI configured: False, Queue ROI configured: False
INFO:modules.dress_code_monitoring:   Allowed uniforms in counter: []
INFO:modules.yolo_detector:🔍 YOLO Detection Debug (call #2):
INFO:modules.yolo_detector:   - Model: models/yolo11n.pt
INFO:modules.yolo_detector:   - Person class ID expected: 0
INFO:modules.yolo_detector:   - Confidence threshold: 0.25
INFO:modules.yolo_detector:   - All detections (conf>=0.25): 7
INFO:modules.yolo_detector:   - All classes found: [(0, 0.34664344787597656), (0, 0.47465983033180237), (0, 0.5525280237197876), (0, 0.596166729927063), (0, 0.6599782109260559), (0, 0.7571396827697754), (0, 0.8209044933319092)]
INFO:modules.yolo_detector:   - Person detections (class=0, conf>=0.25): 7
INFO:modules.yolo_detector:   - Sample person detection: bbox=[407, 97, 487, 306], conf=0.82, center=(447, 201)
INFO:modules.yolo_detector:🔍 YOLO Detection Debug (call #5):
INFO:modules.yolo_detector:   - Model: models/yolo11n.pt
INFO:modules.yolo_detector:   - Person class ID expected: 0
INFO:modules.yolo_detector:   - Confidence threshold: 0.25
INFO:modules.yolo_detector:   - All detections (conf>=0.25): 7
INFO:modules.yolo_detector:   - All classes found: [(0, 0.34664344787597656), (0, 0.47465983033180237), (0, 0.5525280237197876), (0, 0.596166729927063), (0, 0.6599782109260559), (0, 0.7571396827697754), (0, 0.8209044933319092)]
INFO:modules.yolo_detector:   - Person detections (class=0, conf>=0.25): 7
INFO:modules.yolo_detector:   - Sample person detection: bbox=[407, 97, 487, 306], conf=0.82, center=(447, 201)
INFO:modules.dress_code_monitoring:[camera_5] Counter ROI not configured - detecting uniforms everywhere in frame
INFO:modules.dress_code_monitoring:📊 [camera_5] DressCode Frame 5: Total detections: 0
INFO:modules.dress_code_monitoring:   Counter ROI configured: False, Queue ROI configured: False
INFO:modules.dress_code_monitoring:   Allowed uniforms in counter: []
INFO:modules.yolo_detector:🔍 YOLO Detection Debug (call #2):
INFO:modules.yolo_detector:   - Model: models/yolo11n.pt
INFO:modules.yolo_detector:   - Person class ID expected: 0
INFO:modules.yolo_detector:   - Confidence threshold: 0.25
INFO:modules.yolo_detector:   - All detections (conf>=0.25): 3
INFO:modules.yolo_detector:   - All classes found: [(0, 0.43674880266189575), (0, 0.46974191069602966), (0, 0.6954872012138367)]
INFO:modules.yolo_detector:   - Person detections (class=0, conf>=0.25): 3
INFO:modules.yolo_detector:   - Sample person detection: bbox=[380, 44, 441, 180], conf=0.70, center=(410, 112)
INFO:modules.yolo_detector:🔍 YOLO Detection Debug (call #5):
INFO:modules.yolo_detector:   - Model: models/yolo11n.pt
INFO:modules.yolo_detector:   - Person class ID expected: 0
INFO:modules.yolo_detector:   - Confidence threshold: 0.25
INFO:modules.yolo_detector:   - All detections (conf>=0.25): 3
INFO:modules.yolo_detector:   - All classes found: [(0, 0.43674880266189575), (0, 0.46974191069602966), (0, 0.6954872012138367)]
INFO:modules.yolo_detector:   - Person detections (class=0, conf>=0.25): 3
INFO:modules.yolo_detector:   - Sample person detection: bbox=[380, 44, 441, 180], conf=0.70, center=(410, 112)
INFO:modules.dress_code_monitoring:[camera_6] Raw uniform detections from best.pt: ['Uniform_grey']
INFO:modules.dress_code_monitoring:[camera_6] Counter ROI not configured - detecting uniforms everywhere in frame
INFO:modules.dress_code_monitoring:📊 [camera_6] DressCode Frame 5: Total detections: 1
INFO:modules.dress_code_monitoring:   Counter ROI configured: False, Queue ROI configured: False
INFO:modules.dress_code_monitoring:   Allowed uniforms in counter: []
INFO:modules.dress_code_monitoring:   Detected classes: {'Uniform_grey': 1}
INFO:modules.dress_code_monitoring:   Detections by area: {'counter': 0, 'queue': 0, 'unknown': 0, 'everywhere': 1}
INFO:modules.dress_code_monitoring:   👔 Uniforms everywhere: ['Uniform_grey']
INFO:modules.dress_code_monitoring:[camera_6] Compliance check: Uniform=Uniform_grey, In counter=False
INFO:modules.dress_code_monitoring:   Is compliant: True, Violations: []
INFO:modules.dress_code_monitoring:   Allowed uniforms: []
INFO:modules.dress_code_monitoring:   Position key: Uniform_grey_900_300
INFO:modules.yolo_detector:🔍 YOLO Detection Debug (call #2):
INFO:modules.yolo_detector:   - Model: models/yolo11n.pt
INFO:modules.yolo_detector:   - Person class ID expected: 0
INFO:modules.yolo_detector:   - Confidence threshold: 0.25
INFO:modules.yolo_detector:   - All detections (conf>=0.25): 9
INFO:modules.yolo_detector:   - All classes found: [(0, 0.2856786549091339), (0, 0.3061647117137909), (0, 0.3300999402999878), (0, 0.33969637751579285), (0, 0.5241662263870239), (0, 0.6001989245414734), (0, 0.67891526222229), (0, 0.8090025186538696), (0, 0.9000430107116699)]
INFO:modules.yolo_detector:   - Person detections (class=0, conf>=0.25): 9
INFO:modules.yolo_detector:   - Sample person detection: bbox=[881, 217, 1024, 496], conf=0.90, center=(952, 356)
INFO:modules.yolo_detector:🔍 YOLO Detection Debug (call #5):
INFO:modules.yolo_detector:   - Model: models/yolo11n.pt
INFO:modules.yolo_detector:   - Person class ID expected: 0
INFO:modules.yolo_detector:   - Confidence threshold: 0.25
INFO:modules.yolo_detector:   - All detections (conf>=0.25): 9
INFO:modules.yolo_detector:   - All classes found: [(0, 0.2856786549091339), (0, 0.3061647117137909), (0, 0.3300999402999878), (0, 0.33969637751579285), (0, 0.5241662263870239), (0, 0.6001989245414734), (0, 0.67891526222229), (0, 0.8090025186538696), (0, 0.9000430107116699)]
INFO:modules.yolo_detector:   - Person detections (class=0, conf>=0.25): 9
INFO:modules.yolo_detector:   - Sample person detection: bbox=[881, 217, 1024, 496], conf=0.90, center=(952, 356)
INFO:modules.dress_code_monitoring:[camera_7] Raw uniform detections from best.pt: ['Uniform_grey', 'Uniform_grey', 'Uniform_grey']
INFO:modules.dress_code_monitoring:[camera_7] Counter ROI not configured - detecting uniforms everywhere in frame
INFO:modules.dress_code_monitoring:📊 [camera_7] DressCode Frame 5: Total detections: 7
INFO:modules.dress_code_monitoring:   Counter ROI configured: False, Queue ROI configured: False
INFO:modules.dress_code_monitoring:   Allowed uniforms in counter: []
INFO:modules.dress_code_monitoring:   Detected classes: {'Uniform_grey': 3, 'Hairnet': 4}
INFO:modules.dress_code_monitoring:   Detections by area: {'counter': 0, 'queue': 0, 'unknown': 0, 'everywhere': 7}
INFO:modules.dress_code_monitoring:   👔 Uniforms everywhere: ['Uniform_grey', 'Uniform_grey', 'Uniform_grey']
INFO:modules.dress_code_monitoring:   👔 Compliance items detected: ['Hairnet']
INFO:modules.dress_code_monitoring:[camera_7] Compliance check: Uniform=Uniform_grey, In counter=False
INFO:modules.dress_code_monitoring:   Is compliant: True, Violations: []
INFO:modules.dress_code_monitoring:   Allowed uniforms: []
INFO:modules.dress_code_monitoring:   Position key: Uniform_grey_300_200
INFO:modules.dress_code_monitoring:[camera_7] Compliance check: Uniform=Uniform_grey, In counter=False
INFO:modules.dress_code_monitoring:   Is compliant: True, Violations: []
INFO:modules.dress_code_monitoring:   Allowed uniforms: []
INFO:modules.dress_code_monitoring:   Position key: Uniform_grey_500_100
INFO:modules.dress_code_monitoring:[camera_7] Compliance check: Uniform=Uniform_grey, In counter=False
INFO:modules.dress_code_monitoring:   Is compliant: True, Violations: []
INFO:modules.dress_code_monitoring:   Allowed uniforms: []
INFO:modules.dress_code_monitoring:   Position key: Uniform_grey_0_200
INFO:modules.yolo_detector:🔍 YOLO Detection Debug (call #2):
INFO:modules.yolo_detector:   - Model: models/yolo11n.pt
INFO:modules.yolo_detector:   - Person class ID expected: 0
INFO:modules.yolo_detector:   - Confidence threshold: 0.25
INFO:modules.yolo_detector:   - All detections (conf>=0.25): 12
INFO:modules.yolo_detector:   - All classes found: [(0, 0.2523018419742584), (0, 0.26306983828544617), (0, 0.2983851432800293), (0, 0.45389649271965027), (0, 0.48498594760894775), (0, 0.5156224370002747), (0, 0.5237994194030762), (0, 0.6168365478515625), (0, 0.8526792526245117), (0, 0.8674803376197815), (0, 0.8729352951049805), (0, 0.8793755769729614)]
INFO:modules.yolo_detector:   - Person detections (class=0, conf>=0.25): 12
INFO:modules.yolo_detector:   - Sample person detection: bbox=[777, 314, 1006, 545], conf=0.88, center=(891, 429)
INFO:modules.yolo_detector:🔍 YOLO Detection Debug (call #5):
INFO:modules.yolo_detector:   - Model: models/yolo11n.pt
INFO:modules.yolo_detector:   - Person class ID expected: 0
INFO:modules.yolo_detector:   - Confidence threshold: 0.25
INFO:modules.yolo_detector:   - All detections (conf>=0.25): 12
INFO:modules.yolo_detector:   - All classes found: [(0, 0.2523018419742584), (0, 0.26306983828544617), (0, 0.2983851432800293), (0, 0.45389649271965027), (0, 0.48498594760894775), (0, 0.5156224370002747), (0, 0.5237994194030762), (0, 0.6168365478515625), (0, 0.8526792526245117), (0, 0.8674803376197815), (0, 0.8729352951049805), (0, 0.8793755769729614)]
INFO:modules.yolo_detector:   - Person detections (class=0, conf>=0.25): 12
INFO:modules.yolo_detector:   - Sample person detection: bbox=[777, 314, 1006, 545], conf=0.88, center=(891, 429)
INFO:modules.dress_code_monitoring:[camera_8] Raw uniform detections from best.pt: ['Uniform_black', 'Uniform_grey', 'Uniform_grey']
INFO:modules.dress_code_monitoring:[camera_8] Counter ROI not configured - detecting uniforms everywhere in frame
INFO:modules.dress_code_monitoring:📊 [camera_8] DressCode Frame 5: Total detections: 4
INFO:modules.dress_code_monitoring:   Counter ROI configured: False, Queue ROI configured: False
INFO:modules.dress_code_monitoring:   Allowed uniforms in counter: []
INFO:modules.dress_code_monitoring:   Detected classes: {'Uniform_black': 1, 'Uniform_grey': 2, 'Hairnet': 1}
INFO:modules.dress_code_monitoring:   Detections by area: {'counter': 0, 'queue': 0, 'unknown': 0, 'everywhere': 4}
INFO:modules.dress_code_monitoring:   👔 Uniforms everywhere: ['Uniform_black', 'Uniform_grey', 'Uniform_grey']
INFO:modules.dress_code_monitoring:   👔 Compliance items detected: ['Hairnet']
INFO:modules.dress_code_monitoring:[camera_8] Compliance check: Uniform=Uniform_black, In counter=False
INFO:modules.dress_code_monitoring:   Is compliant: True, Violations: []
INFO:modules.dress_code_monitoring:   Allowed uniforms: []
INFO:modules.dress_code_monitoring:   Position key: Uniform_black_500_100
INFO:modules.dress_code_monitoring:[camera_8] Compliance check: Uniform=Uniform_grey, In counter=False
INFO:modules.dress_code_monitoring:   Is compliant: True, Violations: []
INFO:modules.dress_code_monitoring:   Allowed uniforms: []
INFO:modules.dress_code_monitoring:   Position key: Uniform_grey_1100_100
INFO:modules.dress_code_monitoring:[camera_8] Compliance check: Uniform=Uniform_grey, In counter=False
INFO:modules.dress_code_monitoring:   Is compliant: True, Violations: []
INFO:modules.dress_code_monitoring:   Allowed uniforms: []
INFO:modules.dress_code_monitoring:   Position key: Uniform_grey_1000_100
INFO:modules.yolo_detector:🔍 YOLO Detection Debug (call #2):
INFO:modules.yolo_detector:   - Model: models/yolo11n.pt
INFO:modules.yolo_detector:   - Person class ID expected: 0
INFO:modules.yolo_detector:   - Confidence threshold: 0.25
INFO:modules.yolo_detector:   - All detections (conf>=0.25): 11
INFO:modules.yolo_detector:   - All classes found: [(0, 0.31878745555877686), (0, 0.36967724561691284), (0, 0.41228702664375305), (0, 0.41266095638275146), (0, 0.4732249081134796), (0, 0.6046930551528931), (0, 0.6429613828659058), (0, 0.7459065318107605), (0, 0.7624444961547852), (0, 0.798505425453186), (0, 0.8517705798149109)]
INFO:modules.yolo_detector:   - Person detections (class=0, conf>=0.25): 11
INFO:modules.yolo_detector:   - Sample person detection: bbox=[531, 46, 652, 272], conf=0.85, center=(591, 159)
INFO:modules.yolo_detector:🔍 YOLO Detection Debug (call #5):
INFO:modules.yolo_detector:   - Model: models/yolo11n.pt
INFO:modules.yolo_detector:   - Person class ID expected: 0
INFO:modules.yolo_detector:   - Confidence threshold: 0.25
INFO:modules.yolo_detector:   - All detections (conf>=0.25): 11
INFO:modules.yolo_detector:   - All classes found: [(0, 0.31878745555877686), (0, 0.36967724561691284), (0, 0.41228702664375305), (0, 0.41266095638275146), (0, 0.4732249081134796), (0, 0.6046930551528931), (0, 0.6429613828659058), (0, 0.7459065318107605), (0, 0.7624444961547852), (0, 0.798505425453186), (0, 0.8517705798149109)]
INFO:modules.yolo_detector:   - Person detections (class=0, conf>=0.25): 11
INFO:modules.yolo_detector:   - Sample person detection: bbox=[531, 46, 652, 272], conf=0.85, center=(591, 159)
INFO:modules.service_discipline_monitor:[camera_8] 🪑 T_seated: Customer track 15 at table table_7
INFO:modules.dress_code_monitoring:[camera_9] Counter ROI not configured - detecting uniforms everywhere in frame
INFO:modules.dress_code_monitoring:📊 [camera_9] DressCode Frame 5: Total detections: 0
INFO:modules.dress_code_monitoring:   Counter ROI configured: False, Queue ROI configured: False
INFO:modules.dress_code_monitoring:   Allowed uniforms in counter: []
INFO:modules.ppe_monitoring:🔍 PPE Frame 5: Running detection on frame shape=(720, 1280, 3)
INFO:modules.ppe_monitoring:📊 PPE Frame 5: Total detections: 0
INFO:modules.ppe_monitoring:   Detected PPE classes: set()
INFO:modules.ppe_monitoring:🔍 PPE Compliance Check Frame 5: is_compliant=True, violations=[]
INFO:modules.dress_code_monitoring:[camera_10] Counter ROI not configured - detecting uniforms everywhere in frame
INFO:modules.dress_code_monitoring:📊 [camera_10] DressCode Frame 5: Total detections: 6
INFO:modules.dress_code_monitoring:   Counter ROI configured: False, Queue ROI configured: False
INFO:modules.dress_code_monitoring:   Allowed uniforms in counter: []
INFO:modules.dress_code_monitoring:   Detected classes: {'Hairnet': 5, 'Apron': 1}
INFO:modules.dress_code_monitoring:   Detections by area: {'counter': 0, 'queue': 0, 'unknown': 0, 'everywhere': 6}
INFO:modules.dress_code_monitoring:   👔 Compliance items detected: ['Hairnet', 'Apron']
INFO:modules.ppe_monitoring:🔍 PPE Frame 5: Running detection on frame shape=(720, 1280, 3)
INFO:modules.ppe_monitoring:📊 PPE Frame 5: Total detections: 6
INFO:modules.ppe_monitoring:   Detected PPE classes: {'Apron', 'Hairnet'}
INFO:modules.ppe_monitoring:   All detected classes in frame: {'Apron', 'Hairnet'}
INFO:modules.ppe_monitoring:🔍 PPE Compliance Check Frame 5: is_compliant=True, violations=[]
INFO:modules.dress_code_monitoring:[camera_12] Counter ROI not configured - detecting uniforms everywhere in frame
INFO:modules.dress_code_monitoring:📊 [camera_12] DressCode Frame 5: Total detections: 0
INFO:modules.dress_code_monitoring:   Counter ROI configured: False, Queue ROI configured: False
INFO:modules.dress_code_monitoring:   Allowed uniforms in counter: []
INFO:modules.material_theft_monitor:[camera_15] MaterialTheft Frame 5: item_detected=False, prev_detected=False, persons_nearby=False, cooldown_remaining=0.0s
INFO:modules.yolo_detector:🔍 YOLO Detection Debug (call #2):
INFO:modules.yolo_detector:   - Model: models/yolo11n.pt
INFO:modules.yolo_detector:   - Person class ID expected: 0
INFO:modules.yolo_detector:   - Confidence threshold: 0.5
INFO:modules.yolo_detector:   - All detections (conf>=0.25): 1
INFO:modules.yolo_detector:   - All classes found: [(0, 0.5892461538314819)]
INFO:modules.yolo_detector:   - Person detections (class=0, conf>=0.5): 1
INFO:modules.yolo_detector:   - Sample person detection: bbox=[751, 93, 848, 428], conf=0.59, center=(799, 260)
INFO:modules.queue_monitor:  Detection: bbox=[751, 93, 848, 428], center=(799, 260), bottom_right=(848, 428), area=none
INFO:modules.queue_monitor:[camera_17] Frame 3 detections:
INFO:modules.queue_monitor:  total=1, queue=0, counter=0, outside=1
INFO:modules.queue_monitor:  Queue ROI configured: False
INFO:modules.queue_monitor:  Counter ROI configured: False
INFO:modules.queue_monitor:  All detections classification:
INFO:modules.queue_monitor:    Det 1: bbox=[751, 93, 848, 428], center=(799, 260), area=none
INFO:modules.queue_monitor:[camera_17] Queue tracking debug (Frame 3):
INFO:modules.queue_monitor:  Detections passed to tracking: 0
INFO:modules.queue_monitor:  Active tracks in queue area: 0
INFO:modules.queue_monitor:  Dwell time threshold: 5.0s
INFO:modules.queue_monitor:  Final count: 0
INFO:modules.queue_monitor:[camera_17] Frame 3 tracking results:
INFO:modules.queue_monitor:  Counter detections passed to tracking: 0
INFO:modules.queue_monitor:  Counter count after tracking: 0
INFO:modules.queue_monitor:  Dwell time threshold: 0.0
INFO:modules.queue_monitor:  Uniform fallback enabled: True
INFO:modules.dress_code_monitoring:[camera_17] Counter ROI not configured - detecting uniforms everywhere in frame
INFO:modules.dress_code_monitoring:📊 [camera_17] DressCode Frame 3: Total detections: 0
INFO:modules.dress_code_monitoring:   Counter ROI configured: False, Queue ROI configured: False
INFO:modules.dress_code_monitoring:   Allowed uniforms in counter: []
INFO:modules.yolo_detector:🔍 YOLO Detection Debug (call #2):
INFO:modules.yolo_detector:   - Model: models/yolo11n.pt
INFO:modules.yolo_detector:   - Person class ID expected: 0
INFO:modules.yolo_detector:   - Confidence threshold: 0.25
INFO:modules.yolo_detector:   - All detections (conf>=0.25): 5
INFO:modules.yolo_detector:   - All classes found: [(0, 0.25445178151130676), (0, 0.3683589696884155), (0, 0.3727092146873474), (0, 0.39919793605804443), (0, 0.6327229738235474)]
INFO:modules.yolo_detector:   - Person detections (class=0, conf>=0.25): 5
INFO:modules.yolo_detector:   - Sample person detection: bbox=[521, 80, 575, 291], conf=0.63, center=(548, 185)
INFO:modules.yolo_detector:🔍 YOLO Detection Debug (call #5):
INFO:modules.yolo_detector:   - Model: models/yolo11n.pt
INFO:modules.yolo_detector:   - Person class ID expected: 0
INFO:modules.yolo_detector:   - Confidence threshold: 0.25
INFO:modules.yolo_detector:   - All detections (conf>=0.25): 5
INFO:modules.yolo_detector:   - All classes found: [(0, 0.25445178151130676), (0, 0.3683589696884155), (0, 0.3727092146873474), (0, 0.39919793605804443), (0, 0.6327229738235474)]
INFO:modules.yolo_detector:   - Person detections (class=0, conf>=0.25): 5
INFO:modules.yolo_detector:   - Sample person detection: bbox=[521, 80, 575, 291], conf=0.63, center=(548, 185)
INFO:modules.yolo_detector:🔍 YOLO Detection Debug (call #2):
INFO:modules.yolo_detector:   - Model: models/yolo11n.pt
INFO:modules.yolo_detector:   - Person class ID expected: 0
INFO:modules.yolo_detector:   - Confidence threshold: 0.25
INFO:modules.yolo_detector:   - All detections (conf>=0.25): 1
INFO:modules.yolo_detector:   - All classes found: [(0, 0.7556701302528381)]
INFO:modules.yolo_detector:   - Person detections (class=0, conf>=0.25): 1
INFO:modules.yolo_detector:   - Sample person detection: bbox=[498, 465, 643, 720], conf=0.76, center=(570, 592)
INFO:modules.yolo_detector:🔍 YOLO Detection Debug (call #5):
INFO:modules.yolo_detector:   - Model: models/yolo11n.pt
INFO:modules.yolo_detector:   - Person class ID expected: 0
INFO:modules.yolo_detector:   - Confidence threshold: 0.25
INFO:modules.yolo_detector:   - All detections (conf>=0.25): 1
INFO:modules.yolo_detector:   - All classes found: [(0, 0.7556701302528381)]
INFO:modules.yolo_detector:   - Person detections (class=0, conf>=0.25): 1
INFO:modules.yolo_detector:   - Sample person detection: bbox=[498, 465, 643, 720], conf=0.76, center=(570, 592)
INFO:modules.dress_code_monitoring:[camera_20] Counter ROI not configured - detecting uniforms everywhere in frame
INFO:modules.dress_code_monitoring:📊 [camera_20] DressCode Frame 5: Total detections: 0
INFO:modules.dress_code_monitoring:   Counter ROI configured: False, Queue ROI configured: False
INFO:modules.dress_code_monitoring:   Allowed uniforms in counter: []
INFO:modules.ppe_monitoring:🔍 PPE Frame 5: Running detection on frame shape=(720, 1280, 3)
INFO:modules.ppe_monitoring:📊 PPE Frame 5: Total detections: 0
INFO:modules.ppe_monitoring:   Detected PPE classes: set()
INFO:modules.ppe_monitoring:🔍 PPE Compliance Check Frame 5: is_compliant=True, violations=[]
INFO:modules.yolo_detector:🔍 YOLO Detection Debug (call #5):
INFO:modules.yolo_detector:   - Model: models/yolo11n.pt
INFO:modules.yolo_detector:   - Person class ID expected: 0
INFO:modules.yolo_detector:   - Confidence threshold: 0.25
INFO:modules.yolo_detector:   - All detections (conf>=0.25): 2
INFO:modules.yolo_detector:   - All classes found: [(0, 0.6253340840339661), (0, 0.6895368099212646)]
INFO:modules.yolo_detector:   - Person detections (class=0, conf>=0.25): 2
INFO:modules.yolo_detector:   - Sample person detection: bbox=[763, 16, 809, 253], conf=0.69, center=(786, 134)
INFO:modules.yolo_detector:🔍 YOLO Detection Debug (call #4):
INFO:modules.yolo_detector:   - Model: models/yolo11n.pt
INFO:modules.yolo_detector:   - Person class ID expected: 0
INFO:modules.yolo_detector:   - Confidence threshold: 0.25
INFO:modules.yolo_detector:   - All detections (conf>=0.25): 2
INFO:modules.yolo_detector:   - All classes found: [(0, 0.564190149307251), (0, 0.7903071045875549)]
INFO:modules.yolo_detector:   - Person detections (class=0, conf>=0.25): 2
INFO:modules.yolo_detector:   - Sample person detection: bbox=[661, 373, 767, 642], conf=0.79, center=(714, 507)
INFO:modules.dress_code_monitoring:[camera_25] Counter ROI not configured - detecting uniforms everywhere in frame
INFO:modules.dress_code_monitoring:📊 [camera_25] DressCode Frame 3: Total detections: 0
INFO:modules.dress_code_monitoring:   Counter ROI configured: False, Queue ROI configured: False
INFO:modules.dress_code_monitoring:   Allowed uniforms in counter: []
INFO:modules.ppe_monitoring:🔍 PPE Frame 3: Running detection on frame shape=(720, 1280, 3)
INFO:modules.ppe_monitoring:📊 PPE Frame 3: Total detections: 0
INFO:modules.ppe_monitoring:   Detected PPE classes: set()
INFO:modules.ppe_monitoring:🔍 PPE Compliance Check Frame 3: is_compliant=True, violations=[]
INFO:modules.dress_code_monitoring:[camera_27] Counter ROI not configured - detecting uniforms everywhere in frame
INFO:modules.dress_code_monitoring:📊 [camera_27] DressCode Frame 3: Total detections: 5
INFO:modules.dress_code_monitoring:   Counter ROI configured: False, Queue ROI configured: False
INFO:modules.dress_code_monitoring:   Allowed uniforms in counter: []
INFO:modules.dress_code_monitoring:   Detected classes: {'Hairnet': 5}
INFO:modules.dress_code_monitoring:   Detections by area: {'counter': 0, 'queue': 0, 'unknown': 0, 'everywhere': 5}
INFO:modules.dress_code_monitoring:   👔 Compliance items detected: ['Hairnet']
INFO:modules.ppe_monitoring:🔍 PPE Frame 3: Running detection on frame shape=(720, 1280, 3)
INFO:modules.ppe_monitoring:📊 PPE Frame 3: Total detections: 5
INFO:modules.ppe_monitoring:   Detected PPE classes: {'Hairnet'}
INFO:modules.ppe_monitoring:   All detected classes in frame: {'Hairnet'}
INFO:modules.ppe_monitoring:🔍 PPE Compliance Check Frame 3: is_compliant=True, violations=[]
INFO:modules.queue_monitor:  Detection: bbox=[974, 110, 1279, 715], center=(1126, 412), bottom_right=(1279, 715), area=none
INFO:modules.queue_monitor:  Detection: bbox=[75, 47, 326, 564], center=(200, 305), bottom_right=(326, 564), area=none
INFO:modules.queue_monitor:  Detection: bbox=[770, 50, 1028, 585], center=(899, 317), bottom_right=(1028, 585), area=none
INFO:modules.queue_monitor:[camera_1] Frame 6 detections:
INFO:modules.queue_monitor:  total=3, queue=0, counter=0, outside=3
INFO:modules.queue_monitor:  Queue ROI configured: False
INFO:modules.queue_monitor:  Counter ROI configured: False
INFO:modules.queue_monitor:  All detections classification:
INFO:modules.queue_monitor:    Det 1: bbox=[974, 110, 1279, 715], center=(1126, 412), area=none
INFO:modules.queue_monitor:    Det 2: bbox=[75, 47, 326, 564], center=(200, 305), area=none
INFO:modules.queue_monitor:    Det 3: bbox=[770, 50, 1028, 585], center=(899, 317), area=none
INFO:modules.queue_monitor:[camera_1] Queue tracking debug (Frame 6):
INFO:modules.queue_monitor:  Detections passed to tracking: 0
INFO:modules.queue_monitor:  Active tracks in queue area: 0
INFO:modules.queue_monitor:  Dwell time threshold: 5.0s
INFO:modules.queue_monitor:  Final count: 0
INFO:modules.queue_monitor:[camera_1] Frame 6 tracking results:
INFO:modules.queue_monitor:  Counter detections passed to tracking: 0
INFO:modules.queue_monitor:  Counter count after tracking: 0
INFO:modules.queue_monitor:  Dwell time threshold: 0.0
INFO:modules.queue_monitor:  Uniform fallback enabled: True
INFO:modules.dress_code_monitoring:📊 [camera_1] DressCode Frame 6: Total detections: 2
INFO:modules.dress_code_monitoring:   Counter ROI configured: False, Queue ROI configured: False
INFO:modules.dress_code_monitoring:   Allowed uniforms in counter: []
INFO:modules.dress_code_monitoring:   Detected classes: {'Uniform_cream': 1, 'Uniform_grey': 1}
INFO:modules.dress_code_monitoring:   Detections by area: {'counter': 0, 'queue': 0, 'unknown': 0, 'everywhere': 2}
INFO:modules.dress_code_monitoring:   👔 Uniforms everywhere: ['Uniform_cream', 'Uniform_grey']
INFO:modules.dress_code_monitoring:[camera_1] Compliance check: Uniform=Uniform_cream, In counter=False
INFO:modules.dress_code_monitoring:   Is compliant: True, Violations: []
INFO:modules.dress_code_monitoring:   Allowed uniforms: []
INFO:modules.dress_code_monitoring:   Position key: Uniform_cream_1200_300
INFO:modules.dress_code_monitoring:[camera_1] Compliance check: Uniform=Uniform_grey, In counter=False
INFO:modules.dress_code_monitoring:   Is compliant: True, Violations: []
INFO:modules.dress_code_monitoring:   Allowed uniforms: []
INFO:modules.dress_code_monitoring:   Position key: Uniform_grey_900_200
INFO:modules.queue_monitor:  Detection: bbox=[995, 218, 1279, 713], center=(1137, 465), bottom_right=(1279, 713), area=none
INFO:modules.queue_monitor:  Detection: bbox=[127, 490, 469, 715], center=(298, 602), bottom_right=(469, 715), area=none
INFO:modules.queue_monitor:[camera_2] Frame 6 detections:
INFO:modules.queue_monitor:  total=2, queue=0, counter=0, outside=2
INFO:modules.queue_monitor:  Queue ROI configured: False
INFO:modules.queue_monitor:  Counter ROI configured: False
INFO:modules.queue_monitor:  All detections classification:
INFO:modules.queue_monitor:    Det 1: bbox=[995, 218, 1279, 713], center=(1137, 465), area=none
INFO:modules.queue_monitor:    Det 2: bbox=[127, 490, 469, 715], center=(298, 602), area=none
INFO:modules.queue_monitor:[camera_2] Queue tracking debug (Frame 6):
INFO:modules.queue_monitor:  Detections passed to tracking: 0
INFO:modules.queue_monitor:  Active tracks in queue area: 0
INFO:modules.queue_monitor:  Dwell time threshold: 5.0s
INFO:modules.queue_monitor:  Final count: 0
INFO:modules.queue_monitor:[camera_2] Frame 6 tracking results:
INFO:modules.queue_monitor:  Counter detections passed to tracking: 0
INFO:modules.queue_monitor:  Counter count after tracking: 0
INFO:modules.queue_monitor:  Dwell time threshold: 0.0
INFO:modules.queue_monitor:  Uniform fallback enabled: True
INFO:modules.dress_code_monitoring:📊 [camera_2] DressCode Frame 6: Total detections: 1
INFO:modules.dress_code_monitoring:   Counter ROI configured: False, Queue ROI configured: False
INFO:modules.dress_code_monitoring:   Allowed uniforms in counter: []
INFO:modules.dress_code_monitoring:   Detected classes: {'Uniform_grey': 1}
INFO:modules.dress_code_monitoring:   Detections by area: {'counter': 0, 'queue': 0, 'unknown': 0, 'everywhere': 1}
INFO:modules.dress_code_monitoring:   👔 Uniforms everywhere: ['Uniform_grey']
INFO:modules.dress_code_monitoring:[camera_2] Compliance check: Uniform=Uniform_grey, In counter=False
INFO:modules.dress_code_monitoring:   Is compliant: True, Violations: []
INFO:modules.dress_code_monitoring:   Allowed uniforms: []
INFO:modules.dress_code_monitoring:   Position key: Uniform_grey_200_600
INFO:modules.dress_code_monitoring:📊 [camera_4] DressCode Frame 6: Total detections: 0
INFO:modules.dress_code_monitoring:   Counter ROI configured: False, Queue ROI configured: False
INFO:modules.dress_code_monitoring:   Allowed uniforms in counter: []
INFO:modules.yolo_detector:🔍 YOLO Detection Debug (call #6):
INFO:modules.yolo_detector:   - Model: models/yolo11n.pt
INFO:modules.yolo_detector:   - Person class ID expected: 0
INFO:modules.yolo_detector:   - Confidence threshold: 0.25
INFO:modules.yolo_detector:   - All detections (conf>=0.25): 7
INFO:modules.yolo_detector:   - All classes found: [(0, 0.3552071154117584), (0, 0.47236377000808716), (0, 0.5348653197288513), (0, 0.545746386051178), (0, 0.5764011144638062), (0, 0.7587094902992249), (0, 0.8268973231315613)]
INFO:modules.yolo_detector:   - Person detections (class=0, conf>=0.25): 7
INFO:modules.yolo_detector:   - Sample person detection: bbox=[410, 97, 487, 306], conf=0.83, center=(448, 201)
INFO:modules.dress_code_monitoring:📊 [camera_5] DressCode Frame 6: Total detections: 0
INFO:modules.dress_code_monitoring:   Counter ROI configured: False, Queue ROI configured: False
INFO:modules.dress_code_monitoring:   Allowed uniforms in counter: []
INFO:modules.yolo_detector:🔍 YOLO Detection Debug (call #6):
INFO:modules.yolo_detector:   - Model: models/yolo11n.pt
INFO:modules.yolo_detector:   - Person class ID expected: 0
INFO:modules.yolo_detector:   - Confidence threshold: 0.25
INFO:modules.yolo_detector:   - All detections (conf>=0.25): 3
INFO:modules.yolo_detector:   - All classes found: [(0, 0.30727285146713257), (0, 0.4149196743965149), (0, 0.7360343337059021)]
INFO:modules.yolo_detector:   - Person detections (class=0, conf>=0.25): 3
INFO:modules.yolo_detector:   - Sample person detection: bbox=[379, 43, 439, 179], conf=0.74, center=(409, 111)
INFO:modules.dress_code_monitoring:📊 [camera_6] DressCode Frame 6: Total detections: 1
INFO:modules.dress_code_monitoring:   Counter ROI configured: False, Queue ROI configured: False
INFO:modules.dress_code_monitoring:   Allowed uniforms in counter: []
INFO:modules.dress_code_monitoring:   Detected classes: {'Uniform_grey': 1}
INFO:modules.dress_code_monitoring:   Detections by area: {'counter': 0, 'queue': 0, 'unknown': 0, 'everywhere': 1}
INFO:modules.dress_code_monitoring:   👔 Uniforms everywhere: ['Uniform_grey']
INFO:modules.dress_code_monitoring:[camera_6] Compliance check: Uniform=Uniform_grey, In counter=False
INFO:modules.dress_code_monitoring:   Is compliant: True, Violations: []
INFO:modules.dress_code_monitoring:   Allowed uniforms: []
INFO:modules.dress_code_monitoring:   Position key: Uniform_grey_900_300
INFO:modules.yolo_detector:🔍 YOLO Detection Debug (call #6):
INFO:modules.yolo_detector:   - Model: models/yolo11n.pt
INFO:modules.yolo_detector:   - Person class ID expected: 0
INFO:modules.yolo_detector:   - Confidence threshold: 0.25
INFO:modules.yolo_detector:   - All detections (conf>=0.25): 9
INFO:modules.yolo_detector:   - All classes found: [(0, 0.26532861590385437), (0, 0.27898871898651123), (0, 0.29928356409072876), (0, 0.32671621441841125), (0, 0.5309717655181885), (0, 0.613032341003418), (0, 0.6860800981521606), (0, 0.8033556938171387), (0, 0.9093372821807861)]
INFO:modules.yolo_detector:   - Person detections (class=0, conf>=0.25): 9
INFO:modules.yolo_detector:   - Sample person detection: bbox=[883, 232, 1049, 520], conf=0.91, center=(966, 376)
INFO:modules.dress_code_monitoring:📊 [camera_7] DressCode Frame 6: Total detections: 7
INFO:modules.dress_code_monitoring:   Counter ROI configured: False, Queue ROI configured: False
INFO:modules.dress_code_monitoring:   Allowed uniforms in counter: []
INFO:modules.dress_code_monitoring:   Detected classes: {'Uniform_grey': 2, 'Hairnet': 5}
INFO:modules.dress_code_monitoring:   Detections by area: {'counter': 0, 'queue': 0, 'unknown': 0, 'everywhere': 7}
INFO:modules.dress_code_monitoring:   👔 Uniforms everywhere: ['Uniform_grey', 'Uniform_grey']
INFO:modules.dress_code_monitoring:   👔 Compliance items detected: ['Hairnet']
INFO:modules.dress_code_monitoring:[camera_7] Compliance check: Uniform=Uniform_grey, In counter=False
INFO:modules.dress_code_monitoring:   Is compliant: True, Violations: []
INFO:modules.dress_code_monitoring:   Allowed uniforms: []
INFO:modules.dress_code_monitoring:   Position key: Uniform_grey_300_200
INFO:modules.dress_code_monitoring:[camera_7] Compliance check: Uniform=Uniform_grey, In counter=False
INFO:modules.dress_code_monitoring:   Is compliant: True, Violations: []
INFO:modules.dress_code_monitoring:   Allowed uniforms: []
INFO:modules.dress_code_monitoring:   Position key: Uniform_grey_0_200
INFO:modules.yolo_detector:🔍 YOLO Detection Debug (call #6):
INFO:modules.yolo_detector:   - Model: models/yolo11n.pt
INFO:modules.yolo_detector:   - Person class ID expected: 0
INFO:modules.yolo_detector:   - Confidence threshold: 0.25
INFO:modules.yolo_detector:   - All detections (conf>=0.25): 12
INFO:modules.yolo_detector:   - All classes found: [(0, 0.25854045152664185), (0, 0.2884409725666046), (0, 0.41274163126945496), (0, 0.4164089858531952), (0, 0.49451276659965515), (0, 0.5478662848472595), (0, 0.5543211102485657), (0, 0.5565274953842163), (0, 0.8510326743125916), (0, 0.8653589487075806), (0, 0.8668707013130188), (0, 0.8794671297073364)]
INFO:modules.yolo_detector:   - Person detections (class=0, conf>=0.25): 12
INFO:modules.yolo_detector:   - Sample person detection: bbox=[369, 149, 646, 561], conf=0.88, center=(507, 355)
INFO:modules.dress_code_monitoring:📊 [camera_8] DressCode Frame 6: Total detections: 4
INFO:modules.dress_code_monitoring:   Counter ROI configured: False, Queue ROI configured: False
INFO:modules.dress_code_monitoring:   Allowed uniforms in counter: []
INFO:modules.dress_code_monitoring:   Detected classes: {'Uniform_black': 1, 'Uniform_grey': 2, 'Hairnet': 1}
INFO:modules.dress_code_monitoring:   Detections by area: {'counter': 0, 'queue': 0, 'unknown': 0, 'everywhere': 4}
INFO:modules.dress_code_monitoring:   👔 Uniforms everywhere: ['Uniform_black', 'Uniform_grey', 'Uniform_grey']
INFO:modules.dress_code_monitoring:   👔 Compliance items detected: ['Hairnet']
INFO:modules.dress_code_monitoring:[camera_8] Compliance check: Uniform=Uniform_black, In counter=False
INFO:modules.dress_code_monitoring:   Is compliant: True, Violations: []
INFO:modules.dress_code_monitoring:   Allowed uniforms: []
INFO:modules.dress_code_monitoring:   Position key: Uniform_black_500_100
INFO:modules.dress_code_monitoring:[camera_8] Compliance check: Uniform=Uniform_grey, In counter=False
INFO:modules.dress_code_monitoring:   Is compliant: True, Violations: []
INFO:modules.dress_code_monitoring:   Allowed uniforms: []
INFO:modules.dress_code_monitoring:   Position key: Uniform_grey_1000_100
INFO:modules.dress_code_monitoring:[camera_8] Compliance check: Uniform=Uniform_grey, In counter=False
INFO:modules.dress_code_monitoring:   Is compliant: True, Violations: []
INFO:modules.dress_code_monitoring:   Allowed uniforms: []
INFO:modules.dress_code_monitoring:   Position key: Uniform_grey_1100_100
INFO:modules.yolo_detector:🔍 YOLO Detection Debug (call #6):
INFO:modules.yolo_detector:   - Model: models/yolo11n.pt
INFO:modules.yolo_detector:   - Person class ID expected: 0
INFO:modules.yolo_detector:   - Confidence threshold: 0.25
INFO:modules.yolo_detector:   - All detections (conf>=0.25): 11
INFO:modules.yolo_detector:   - All classes found: [(0, 0.40227389335632324), (0, 0.4053802490234375), (0, 0.4945807158946991), (0, 0.5045669078826904), (0, 0.5197780728340149), (0, 0.6521674394607544), (0, 0.6668553352355957), (0, 0.7556588053703308), (0, 0.7561085224151611), (0, 0.7636964321136475), (0, 0.8361425995826721)]
INFO:modules.yolo_detector:   - Person detections (class=0, conf>=0.25): 11
INFO:modules.yolo_detector:   - Sample person detection: bbox=[617, 336, 888, 529], conf=0.84, center=(752, 432)
INFO:modules.dress_code_monitoring:📊 [camera_9] DressCode Frame 6: Total detections: 0
INFO:modules.dress_code_monitoring:   Counter ROI configured: False, Queue ROI configured: False
INFO:modules.dress_code_monitoring:   Allowed uniforms in counter: []
INFO:modules.dress_code_monitoring:📊 [camera_10] DressCode Frame 6: Total detections: 6
INFO:modules.dress_code_monitoring:   Counter ROI configured: False, Queue ROI configured: False
INFO:modules.dress_code_monitoring:   Allowed uniforms in counter: []
INFO:modules.dress_code_monitoring:   Detected classes: {'Hairnet': 5, 'Apron': 1}
INFO:modules.dress_code_monitoring:   Detections by area: {'counter': 0, 'queue': 0, 'unknown': 0, 'everywhere': 6}
INFO:modules.dress_code_monitoring:   👔 Compliance items detected: ['Hairnet', 'Apron']
INFO:modules.dress_code_monitoring:📊 [camera_12] DressCode Frame 6: Total detections: 1
INFO:modules.dress_code_monitoring:   Counter ROI configured: False, Queue ROI configured: False
INFO:modules.dress_code_monitoring:   Allowed uniforms in counter: []
INFO:modules.dress_code_monitoring:   Detected classes: {'Uniform_black': 1}
INFO:modules.dress_code_monitoring:   Detections by area: {'counter': 0, 'queue': 0, 'unknown': 0, 'everywhere': 1}
INFO:modules.dress_code_monitoring:   👔 Uniforms everywhere: ['Uniform_black']
INFO:modules.dress_code_monitoring:[camera_12] Compliance check: Uniform=Uniform_black, In counter=False
INFO:modules.dress_code_monitoring:   Is compliant: True, Violations: []
INFO:modules.dress_code_monitoring:   Allowed uniforms: []
INFO:modules.dress_code_monitoring:   Position key: Uniform_black_100_100
INFO:modules.yolo_detector:🔍 YOLO Detection Debug (call #2):
INFO:modules.yolo_detector:   - Model: models/yolo11n.pt
INFO:modules.yolo_detector:   - Person class ID expected: 0
INFO:modules.yolo_detector:   - Confidence threshold: 0.25
INFO:modules.yolo_detector:   - All detections (conf>=0.25): 5
INFO:modules.yolo_detector:   - All classes found: [(0, 0.48122215270996094), (0, 0.7314176559448242), (0, 0.8322778344154358), (0, 0.8327297568321228), (0, 0.8521213531494141)]
INFO:modules.yolo_detector:   - Person detections (class=0, conf>=0.25): 5
INFO:modules.yolo_detector:   - Sample person detection: bbox=[304, 117, 413, 357], conf=0.85, center=(358, 237)
INFO:modules.material_theft_monitor:[camera_15] Person detection: Found 5 person(s) in frame
INFO:modules.material_theft_monitor:[camera_15] MaterialTheft Frame 6: item_detected=False, prev_detected=False, persons_nearby=False, cooldown_remaining=0.0s
INFO:modules.queue_monitor:  Detection: bbox=[751, 93, 848, 428], center=(799, 260), bottom_right=(848, 428), area=none
INFO:modules.queue_monitor:[camera_17] Frame 4 detections:
INFO:modules.queue_monitor:  total=1, queue=0, counter=0, outside=1
INFO:modules.queue_monitor:  Queue ROI configured: False
INFO:modules.queue_monitor:  Counter ROI configured: False
INFO:modules.queue_monitor:  All detections classification:
INFO:modules.queue_monitor:    Det 1: bbox=[751, 93, 848, 428], center=(799, 260), area=none
INFO:modules.queue_monitor:[camera_17] Queue tracking debug (Frame 4):
INFO:modules.queue_monitor:  Detections passed to tracking: 0
INFO:modules.queue_monitor:  Active tracks in queue area: 0
INFO:modules.queue_monitor:  Dwell time threshold: 5.0s
INFO:modules.queue_monitor:  Final count: 0
INFO:modules.queue_monitor:[camera_17] Frame 4 tracking results:
INFO:modules.queue_monitor:  Counter detections passed to tracking: 0
INFO:modules.queue_monitor:  Counter count after tracking: 0
INFO:modules.queue_monitor:  Dwell time threshold: 0.0
INFO:modules.queue_monitor:  Uniform fallback enabled: True
INFO:modules.dress_code_monitoring:[camera_17] Counter ROI not configured - detecting uniforms everywhere in frame
INFO:modules.dress_code_monitoring:📊 [camera_17] DressCode Frame 4: Total detections: 0
INFO:modules.dress_code_monitoring:   Counter ROI configured: False, Queue ROI configured: False
INFO:modules.dress_code_monitoring:   Allowed uniforms in counter: []
INFO:modules.yolo_detector:🔍 YOLO Detection Debug (call #6):
INFO:modules.yolo_detector:   - Model: models/yolo11n.pt
INFO:modules.yolo_detector:   - Person class ID expected: 0
INFO:modules.yolo_detector:   - Confidence threshold: 0.25
INFO:modules.yolo_detector:   - All detections (conf>=0.25): 5
INFO:modules.yolo_detector:   - All classes found: [(0, 0.324098140001297), (0, 0.36592334508895874), (0, 0.38955938816070557), (0, 0.39765307307243347), (0, 0.6290584802627563)]
INFO:modules.yolo_detector:   - Person detections (class=0, conf>=0.25): 5
INFO:modules.yolo_detector:   - Sample person detection: bbox=[520, 77, 574, 291], conf=0.63, center=(547, 184)
INFO:modules.yolo_detector:🔍 YOLO Detection Debug (call #6):
INFO:modules.yolo_detector:   - Model: models/yolo11n.pt
INFO:modules.yolo_detector:   - Person class ID expected: 0
INFO:modules.yolo_detector:   - Confidence threshold: 0.25
INFO:modules.yolo_detector:   - All detections (conf>=0.25): 1
INFO:modules.yolo_detector:   - All classes found: [(0, 0.803480863571167)]
INFO:modules.yolo_detector:   - Person detections (class=0, conf>=0.25): 1
INFO:modules.yolo_detector:   - Sample person detection: bbox=[500, 470, 645, 720], conf=0.80, center=(572, 595)
INFO:modules.dress_code_monitoring:📊 [camera_20] DressCode Frame 6: Total detections: 0
INFO:modules.dress_code_monitoring:   Counter ROI configured: False, Queue ROI configured: False
INFO:modules.dress_code_monitoring:   Allowed uniforms in counter: []
INFO:modules.yolo_detector:🔍 YOLO Detection Debug (call #6):
INFO:modules.yolo_detector:   - Model: models/yolo11n.pt
INFO:modules.yolo_detector:   - Person class ID expected: 0
INFO:modules.yolo_detector:   - Confidence threshold: 0.25
INFO:modules.yolo_detector:   - All detections (conf>=0.25): 2
INFO:modules.yolo_detector:   - All classes found: [(0, 0.5364327430725098), (0, 0.6964665055274963)]
INFO:modules.yolo_detector:   - Person detections (class=0, conf>=0.25): 2
INFO:modules.yolo_detector:   - Sample person detection: bbox=[763, 12, 805, 258], conf=0.70, center=(784, 135)
INFO:modules.yolo_detector:🔍 YOLO Detection Debug (call #2):
INFO:modules.yolo_detector:   - Model: models/yolo11n.pt
INFO:modules.yolo_detector:   - Person class ID expected: 0
INFO:modules.yolo_detector:   - Confidence threshold: 0.25
INFO:modules.yolo_detector:   - All detections (conf>=0.25): 2
INFO:modules.yolo_detector:   - All classes found: [(0, 0.47727030515670776), (0, 0.7895807027816772)]
INFO:modules.yolo_detector:   - Person detections (class=0, conf>=0.25): 2
INFO:modules.yolo_detector:   - Sample person detection: bbox=[661, 375, 767, 643], conf=0.79, center=(714, 509)
INFO:modules.yolo_detector:🔍 YOLO Detection Debug (call #5):
INFO:modules.yolo_detector:   - Model: models/yolo11n.pt
INFO:modules.yolo_detector:   - Person class ID expected: 0
INFO:modules.yolo_detector:   - Confidence threshold: 0.25
INFO:modules.yolo_detector:   - All detections (conf>=0.25): 2
INFO:modules.yolo_detector:   - All classes found: [(0, 0.47727030515670776), (0, 0.7895807027816772)]
INFO:modules.yolo_detector:   - Person detections (class=0, conf>=0.25): 2
INFO:modules.yolo_detector:   - Sample person detection: bbox=[661, 375, 767, 643], conf=0.79, center=(714, 509)
INFO:modules.dress_code_monitoring:[camera_25] Counter ROI not configured - detecting uniforms everywhere in frame
INFO:modules.dress_code_monitoring:📊 [camera_25] DressCode Frame 4: Total detections: 0
INFO:modules.dress_code_monitoring:   Counter ROI configured: False, Queue ROI configured: False
INFO:modules.dress_code_monitoring:   Allowed uniforms in counter: []
INFO:modules.ppe_monitoring:🔍 PPE Frame 4: Running detection on frame shape=(720, 1280, 3)
INFO:modules.ppe_monitoring:📊 PPE Frame 4: Total detections: 0
INFO:modules.ppe_monitoring:   Detected PPE classes: set()
INFO:modules.ppe_monitoring:🔍 PPE Compliance Check Frame 4: is_compliant=True, violations=[]
INFO:modules.dress_code_monitoring:[camera_27] Counter ROI not configured - detecting uniforms everywhere in frame
INFO:modules.dress_code_monitoring:📊 [camera_27] DressCode Frame 4: Total detections: 5
INFO:modules.dress_code_monitoring:   Counter ROI configured: False, Queue ROI configured: False
INFO:modules.dress_code_monitoring:   Allowed uniforms in counter: []
INFO:modules.dress_code_monitoring:   Detected classes: {'Hairnet': 5}
INFO:modules.dress_code_monitoring:   Detections by area: {'counter': 0, 'queue': 0, 'unknown': 0, 'everywhere': 5}
INFO:modules.dress_code_monitoring:   👔 Compliance items detected: ['Hairnet']
INFO:modules.ppe_monitoring:🔍 PPE Frame 4: Running detection on frame shape=(720, 1280, 3)
INFO:modules.ppe_monitoring:📊 PPE Frame 4: Total detections: 5
INFO:modules.ppe_monitoring:   Detected PPE classes: {'Hairnet'}
INFO:modules.ppe_monitoring:   All detected classes in frame: {'Hairnet'}
INFO:modules.ppe_monitoring:🔍 PPE Compliance Check Frame 4: is_compliant=True, violations=[]
INFO:modules.yolo_detector:🔍 YOLO Detection Debug (call #4):
INFO:modules.yolo_detector:   - Model: models/yolo11n.pt
INFO:modules.yolo_detector:   - Person class ID expected: 0
INFO:modules.yolo_detector:   - Confidence threshold: 0.5
INFO:modules.yolo_detector:   - All detections (conf>=0.25): 6
INFO:modules.yolo_detector:   - All classes found: [(0, 0.2529260516166687), (0, 0.41276198625564575), (0, 0.5152173638343811), (0, 0.6824738383293152), (0, 0.8489052057266235), (0, 0.8753554224967957)]
INFO:modules.yolo_detector:   - Person detections (class=0, conf>=0.5): 4
INFO:modules.yolo_detector:   - Sample person detection: bbox=[768, 49, 998, 573], conf=0.88, center=(883, 311)
INFO:modules.queue_monitor:  Detection: bbox=[768, 49, 998, 573], center=(883, 311), bottom_right=(998, 573), area=none
INFO:modules.queue_monitor:  Detection: bbox=[72, 47, 325, 540], center=(198, 293), bottom_right=(325, 540), area=none
INFO:modules.queue_monitor:  Detection: bbox=[1083, 115, 1279, 612], center=(1181, 363), bottom_right=(1279, 612), area=none
INFO:modules.queue_monitor:  Detection: bbox=[1, 34, 38, 131], center=(19, 82), bottom_right=(38, 131), area=none
INFO:modules.queue_monitor:[camera_1] Frame 7 detections:
INFO:modules.queue_monitor:  total=4, queue=0, counter=0, outside=4
INFO:modules.queue_monitor:  Queue ROI configured: False
INFO:modules.queue_monitor:  Counter ROI configured: False
INFO:modules.queue_monitor:  All detections classification:
INFO:modules.queue_monitor:    Det 1: bbox=[768, 49, 998, 573], center=(883, 311), area=none
INFO:modules.queue_monitor:    Det 2: bbox=[72, 47, 325, 540], center=(198, 293), area=none
INFO:modules.queue_monitor:    Det 3: bbox=[1083, 115, 1279, 612], center=(1181, 363), area=none
INFO:modules.queue_monitor:    Det 4: bbox=[1, 34, 38, 131], center=(19, 82), area=none
INFO:modules.queue_monitor:[camera_1] Queue tracking debug (Frame 7):
INFO:modules.queue_monitor:  Detections passed to tracking: 0
INFO:modules.queue_monitor:  Active tracks in queue area: 0
INFO:modules.queue_monitor:  Dwell time threshold: 5.0s
INFO:modules.queue_monitor:  Final count: 0
INFO:modules.queue_monitor:[camera_1] Frame 7 tracking results:
INFO:modules.queue_monitor:  Counter detections passed to tracking: 0
INFO:modules.queue_monitor:  Counter count after tracking: 0
INFO:modules.queue_monitor:  Dwell time threshold: 0.0
INFO:modules.queue_monitor:  Uniform fallback enabled: True
INFO:modules.dress_code_monitoring:📊 [camera_1] DressCode Frame 7: Total detections: 2
INFO:modules.dress_code_monitoring:   Counter ROI configured: False, Queue ROI configured: False
INFO:modules.dress_code_monitoring:   Allowed uniforms in counter: []
INFO:modules.dress_code_monitoring:   Detected classes: {'Uniform_cream': 1, 'Uniform_black': 1}
INFO:modules.dress_code_monitoring:   Detections by area: {'counter': 0, 'queue': 0, 'unknown': 0, 'everywhere': 2}
INFO:modules.dress_code_monitoring:   👔 Uniforms everywhere: ['Uniform_cream', 'Uniform_black']
INFO:modules.dress_code_monitoring:[camera_1] Compliance check: Uniform=Uniform_cream, In counter=False
INFO:modules.dress_code_monitoring:   Is compliant: True, Violations: []
INFO:modules.dress_code_monitoring:   Allowed uniforms: []
INFO:modules.dress_code_monitoring:   Position key: Uniform_cream_1200_400
INFO:modules.dress_code_monitoring:[camera_1] Compliance check: Uniform=Uniform_black, In counter=False
INFO:modules.dress_code_monitoring:   Is compliant: True, Violations: []
INFO:modules.dress_code_monitoring:   Allowed uniforms: []
INFO:modules.dress_code_monitoring:   Position key: Uniform_black_900_200
INFO:modules.yolo_detector:🔍 YOLO Detection Debug (call #4):
INFO:modules.yolo_detector:   - Model: models/yolo11n.pt
INFO:modules.yolo_detector:   - Person class ID expected: 0
INFO:modules.yolo_detector:   - Confidence threshold: 0.5
INFO:modules.yolo_detector:   - All detections (conf>=0.25): 4
INFO:modules.yolo_detector:   - All classes found: [(0, 0.27942517399787903), (0, 0.6608577370643616), (0, 0.7972245812416077), (0, 0.8692724108695984)]
INFO:modules.yolo_detector:   - Person detections (class=0, conf>=0.5): 3
INFO:modules.yolo_detector:   - Sample person detection: bbox=[1003, 218, 1279, 714], conf=0.87, center=(1141, 466)
INFO:modules.queue_monitor:  Detection: bbox=[1003, 218, 1279, 714], center=(1141, 466), bottom_right=(1279, 714), area=none
INFO:modules.queue_monitor:  Detection: bbox=[150, 488, 476, 716], center=(313, 602), bottom_right=(476, 716), area=none
INFO:modules.queue_monitor:  Detection: bbox=[452, 581, 696, 719], center=(574, 650), bottom_right=(696, 719), area=none
INFO:modules.queue_monitor:[camera_2] Frame 7 detections:
INFO:modules.queue_monitor:  total=3, queue=0, counter=0, outside=3
INFO:modules.queue_monitor:  Queue ROI configured: False
INFO:modules.queue_monitor:  Counter ROI configured: False
INFO:modules.queue_monitor:  All detections classification:
INFO:modules.queue_monitor:    Det 1: bbox=[1003, 218, 1279, 714], center=(1141, 466), area=none
INFO:modules.queue_monitor:    Det 2: bbox=[150, 488, 476, 716], center=(313, 602), area=none
INFO:modules.queue_monitor:    Det 3: bbox=[452, 581, 696, 719], center=(574, 650), area=none
INFO:modules.queue_monitor:[camera_2] Queue tracking debug (Frame 7):
INFO:modules.queue_monitor:  Detections passed to tracking: 0
INFO:modules.queue_monitor:  Active tracks in queue area: 0
INFO:modules.queue_monitor:  Dwell time threshold: 5.0s
INFO:modules.queue_monitor:  Final count: 0
INFO:modules.queue_monitor:[camera_2] Frame 7 tracking results:
INFO:modules.queue_monitor:  Counter detections passed to tracking: 0
INFO:modules.queue_monitor:  Counter count after tracking: 0
INFO:modules.queue_monitor:  Dwell time threshold: 0.0
INFO:modules.queue_monitor:  Uniform fallback enabled: True
INFO:modules.dress_code_monitoring:📊 [camera_2] DressCode Frame 7: Total detections: 1
INFO:modules.dress_code_monitoring:   Counter ROI configured: False, Queue ROI configured: False
INFO:modules.dress_code_monitoring:   Allowed uniforms in counter: []
INFO:modules.dress_code_monitoring:   Detected classes: {'Uniform_grey': 1}
INFO:modules.dress_code_monitoring:   Detections by area: {'counter': 0, 'queue': 0, 'unknown': 0, 'everywhere': 1}
INFO:modules.dress_code_monitoring:   👔 Uniforms everywhere: ['Uniform_grey']
INFO:modules.dress_code_monitoring:[camera_2] Compliance check: Uniform=Uniform_grey, In counter=False
INFO:modules.dress_code_monitoring:   Is compliant: True, Violations: []
INFO:modules.dress_code_monitoring:   Allowed uniforms: []
INFO:modules.dress_code_monitoring:   Position key: Uniform_grey_200_600
INFO:modules.dress_code_monitoring:📊 [camera_4] DressCode Frame 7: Total detections: 0
INFO:modules.dress_code_monitoring:   Counter ROI configured: False, Queue ROI configured: False
INFO:modules.dress_code_monitoring:   Allowed uniforms in counter: []
INFO:modules.yolo_detector:🔍 YOLO Detection Debug (call #7):
INFO:modules.yolo_detector:   - Model: models/yolo11n.pt
INFO:modules.yolo_detector:   - Person class ID expected: 0
INFO:modules.yolo_detector:   - Confidence threshold: 0.25
INFO:modules.yolo_detector:   - All detections (conf>=0.25): 7
INFO:modules.yolo_detector:   - All classes found: [(0, 0.3410279452800751), (0, 0.4270932078361511), (0, 0.4644574522972107), (0, 0.4723438322544098), (0, 0.6109281778335571), (0, 0.7603417038917542), (0, 0.8294382095336914)]
INFO:modules.yolo_detector:   - Person detections (class=0, conf>=0.25): 7
INFO:modules.yolo_detector:   - Sample person detection: bbox=[411, 97, 481, 305], conf=0.83, center=(446, 201)
INFO:modules.dress_code_monitoring:📊 [camera_5] DressCode Frame 7: Total detections: 0
INFO:modules.dress_code_monitoring:   Counter ROI configured: False, Queue ROI configured: False
INFO:modules.dress_code_monitoring:   Allowed uniforms in counter: []
INFO:modules.yolo_detector:🔍 YOLO Detection Debug (call #7):
INFO:modules.yolo_detector:   - Model: models/yolo11n.pt
INFO:modules.yolo_detector:   - Person class ID expected: 0
INFO:modules.yolo_detector:   - Confidence threshold: 0.25
INFO:modules.yolo_detector:   - All detections (conf>=0.25): 3
INFO:modules.yolo_detector:   - All classes found: [(0, 0.26381900906562805), (0, 0.3877820372581482), (0, 0.7529497146606445)]
INFO:modules.yolo_detector:   - Person detections (class=0, conf>=0.25): 3
INFO:modules.yolo_detector:   - Sample person detection: bbox=[379, 44, 437, 178], conf=0.75, center=(408, 111)
INFO:modules.dress_code_monitoring:📊 [camera_6] DressCode Frame 7: Total detections: 2
INFO:modules.dress_code_monitoring:   Counter ROI configured: False, Queue ROI configured: False
INFO:modules.dress_code_monitoring:   Allowed uniforms in counter: []
INFO:modules.dress_code_monitoring:   Detected classes: {'Uniform_grey': 1, 'Hairnet': 1}
INFO:modules.dress_code_monitoring:   Detections by area: {'counter': 0, 'queue': 0, 'unknown': 0, 'everywhere': 2}
INFO:modules.dress_code_monitoring:   👔 Uniforms everywhere: ['Uniform_grey']
INFO:modules.dress_code_monitoring:   👔 Compliance items detected: ['Hairnet']
INFO:modules.dress_code_monitoring:[camera_6] Compliance check: Uniform=Uniform_grey, In counter=False
INFO:modules.dress_code_monitoring:   Is compliant: True, Violations: []
INFO:modules.dress_code_monitoring:   Allowed uniforms: []
INFO:modules.dress_code_monitoring:   Position key: Uniform_grey_1000_300
INFO:modules.yolo_detector:🔍 YOLO Detection Debug (call #7):
INFO:modules.yolo_detector:   - Model: models/yolo11n.pt
INFO:modules.yolo_detector:   - Person class ID expected: 0
INFO:modules.yolo_detector:   - Confidence threshold: 0.25
INFO:modules.yolo_detector:   - All detections (conf>=0.25): 9
INFO:modules.yolo_detector:   - All classes found: [(0, 0.25631409883499146), (0, 0.2865118384361267), (0, 0.2947629988193512), (0, 0.332093745470047), (0, 0.5395249724388123), (0, 0.6242150068283081), (0, 0.6690424680709839), (0, 0.8042460680007935), (0, 0.8936308026313782)]
INFO:modules.yolo_detector:   - Person detections (class=0, conf>=0.25): 9
INFO:modules.yolo_detector:   - Sample person detection: bbox=[902, 242, 1062, 519], conf=0.89, center=(982, 380)
INFO:modules.dress_code_monitoring:📊 [camera_7] DressCode Frame 7: Total detections: 6
INFO:modules.dress_code_monitoring:   Counter ROI configured: False, Queue ROI configured: False
INFO:modules.dress_code_monitoring:   Allowed uniforms in counter: []
INFO:modules.dress_code_monitoring:   Detected classes: {'Hairnet': 4, 'Uniform_grey': 2}
INFO:modules.dress_code_monitoring:   Detections by area: {'counter': 0, 'queue': 0, 'unknown': 0, 'everywhere': 6}
INFO:modules.dress_code_monitoring:   👔 Uniforms everywhere: ['Uniform_grey', 'Uniform_grey']
INFO:modules.dress_code_monitoring:   👔 Compliance items detected: ['Hairnet']
INFO:modules.dress_code_monitoring:[camera_7] Compliance check: Uniform=Uniform_grey, In counter=False
INFO:modules.dress_code_monitoring:   Is compliant: True, Violations: []
INFO:modules.dress_code_monitoring:   Allowed uniforms: []
INFO:modules.dress_code_monitoring:   Position key: Uniform_grey_300_200
INFO:modules.dress_code_monitoring:[camera_7] Compliance check: Uniform=Uniform_grey, In counter=False
INFO:modules.dress_code_monitoring:   Is compliant: True, Violations: []
INFO:modules.dress_code_monitoring:   Allowed uniforms: []
INFO:modules.dress_code_monitoring:   Position key: Uniform_grey_0_200
INFO:modules.yolo_detector:🔍 YOLO Detection Debug (call #7):
INFO:modules.yolo_detector:   - Model: models/yolo11n.pt
INFO:modules.yolo_detector:   - Person class ID expected: 0
INFO:modules.yolo_detector:   - Confidence threshold: 0.25
INFO:modules.yolo_detector:   - All detections (conf>=0.25): 10
INFO:modules.yolo_detector:   - All classes found: [(0, 0.26648402214050293), (0, 0.3777788579463959), (0, 0.41802462935447693), (0, 0.4495982527732849), (0, 0.543136477470398), (0, 0.6006229519844055), (0, 0.8429102897644043), (0, 0.848324179649353), (0, 0.8694936633110046), (0, 0.8964833617210388)]
INFO:modules.yolo_detector:   - Person detections (class=0, conf>=0.25): 10
INFO:modules.yolo_detector:   - Sample person detection: bbox=[340, 120, 610, 562], conf=0.90, center=(475, 341)
INFO:modules.dress_code_monitoring:📊 [camera_8] DressCode Frame 7: Total detections: 4
INFO:modules.dress_code_monitoring:   Counter ROI configured: False, Queue ROI configured: False
INFO:modules.dress_code_monitoring:   Allowed uniforms in counter: []
INFO:modules.dress_code_monitoring:   Detected classes: {'Uniform_black': 1, 'Uniform_grey': 2, 'Hairnet': 1}
INFO:modules.dress_code_monitoring:   Detections by area: {'counter': 0, 'queue': 0, 'unknown': 0, 'everywhere': 4}
INFO:modules.dress_code_monitoring:   👔 Uniforms everywhere: ['Uniform_black', 'Uniform_grey', 'Uniform_grey']
INFO:modules.dress_code_monitoring:   👔 Compliance items detected: ['Hairnet']
INFO:modules.dress_code_monitoring:[camera_8] Compliance check: Uniform=Uniform_black, In counter=False
INFO:modules.dress_code_monitoring:   Is compliant: True, Violations: []
INFO:modules.dress_code_monitoring:   Allowed uniforms: []
INFO:modules.dress_code_monitoring:   Position key: Uniform_black_500_100
INFO:modules.dress_code_monitoring:[camera_8] Compliance check: Uniform=Uniform_grey, In counter=False
INFO:modules.dress_code_monitoring:   Is compliant: True, Violations: []
INFO:modules.dress_code_monitoring:   Allowed uniforms: []
INFO:modules.dress_code_monitoring:   Position key: Uniform_grey_1000_100
INFO:modules.dress_code_monitoring:[camera_8] Compliance check: Uniform=Uniform_grey, In counter=False
INFO:modules.dress_code_monitoring:   Is compliant: True, Violations: []
INFO:modules.dress_code_monitoring:   Allowed uniforms: []
INFO:modules.dress_code_monitoring:   Position key: Uniform_grey_1100_100
INFO:modules.yolo_detector:🔍 YOLO Detection Debug (call #7):
INFO:modules.yolo_detector:   - Model: models/yolo11n.pt
INFO:modules.yolo_detector:   - Person class ID expected: 0
INFO:modules.yolo_detector:   - Confidence threshold: 0.25
INFO:modules.yolo_detector:   - All detections (conf>=0.25): 12
INFO:modules.yolo_detector:   - All classes found: [(0, 0.25923970341682434), (0, 0.3605087101459503), (0, 0.405826598405838), (0, 0.40604740381240845), (0, 0.4275394678115845), (0, 0.5242001414299011), (0, 0.6600530743598938), (0, 0.6866820454597473), (0, 0.7236600518226624), (0, 0.7427564859390259), (0, 0.7435773611068726), (0, 0.8289215564727783)]
INFO:modules.yolo_detector:   - Person detections (class=0, conf>=0.25): 12
INFO:modules.yolo_detector:   - Sample person detection: bbox=[618, 335, 888, 528], conf=0.83, center=(753, 431)
INFO:modules.dress_code_monitoring:📊 [camera_9] DressCode Frame 7: Total detections: 0
INFO:modules.dress_code_monitoring:   Counter ROI configured: False, Queue ROI configured: False
INFO:modules.dress_code_monitoring:   Allowed uniforms in counter: []
INFO:modules.dress_code_monitoring:📊 [camera_10] DressCode Frame 7: Total detections: 6
INFO:modules.dress_code_monitoring:   Counter ROI configured: False, Queue ROI configured: False
INFO:modules.dress_code_monitoring:   Allowed uniforms in counter: []
INFO:modules.dress_code_monitoring:   Detected classes: {'Hairnet': 5, 'Apron': 1}
INFO:modules.dress_code_monitoring:   Detections by area: {'counter': 0, 'queue': 0, 'unknown': 0, 'everywhere': 6}
INFO:modules.dress_code_monitoring:   👔 Compliance items detected: ['Hairnet', 'Apron']
INFO:modules.dress_code_monitoring:📊 [camera_12] DressCode Frame 7: Total detections: 0
INFO:modules.dress_code_monitoring:   Counter ROI configured: False, Queue ROI configured: False
INFO:modules.dress_code_monitoring:   Allowed uniforms in counter: []
INFO:modules.material_theft_monitor:[camera_15] MaterialTheft Frame 7: item_detected=False, prev_detected=False, persons_nearby=False, cooldown_remaining=0.0s
INFO:modules.yolo_detector:🔍 YOLO Detection Debug (call #3):
INFO:modules.yolo_detector:   - Model: models/yolo11n.pt
INFO:modules.yolo_detector:   - Person class ID expected: 0
INFO:modules.yolo_detector:   - Confidence threshold: 0.5
INFO:modules.yolo_detector:   - All detections (conf>=0.25): 1
INFO:modules.yolo_detector:   - All classes found: [(0, 0.7137654423713684)]
INFO:modules.yolo_detector:   - Person detections (class=0, conf>=0.5): 1
INFO:modules.yolo_detector:   - Sample person detection: bbox=[749, 82, 846, 470], conf=0.71, center=(797, 276)
INFO:modules.queue_monitor:  Detection: bbox=[749, 82, 846, 470], center=(797, 276), bottom_right=(846, 470), area=none
INFO:modules.queue_monitor:[camera_17] Frame 5 detections:
INFO:modules.queue_monitor:  total=1, queue=0, counter=0, outside=1
INFO:modules.queue_monitor:  Queue ROI configured: False
INFO:modules.queue_monitor:  Counter ROI configured: False
INFO:modules.queue_monitor:  All detections classification:
INFO:modules.queue_monitor:    Det 1: bbox=[749, 82, 846, 470], center=(797, 276), area=none
INFO:modules.queue_monitor:[camera_17] Queue tracking debug (Frame 5):
INFO:modules.queue_monitor:  Detections passed to tracking: 0
INFO:modules.queue_monitor:  Active tracks in queue area: 0
INFO:modules.queue_monitor:  Dwell time threshold: 5.0s
INFO:modules.queue_monitor:  Final count: 0
INFO:modules.queue_monitor:[camera_17] Frame 5 tracking results:
INFO:modules.queue_monitor:  Counter detections passed to tracking: 0
INFO:modules.queue_monitor:  Counter count after tracking: 0
INFO:modules.queue_monitor:  Dwell time threshold: 0.0
INFO:modules.queue_monitor:  Uniform fallback enabled: True
INFO:modules.dress_code_monitoring:[camera_17] Counter ROI not configured - detecting uniforms everywhere in frame
INFO:modules.dress_code_monitoring:📊 [camera_17] DressCode Frame 5: Total detections: 0
INFO:modules.dress_code_monitoring:   Counter ROI configured: False, Queue ROI configured: False
INFO:modules.dress_code_monitoring:   Allowed uniforms in counter: []
INFO:modules.yolo_detector:🔍 YOLO Detection Debug (call #7):
INFO:modules.yolo_detector:   - Model: models/yolo11n.pt
INFO:modules.yolo_detector:   - Person class ID expected: 0
INFO:modules.yolo_detector:   - Confidence threshold: 0.25
INFO:modules.yolo_detector:   - All detections (conf>=0.25): 4
INFO:modules.yolo_detector:   - All classes found: [(0, 0.2501736879348755), (0, 0.31026390194892883), (0, 0.4080865681171417), (0, 0.5640337467193604)]
INFO:modules.yolo_detector:   - Person detections (class=0, conf>=0.25): 4
INFO:modules.yolo_detector:   - Sample person detection: bbox=[521, 76, 570, 291], conf=0.56, center=(545, 183)
INFO:modules.yolo_detector:🔍 YOLO Detection Debug (call #7):
INFO:modules.yolo_detector:   - Model: models/yolo11n.pt
INFO:modules.yolo_detector:   - Person class ID expected: 0
INFO:modules.yolo_detector:   - Confidence threshold: 0.25
INFO:modules.yolo_detector:   - All detections (conf>=0.25): 1
INFO:modules.yolo_detector:   - All classes found: [(0, 0.6906030774116516)]
INFO:modules.yolo_detector:   - Person detections (class=0, conf>=0.25): 1
INFO:modules.yolo_detector:   - Sample person detection: bbox=[502, 473, 646, 718], conf=0.69, center=(574, 595)
INFO:modules.dress_code_monitoring:📊 [camera_20] DressCode Frame 7: Total detections: 0
INFO:modules.dress_code_monitoring:   Counter ROI configured: False, Queue ROI configured: False
INFO:modules.dress_code_monitoring:   Allowed uniforms in counter: []
INFO:modules.yolo_detector:🔍 YOLO Detection Debug (call #7):
INFO:modules.yolo_detector:   - Model: models/yolo11n.pt
INFO:modules.yolo_detector:   - Person class ID expected: 0
INFO:modules.yolo_detector:   - Confidence threshold: 0.25
INFO:modules.yolo_detector:   - All detections (conf>=0.25): 2
INFO:modules.yolo_detector:   - All classes found: [(0, 0.5677471160888672), (0, 0.6444544792175293)]
INFO:modules.yolo_detector:   - Person detections (class=0, conf>=0.25): 2
INFO:modules.yolo_detector:   - Sample person detection: bbox=[764, 12, 804, 263], conf=0.64, center=(784, 137)
INFO:modules.yolo_detector:🔍 YOLO Detection Debug (call #6):
INFO:modules.yolo_detector:   - Model: models/yolo11n.pt
INFO:modules.yolo_detector:   - Person class ID expected: 0
INFO:modules.yolo_detector:   - Confidence threshold: 0.25
INFO:modules.yolo_detector:   - All detections (conf>=0.25): 1
INFO:modules.yolo_detector:   - All classes found: [(0, 0.5404257774353027)]
INFO:modules.yolo_detector:   - Person detections (class=0, conf>=0.25): 1
INFO:modules.yolo_detector:   - Sample person detection: bbox=[664, 400, 767, 640], conf=0.54, center=(715, 520)
INFO:modules.dress_code_monitoring:[camera_25] Counter ROI not configured - detecting uniforms everywhere in frame
INFO:modules.dress_code_monitoring:📊 [camera_25] DressCode Frame 5: Total detections: 0
INFO:modules.dress_code_monitoring:   Counter ROI configured: False, Queue ROI configured: False
INFO:modules.dress_code_monitoring:   Allowed uniforms in counter: []
INFO:modules.ppe_monitoring:🔍 PPE Frame 5: Running detection on frame shape=(720, 1280, 3)
INFO:modules.ppe_monitoring:📊 PPE Frame 5: Total detections: 0
INFO:modules.ppe_monitoring:   Detected PPE classes: set()
INFO:modules.ppe_monitoring:🔍 PPE Compliance Check Frame 5: is_compliant=True, violations=[]
INFO:modules.dress_code_monitoring:[camera_27] Counter ROI not configured - detecting uniforms everywhere in frame
INFO:modules.dress_code_monitoring:📊 [camera_27] DressCode Frame 5: Total detections: 6
INFO:modules.dress_code_monitoring:   Counter ROI configured: False, Queue ROI configured: False
INFO:modules.dress_code_monitoring:   Allowed uniforms in counter: []
INFO:modules.dress_code_monitoring:   Detected classes: {'Hairnet': 6}
INFO:modules.dress_code_monitoring:   Detections by area: {'counter': 0, 'queue': 0, 'unknown': 0, 'everywhere': 6}
INFO:modules.dress_code_monitoring:   👔 Compliance items detected: ['Hairnet']
INFO:modules.ppe_monitoring:🔍 PPE Frame 5: Running detection on frame shape=(720, 1280, 3)
INFO:modules.ppe_monitoring:📊 PPE Frame 5: Total detections: 6
INFO:modules.ppe_monitoring:   Detected PPE classes: {'Hairnet'}
INFO:modules.ppe_monitoring:   All detected classes in frame: {'Hairnet'}
INFO:modules.ppe_monitoring:🔍 PPE Compliance Check Frame 5: is_compliant=True, violations=[]
INFO:modules.queue_monitor:  Detection: bbox=[768, 49, 998, 573], center=(883, 311), bottom_right=(998, 573), area=none
INFO:modules.queue_monitor:  Detection: bbox=[72, 47, 325, 540], center=(198, 293), bottom_right=(325, 540), area=none
INFO:modules.queue_monitor:  Detection: bbox=[1083, 115, 1279, 612], center=(1181, 363), bottom_right=(1279, 612), area=none
INFO:modules.queue_monitor:  Detection: bbox=[1, 34, 38, 131], center=(19, 82), bottom_right=(38, 131), area=none
INFO:modules.queue_monitor:[camera_1] Frame 8 detections:
INFO:modules.queue_monitor:  total=4, queue=0, counter=0, outside=4
INFO:modules.queue_monitor:  Queue ROI configured: False
INFO:modules.queue_monitor:  Counter ROI configured: False
INFO:modules.queue_monitor:  All detections classification:
INFO:modules.queue_monitor:    Det 1: bbox=[768, 49, 998, 573], center=(883, 311), area=none
INFO:modules.queue_monitor:    Det 2: bbox=[72, 47, 325, 540], center=(198, 293), area=none
INFO:modules.queue_monitor:    Det 3: bbox=[1083, 115, 1279, 612], center=(1181, 363), area=none
INFO:modules.queue_monitor:    Det 4: bbox=[1, 34, 38, 131], center=(19, 82), area=none
INFO:modules.queue_monitor:[camera_1] Queue tracking debug (Frame 8):
INFO:modules.queue_monitor:  Detections passed to tracking: 0
INFO:modules.queue_monitor:  Active tracks in queue area: 0
INFO:modules.queue_monitor:  Dwell time threshold: 5.0s
INFO:modules.queue_monitor:  Final count: 0
INFO:modules.queue_monitor:[camera_1] Frame 8 tracking results:
INFO:modules.queue_monitor:  Counter detections passed to tracking: 0
INFO:modules.queue_monitor:  Counter count after tracking: 0
INFO:modules.queue_monitor:  Dwell time threshold: 0.0
INFO:modules.queue_monitor:  Uniform fallback enabled: True
INFO:modules.dress_code_monitoring:📊 [camera_1] DressCode Frame 8: Total detections: 1
INFO:modules.dress_code_monitoring:   Counter ROI configured: False, Queue ROI configured: False
INFO:modules.dress_code_monitoring:   Allowed uniforms in counter: []
INFO:modules.dress_code_monitoring:   Detected classes: {'Uniform_cream': 1}
INFO:modules.dress_code_monitoring:   Detections by area: {'counter': 0, 'queue': 0, 'unknown': 0, 'everywhere': 1}
INFO:modules.dress_code_monitoring:   👔 Uniforms everywhere: ['Uniform_cream']
INFO:modules.dress_code_monitoring:[camera_1] Compliance check: Uniform=Uniform_cream, In counter=False
INFO:modules.dress_code_monitoring:   Is compliant: True, Violations: []
INFO:modules.dress_code_monitoring:   Allowed uniforms: []
INFO:modules.dress_code_monitoring:   Position key: Uniform_cream_1200_400
INFO:modules.queue_monitor:  Detection: bbox=[1003, 218, 1279, 714], center=(1141, 466), bottom_right=(1279, 714), area=none
INFO:modules.queue_monitor:  Detection: bbox=[150, 488, 476, 716], center=(313, 602), bottom_right=(476, 716), area=none
INFO:modules.queue_monitor:  Detection: bbox=[452, 581, 696, 719], center=(574, 650), bottom_right=(696, 719), area=none
INFO:modules.queue_monitor:[camera_2] Frame 8 detections:
INFO:modules.queue_monitor:  total=3, queue=0, counter=0, outside=3
INFO:modules.queue_monitor:  Queue ROI configured: False
INFO:modules.queue_monitor:  Counter ROI configured: False
INFO:modules.queue_monitor:  All detections classification:
INFO:modules.queue_monitor:    Det 1: bbox=[1003, 218, 1279, 714], center=(1141, 466), area=none
INFO:modules.queue_monitor:    Det 2: bbox=[150, 488, 476, 716], center=(313, 602), area=none
INFO:modules.queue_monitor:    Det 3: bbox=[452, 581, 696, 719], center=(574, 650), area=none
INFO:modules.queue_monitor:[camera_2] Queue tracking debug (Frame 8):
INFO:modules.queue_monitor:  Detections passed to tracking: 0
INFO:modules.queue_monitor:  Active tracks in queue area: 0
INFO:modules.queue_monitor:  Dwell time threshold: 5.0s
INFO:modules.queue_monitor:  Final count: 0
INFO:modules.queue_monitor:[camera_2] Frame 8 tracking results:
INFO:modules.queue_monitor:  Counter detections passed to tracking: 0
INFO:modules.queue_monitor:  Counter count after tracking: 0
INFO:modules.queue_monitor:  Dwell time threshold: 0.0
INFO:modules.queue_monitor:  Uniform fallback enabled: True
INFO:modules.dress_code_monitoring:📊 [camera_2] DressCode Frame 8: Total detections: 1
INFO:modules.dress_code_monitoring:   Counter ROI configured: False, Queue ROI configured: False
INFO:modules.dress_code_monitoring:   Allowed uniforms in counter: []
INFO:modules.dress_code_monitoring:   Detected classes: {'Uniform_grey': 1}
INFO:modules.dress_code_monitoring:   Detections by area: {'counter': 0, 'queue': 0, 'unknown': 0, 'everywhere': 1}
INFO:modules.dress_code_monitoring:   👔 Uniforms everywhere: ['Uniform_grey']
INFO:modules.dress_code_monitoring:[camera_2] Compliance check: Uniform=Uniform_grey, In counter=False
INFO:modules.dress_code_monitoring:   Is compliant: True, Violations: []
INFO:modules.dress_code_monitoring:   Allowed uniforms: []
INFO:modules.dress_code_monitoring:   Position key: Uniform_grey_200_600
INFO:modules.dress_code_monitoring:📊 [camera_4] DressCode Frame 8: Total detections: 0
INFO:modules.dress_code_monitoring:   Counter ROI configured: False, Queue ROI configured: False
INFO:modules.dress_code_monitoring:   Allowed uniforms in counter: []
INFO:modules.yolo_detector:🔍 YOLO Detection Debug (call #8):
INFO:modules.yolo_detector:   - Model: models/yolo11n.pt
INFO:modules.yolo_detector:   - Person class ID expected: 0
INFO:modules.yolo_detector:   - Confidence threshold: 0.25
INFO:modules.yolo_detector:   - All detections (conf>=0.25): 7
INFO:modules.yolo_detector:   - All classes found: [(0, 0.33065658807754517), (0, 0.3370055556297302), (0, 0.44539254903793335), (0, 0.47064051032066345), (0, 0.6348648071289062), (0, 0.7433762550354004), (0, 0.8196915984153748)]
INFO:modules.yolo_detector:   - Person detections (class=0, conf>=0.25): 7
INFO:modules.yolo_detector:   - Sample person detection: bbox=[412, 98, 476, 303], conf=0.82, center=(444, 200)
INFO:modules.dress_code_monitoring:📊 [camera_5] DressCode Frame 8: Total detections: 0
INFO:modules.dress_code_monitoring:   Counter ROI configured: False, Queue ROI configured: False
INFO:modules.dress_code_monitoring:   Allowed uniforms in counter: []
INFO:modules.yolo_detector:🔍 YOLO Detection Debug (call #8):
INFO:modules.yolo_detector:   - Model: models/yolo11n.pt
INFO:modules.yolo_detector:   - Person class ID expected: 0
INFO:modules.yolo_detector:   - Confidence threshold: 0.25
INFO:modules.yolo_detector:   - All detections (conf>=0.25): 2
INFO:modules.yolo_detector:   - All classes found: [(0, 0.3294139504432678), (0, 0.7290942668914795)]
INFO:modules.yolo_detector:   - Person detections (class=0, conf>=0.25): 2
INFO:modules.yolo_detector:   - Sample person detection: bbox=[382, 43, 439, 179], conf=0.73, center=(410, 111)
INFO:modules.dress_code_monitoring:📊 [camera_6] DressCode Frame 8: Total detections: 1
INFO:modules.dress_code_monitoring:   Counter ROI configured: False, Queue ROI configured: False
INFO:modules.dress_code_monitoring:   Allowed uniforms in counter: []
INFO:modules.dress_code_monitoring:   Detected classes: {'Uniform_grey': 1}
INFO:modules.dress_code_monitoring:   Detections by area: {'counter': 0, 'queue': 0, 'unknown': 0, 'everywhere': 1}
INFO:modules.dress_code_monitoring:   👔 Uniforms everywhere: ['Uniform_grey']
INFO:modules.dress_code_monitoring:[camera_6] Compliance check: Uniform=Uniform_grey, In counter=False
INFO:modules.dress_code_monitoring:   Is compliant: True, Violations: []
INFO:modules.dress_code_monitoring:   Allowed uniforms: []
INFO:modules.dress_code_monitoring:   Position key: Uniform_grey_1000_300
INFO:modules.yolo_detector:🔍 YOLO Detection Debug (call #8):
INFO:modules.yolo_detector:   - Model: models/yolo11n.pt
INFO:modules.yolo_detector:   - Person class ID expected: 0
INFO:modules.yolo_detector:   - Confidence threshold: 0.25
INFO:modules.yolo_detector:   - All detections (conf>=0.25): 12
INFO:modules.yolo_detector:   - All classes found: [(0, 0.25403013825416565), (0, 0.2712518870830536), (0, 0.29433467984199524), (0, 0.2965661883354187), (0, 0.300991028547287), (0, 0.3376472294330597), (0, 0.34929049015045166), (0, 0.5810497999191284), (0, 0.6283911466598511), (0, 0.6473912000656128), (0, 0.7983319759368896), (0, 0.8841726779937744)]
INFO:modules.yolo_detector:   - Person detections (class=0, conf>=0.25): 12
INFO:modules.yolo_detector:   - Sample person detection: bbox=[964, 244, 1092, 518], conf=0.88, center=(1028, 381)
INFO:modules.dress_code_monitoring:📊 [camera_7] DressCode Frame 8: Total detections: 6
INFO:modules.dress_code_monitoring:   Counter ROI configured: False, Queue ROI configured: False
INFO:modules.dress_code_monitoring:   Allowed uniforms in counter: []
INFO:modules.dress_code_monitoring:   Detected classes: {'Hairnet': 4, 'Uniform_grey': 2}
INFO:modules.dress_code_monitoring:   Detections by area: {'counter': 0, 'queue': 0, 'unknown': 0, 'everywhere': 6}
INFO:modules.dress_code_monitoring:   👔 Uniforms everywhere: ['Uniform_grey', 'Uniform_grey']
INFO:modules.dress_code_monitoring:   👔 Compliance items detected: ['Hairnet']
INFO:modules.dress_code_monitoring:[camera_7] Compliance check: Uniform=Uniform_grey, In counter=False
INFO:modules.dress_code_monitoring:   Is compliant: True, Violations: []
INFO:modules.dress_code_monitoring:   Allowed uniforms: []
INFO:modules.dress_code_monitoring:   Position key: Uniform_grey_300_200
INFO:modules.dress_code_monitoring:[camera_7] Compliance check: Uniform=Uniform_grey, In counter=False
INFO:modules.dress_code_monitoring:   Is compliant: True, Violations: []
INFO:modules.dress_code_monitoring:   Allowed uniforms: []
INFO:modules.dress_code_monitoring:   Position key: Uniform_grey_0_200
INFO:modules.yolo_detector:🔍 YOLO Detection Debug (call #8):
INFO:modules.yolo_detector:   - Model: models/yolo11n.pt
INFO:modules.yolo_detector:   - Person class ID expected: 0
INFO:modules.yolo_detector:   - Confidence threshold: 0.25
INFO:modules.yolo_detector:   - All detections (conf>=0.25): 10
INFO:modules.yolo_detector:   - All classes found: [(0, 0.3089190423488617), (0, 0.3421124815940857), (0, 0.40218695998191833), (0, 0.5054118633270264), (0, 0.5339745879173279), (0, 0.5448694825172424), (0, 0.818680465221405), (0, 0.8321729302406311), (0, 0.8452969789505005), (0, 0.8638740181922913)]
INFO:modules.yolo_detector:   - Person detections (class=0, conf>=0.25): 10
INFO:modules.yolo_detector:   - Sample person detection: bbox=[775, 324, 1006, 547], conf=0.86, center=(890, 435)
INFO:modules.dress_code_monitoring:📊 [camera_8] DressCode Frame 8: Total detections: 6
INFO:modules.dress_code_monitoring:   Counter ROI configured: False, Queue ROI configured: False
INFO:modules.dress_code_monitoring:   Allowed uniforms in counter: []
INFO:modules.dress_code_monitoring:   Detected classes: {'Uniform_grey': 2, 'Uniform_black': 1, 'Hairnet': 3}
INFO:modules.dress_code_monitoring:   Detections by area: {'counter': 0, 'queue': 0, 'unknown': 0, 'everywhere': 6}
INFO:modules.dress_code_monitoring:   👔 Uniforms everywhere: ['Uniform_grey', 'Uniform_black', 'Uniform_grey']
INFO:modules.dress_code_monitoring:   👔 Compliance items detected: ['Hairnet']
INFO:modules.dress_code_monitoring:[camera_8] Compliance check: Uniform=Uniform_grey, In counter=False
INFO:modules.dress_code_monitoring:   Is compliant: True, Violations: []
INFO:modules.dress_code_monitoring:   Allowed uniforms: []
INFO:modules.dress_code_monitoring:   Position key: Uniform_grey_1000_100
INFO:modules.dress_code_monitoring:[camera_8] Compliance check: Uniform=Uniform_black, In counter=False
INFO:modules.dress_code_monitoring:   Is compliant: True, Violations: []
INFO:modules.dress_code_monitoring:   Allowed uniforms: []
INFO:modules.dress_code_monitoring:   Position key: Uniform_black_500_100
INFO:modules.dress_code_monitoring:[camera_8] Compliance check: Uniform=Uniform_grey, In counter=False
INFO:modules.dress_code_monitoring:   Is compliant: True, Violations: []
INFO:modules.dress_code_monitoring:   Allowed uniforms: []
INFO:modules.dress_code_monitoring:   Position key: Uniform_grey_1100_100
INFO:modules.yolo_detector:🔍 YOLO Detection Debug (call #8):
INFO:modules.yolo_detector:   - Model: models/yolo11n.pt
INFO:modules.yolo_detector:   - Person class ID expected: 0
INFO:modules.yolo_detector:   - Confidence threshold: 0.25
INFO:modules.yolo_detector:   - All detections (conf>=0.25): 14
INFO:modules.yolo_detector:   - All classes found: [(0, 0.2501235902309418), (0, 0.34983253479003906), (0, 0.38496679067611694), (0, 0.39175495505332947), (0, 0.46351704001426697), (0, 0.5188448429107666), (0, 0.5244137048721313), (0, 0.5541200041770935), (0, 0.6172981858253479), (0, 0.6490681767463684), (0, 0.6602925062179565), (0, 0.7319437265396118), (0, 0.7421542406082153), (0, 0.8238874673843384)]
INFO:modules.yolo_detector:   - Person detections (class=0, conf>=0.25): 14
INFO:modules.yolo_detector:   - Sample person detection: bbox=[618, 336, 888, 528], conf=0.82, center=(753, 432)
INFO:modules.dress_code_monitoring:📊 [camera_9] DressCode Frame 8: Total detections: 0
INFO:modules.dress_code_monitoring:   Counter ROI configured: False, Queue ROI configured: False
INFO:modules.dress_code_monitoring:   Allowed uniforms in counter: []
INFO:modules.dress_code_monitoring:📊 [camera_10] DressCode Frame 8: Total detections: 6
INFO:modules.dress_code_monitoring:   Counter ROI configured: False, Queue ROI configured: False
INFO:modules.dress_code_monitoring:   Allowed uniforms in counter: []
INFO:modules.dress_code_monitoring:   Detected classes: {'Hairnet': 5, 'Apron': 1}
INFO:modules.dress_code_monitoring:   Detections by area: {'counter': 0, 'queue': 0, 'unknown': 0, 'everywhere': 6}
INFO:modules.dress_code_monitoring:   👔 Compliance items detected: ['Hairnet', 'Apron']
INFO:modules.dress_code_monitoring:📊 [camera_12] DressCode Frame 8: Total detections: 0
INFO:modules.dress_code_monitoring:   Counter ROI configured: False, Queue ROI configured: False
INFO:modules.dress_code_monitoring:   Allowed uniforms in counter: []
INFO:modules.yolo_detector:🔍 YOLO Detection Debug (call #2):
INFO:modules.yolo_detector:   - Model: models/yolo11n.pt
INFO:modules.yolo_detector:   - Person class ID expected: 0
INFO:modules.yolo_detector:   - Confidence threshold: 0.4
INFO:modules.yolo_detector:   - All detections (conf>=0.25): 4
INFO:modules.yolo_detector:   - All classes found: [(0, 0.32992586493492126), (0, 0.36469975113868713), (0, 0.4100947678089142), (0, 0.7114455699920654)]
INFO:modules.yolo_detector:   - Person detections (class=0, conf>=0.4): 2
INFO:modules.yolo_detector:   - Sample person detection: bbox=[85, 184, 172, 288], conf=0.71, center=(128, 236)
INFO:modules.material_theft_monitor:[camera_15] MaterialTheft Frame 8: item_detected=False, prev_detected=False, persons_nearby=False, cooldown_remaining=0.0s
INFO:modules.queue_monitor:  Detection: bbox=[749, 82, 846, 470], center=(797, 276), bottom_right=(846, 470), area=none
INFO:modules.queue_monitor:[camera_17] Frame 6 detections:
INFO:modules.queue_monitor:  total=1, queue=0, counter=0, outside=1
INFO:modules.queue_monitor:  Queue ROI configured: False
INFO:modules.queue_monitor:  Counter ROI configured: False
INFO:modules.queue_monitor:  All detections classification:
INFO:modules.queue_monitor:    Det 1: bbox=[749, 82, 846, 470], center=(797, 276), area=none
INFO:modules.queue_monitor:[camera_17] Queue tracking debug (Frame 6):
INFO:modules.queue_monitor:  Detections passed to tracking: 0
INFO:modules.queue_monitor:  Active tracks in queue area: 0
INFO:modules.queue_monitor:  Dwell time threshold: 5.0s
INFO:modules.queue_monitor:  Final count: 0
INFO:modules.queue_monitor:[camera_17] Frame 6 tracking results:
INFO:modules.queue_monitor:  Counter detections passed to tracking: 0
INFO:modules.queue_monitor:  Counter count after tracking: 0
INFO:modules.queue_monitor:  Dwell time threshold: 0.0
INFO:modules.queue_monitor:  Uniform fallback enabled: True
INFO:modules.dress_code_monitoring:📊 [camera_17] DressCode Frame 6: Total detections: 0
INFO:modules.dress_code_monitoring:   Counter ROI configured: False, Queue ROI configured: False
INFO:modules.dress_code_monitoring:   Allowed uniforms in counter: []
INFO:modules.yolo_detector:🔍 YOLO Detection Debug (call #8):
INFO:modules.yolo_detector:   - Model: models/yolo11n.pt
INFO:modules.yolo_detector:   - Person class ID expected: 0
INFO:modules.yolo_detector:   - Confidence threshold: 0.25
INFO:modules.yolo_detector:   - All detections (conf>=0.25): 4
INFO:modules.yolo_detector:   - All classes found: [(0, 0.28772521018981934), (0, 0.30794474482536316), (0, 0.4097420573234558), (0, 0.4431920647621155)]
INFO:modules.yolo_detector:   - Person detections (class=0, conf>=0.25): 4
INFO:modules.yolo_detector:   - Sample person detection: bbox=[519, 78, 569, 289], conf=0.44, center=(544, 183)
INFO:modules.yolo_detector:🔍 YOLO Detection Debug (call #8):
INFO:modules.yolo_detector:   - Model: models/yolo11n.pt
INFO:modules.yolo_detector:   - Person class ID expected: 0
INFO:modules.yolo_detector:   - Confidence threshold: 0.25
INFO:modules.yolo_detector:   - All detections (conf>=0.25): 1
INFO:modules.yolo_detector:   - All classes found: [(0, 0.7918841242790222)]
INFO:modules.yolo_detector:   - Person detections (class=0, conf>=0.25): 1
INFO:modules.yolo_detector:   - Sample person detection: bbox=[504, 481, 646, 718], conf=0.79, center=(575, 599)
INFO:modules.dress_code_monitoring:📊 [camera_20] DressCode Frame 8: Total detections: 0
INFO:modules.dress_code_monitoring:   Counter ROI configured: False, Queue ROI configured: False
INFO:modules.dress_code_monitoring:   Allowed uniforms in counter: []
INFO:modules.yolo_detector:🔍 YOLO Detection Debug (call #8):
INFO:modules.yolo_detector:   - Model: models/yolo11n.pt
INFO:modules.yolo_detector:   - Person class ID expected: 0
INFO:modules.yolo_detector:   - Confidence threshold: 0.25
INFO:modules.yolo_detector:   - All detections (conf>=0.25): 2
INFO:modules.yolo_detector:   - All classes found: [(0, 0.5143158435821533), (0, 0.5689491629600525)]
INFO:modules.yolo_detector:   - Person detections (class=0, conf>=0.25): 2
INFO:modules.yolo_detector:   - Sample person detection: bbox=[594, 132, 689, 333], conf=0.57, center=(641, 232)
INFO:modules.yolo_detector:🔍 YOLO Detection Debug (call #7):
INFO:modules.yolo_detector:   - Model: models/yolo11n.pt
INFO:modules.yolo_detector:   - Person class ID expected: 0
INFO:modules.yolo_detector:   - Confidence threshold: 0.25
INFO:modules.yolo_detector:   - All detections (conf>=0.25): 1
INFO:modules.yolo_detector:   - All classes found: [(0, 0.4057699143886566)]
INFO:modules.yolo_detector:   - Person detections (class=0, conf>=0.25): 1
INFO:modules.yolo_detector:   - Sample person detection: bbox=[664, 392, 766, 638], conf=0.41, center=(715, 515)
INFO:modules.dress_code_monitoring:📊 [camera_25] DressCode Frame 6: Total detections: 0
INFO:modules.dress_code_monitoring:   Counter ROI configured: False, Queue ROI configured: False
INFO:modules.dress_code_monitoring:   Allowed uniforms in counter: []
INFO:modules.dress_code_monitoring:📊 [camera_27] DressCode Frame 6: Total detections: 5
INFO:modules.dress_code_monitoring:   Counter ROI configured: False, Queue ROI configured: False
INFO:modules.dress_code_monitoring:   Allowed uniforms in counter: []
INFO:modules.dress_code_monitoring:   Detected classes: {'Hairnet': 5}
INFO:modules.dress_code_monitoring:   Detections by area: {'counter': 0, 'queue': 0, 'unknown': 0, 'everywhere': 5}
INFO:modules.dress_code_monitoring:   👔 Compliance items detected: ['Hairnet']
INFO:modules.yolo_detector:🔍 YOLO Detection Debug (call #5):
INFO:modules.yolo_detector:   - Model: models/yolo11n.pt
INFO:modules.yolo_detector:   - Person class ID expected: 0
INFO:modules.yolo_detector:   - Confidence threshold: 0.5
INFO:modules.yolo_detector:   - All detections (conf>=0.25): 5
INFO:modules.yolo_detector:   - All classes found: [(0, 0.35076218843460083), (0, 0.442400723695755), (0, 0.5070050358772278), (0, 0.857979953289032), (0, 0.8619021773338318)]
INFO:modules.yolo_detector:   - Person detections (class=0, conf>=0.5): 3
INFO:modules.yolo_detector:   - Sample person detection: bbox=[746, 45, 975, 570], conf=0.86, center=(860, 307)
INFO:modules.queue_monitor:  Detection: bbox=[746, 45, 975, 570], center=(860, 307), bottom_right=(975, 570), area=none
INFO:modules.queue_monitor:  Detection: bbox=[71, 49, 324, 555], center=(197, 302), bottom_right=(324, 555), area=none
INFO:modules.queue_monitor:  Detection: bbox=[1, 34, 37, 130], center=(19, 82), bottom_right=(37, 130), area=none
INFO:modules.queue_monitor:[camera_1] Frame 9 detections:
INFO:modules.queue_monitor:  total=3, queue=0, counter=0, outside=3
INFO:modules.queue_monitor:  Queue ROI configured: False
INFO:modules.queue_monitor:  Counter ROI configured: False
INFO:modules.queue_monitor:  All detections classification:
INFO:modules.queue_monitor:    Det 1: bbox=[746, 45, 975, 570], center=(860, 307), area=none
INFO:modules.queue_monitor:    Det 2: bbox=[71, 49, 324, 555], center=(197, 302), area=none
INFO:modules.queue_monitor:    Det 3: bbox=[1, 34, 37, 130], center=(19, 82), area=none
INFO:modules.queue_monitor:[camera_1] Queue tracking debug (Frame 9):
INFO:modules.queue_monitor:  Detections passed to tracking: 0
INFO:modules.queue_monitor:  Active tracks in queue area: 0
INFO:modules.queue_monitor:  Dwell time threshold: 5.0s
INFO:modules.queue_monitor:  Final count: 0
INFO:modules.queue_monitor:[camera_1] Frame 9 tracking results:
INFO:modules.queue_monitor:  Counter detections passed to tracking: 0
INFO:modules.queue_monitor:  Counter count after tracking: 0
INFO:modules.queue_monitor:  Dwell time threshold: 0.0
INFO:modules.queue_monitor:  Uniform fallback enabled: True
INFO:modules.dress_code_monitoring:📊 [camera_1] DressCode Frame 9: Total detections: 2
INFO:modules.dress_code_monitoring:   Counter ROI configured: False, Queue ROI configured: False
INFO:modules.dress_code_monitoring:   Allowed uniforms in counter: []
INFO:modules.dress_code_monitoring:   Detected classes: {'Uniform_cream': 1, 'Uniform_black': 1}
INFO:modules.dress_code_monitoring:   Detections by area: {'counter': 0, 'queue': 0, 'unknown': 0, 'everywhere': 2}
INFO:modules.dress_code_monitoring:   👔 Uniforms everywhere: ['Uniform_cream', 'Uniform_black']
INFO:modules.dress_code_monitoring:[camera_1] Compliance check: Uniform=Uniform_cream, In counter=False
INFO:modules.dress_code_monitoring:   Is compliant: True, Violations: []
INFO:modules.dress_code_monitoring:   Allowed uniforms: []
INFO:modules.dress_code_monitoring:   Position key: Uniform_cream_1200_400
INFO:modules.dress_code_monitoring:[camera_1] Compliance check: Uniform=Uniform_black, In counter=False
INFO:modules.dress_code_monitoring:   Is compliant: True, Violations: []
INFO:modules.dress_code_monitoring:   Allowed uniforms: []
INFO:modules.dress_code_monitoring:   Position key: Uniform_black_800_200
INFO:modules.yolo_detector:🔍 YOLO Detection Debug (call #5):
INFO:modules.yolo_detector:   - Model: models/yolo11n.pt
INFO:modules.yolo_detector:   - Person class ID expected: 0
INFO:modules.yolo_detector:   - Confidence threshold: 0.5
INFO:modules.yolo_detector:   - All detections (conf>=0.25): 3
INFO:modules.yolo_detector:   - All classes found: [(0, 0.29241716861724854), (0, 0.7853062152862549), (0, 0.8687513470649719)]
INFO:modules.yolo_detector:   - Person detections (class=0, conf>=0.5): 2
INFO:modules.yolo_detector:   - Sample person detection: bbox=[1001, 218, 1279, 714], conf=0.87, center=(1140, 466)
INFO:modules.queue_monitor:  Detection: bbox=[1001, 218, 1279, 714], center=(1140, 466), bottom_right=(1279, 714), area=none
INFO:modules.queue_monitor:  Detection: bbox=[147, 489, 475, 715], center=(311, 602), bottom_right=(475, 715), area=none
INFO:modules.queue_monitor:[camera_2] Frame 9 detections:
INFO:modules.queue_monitor:  total=2, queue=0, counter=0, outside=2
INFO:modules.queue_monitor:  Queue ROI configured: False
INFO:modules.queue_monitor:  Counter ROI configured: False
INFO:modules.queue_monitor:  All detections classification:
INFO:modules.queue_monitor:    Det 1: bbox=[1001, 218, 1279, 714], center=(1140, 466), area=none
INFO:modules.queue_monitor:    Det 2: bbox=[147, 489, 475, 715], center=(311, 602), area=none
INFO:modules.queue_monitor:[camera_2] Queue tracking debug (Frame 9):
INFO:modules.queue_monitor:  Detections passed to tracking: 0
INFO:modules.queue_monitor:  Active tracks in queue area: 0
INFO:modules.queue_monitor:  Dwell time threshold: 5.0s
INFO:modules.queue_monitor:  Final count: 0
INFO:modules.queue_monitor:[camera_2] Frame 9 tracking results:
INFO:modules.queue_monitor:  Counter detections passed to tracking: 0
INFO:modules.queue_monitor:  Counter count after tracking: 0
INFO:modules.queue_monitor:  Dwell time threshold: 0.0
INFO:modules.queue_monitor:  Uniform fallback enabled: True
INFO:modules.dress_code_monitoring:📊 [camera_2] DressCode Frame 9: Total detections: 1
INFO:modules.dress_code_monitoring:   Counter ROI configured: False, Queue ROI configured: False
INFO:modules.dress_code_monitoring:   Allowed uniforms in counter: []
INFO:modules.dress_code_monitoring:   Detected classes: {'Uniform_grey': 1}
INFO:modules.dress_code_monitoring:   Detections by area: {'counter': 0, 'queue': 0, 'unknown': 0, 'everywhere': 1}
INFO:modules.dress_code_monitoring:   👔 Uniforms everywhere: ['Uniform_grey']
INFO:modules.dress_code_monitoring:[camera_2] Compliance check: Uniform=Uniform_grey, In counter=False
INFO:modules.dress_code_monitoring:   Is compliant: True, Violations: []
INFO:modules.dress_code_monitoring:   Allowed uniforms: []
INFO:modules.dress_code_monitoring:   Position key: Uniform_grey_200_600
INFO:modules.dress_code_monitoring:📊 [camera_4] DressCode Frame 9: Total detections: 0
INFO:modules.dress_code_monitoring:   Counter ROI configured: False, Queue ROI configured: False
INFO:modules.dress_code_monitoring:   Allowed uniforms in counter: []
INFO:modules.yolo_detector:🔍 YOLO Detection Debug (call #9):
INFO:modules.yolo_detector:   - Model: models/yolo11n.pt
INFO:modules.yolo_detector:   - Person class ID expected: 0
INFO:modules.yolo_detector:   - Confidence threshold: 0.25
INFO:modules.yolo_detector:   - All detections (conf>=0.25): 7
INFO:modules.yolo_detector:   - All classes found: [(0, 0.31130334734916687), (0, 0.35153594613075256), (0, 0.37298259139060974), (0, 0.4728859066963196), (0, 0.6369167566299438), (0, 0.7667680978775024), (0, 0.7762765288352966)]
INFO:modules.yolo_detector:   - Person detections (class=0, conf>=0.25): 7
INFO:modules.yolo_detector:   - Sample person detection: bbox=[415, 99, 476, 302], conf=0.78, center=(445, 200)
INFO:modules.dress_code_monitoring:📊 [camera_5] DressCode Frame 9: Total detections: 0
INFO:modules.dress_code_monitoring:   Counter ROI configured: False, Queue ROI configured: False
INFO:modules.dress_code_monitoring:   Allowed uniforms in counter: []
INFO:modules.yolo_detector:🔍 YOLO Detection Debug (call #9):
INFO:modules.yolo_detector:   - Model: models/yolo11n.pt
INFO:modules.yolo_detector:   - Person class ID expected: 0
INFO:modules.yolo_detector:   - Confidence threshold: 0.25
INFO:modules.yolo_detector:   - All detections (conf>=0.25): 2
INFO:modules.yolo_detector:   - All classes found: [(0, 0.3158833086490631), (0, 0.7857171893119812)]
INFO:modules.yolo_detector:   - Person detections (class=0, conf>=0.25): 2
INFO:modules.yolo_detector:   - Sample person detection: bbox=[386, 44, 442, 179], conf=0.79, center=(414, 111)
INFO:modules.dress_code_monitoring:📊 [camera_6] DressCode Frame 9: Total detections: 1
INFO:modules.dress_code_monitoring:   Counter ROI configured: False, Queue ROI configured: False
INFO:modules.dress_code_monitoring:   Allowed uniforms in counter: []
INFO:modules.dress_code_monitoring:   Detected classes: {'Uniform_grey': 1}
INFO:modules.dress_code_monitoring:   Detections by area: {'counter': 0, 'queue': 0, 'unknown': 0, 'everywhere': 1}
INFO:modules.dress_code_monitoring:   👔 Uniforms everywhere: ['Uniform_grey']
INFO:modules.dress_code_monitoring:[camera_6] Compliance check: Uniform=Uniform_grey, In counter=False
INFO:modules.dress_code_monitoring:   Is compliant: True, Violations: []
INFO:modules.dress_code_monitoring:   Allowed uniforms: []
INFO:modules.dress_code_monitoring:   Position key: Uniform_grey_1000_300
INFO:modules.table_service_monitor:[camera_6] Table table_593_637: State changed to unclean (no person present, 5 consecutive detections, conf=0.866)
INFO:modules.yolo_detector:🔍 YOLO Detection Debug (call #9):
INFO:modules.yolo_detector:   - Model: models/yolo11n.pt
INFO:modules.yolo_detector:   - Person class ID expected: 0
INFO:modules.yolo_detector:   - Confidence threshold: 0.25
INFO:modules.yolo_detector:   - All detections (conf>=0.25): 10
INFO:modules.yolo_detector:   - All classes found: [(0, 0.2885618507862091), (0, 0.2968791723251343), (0, 0.30920377373695374), (0, 0.3219371736049652), (0, 0.35247403383255005), (0, 0.5761103630065918), (0, 0.6150534152984619), (0, 0.6991053819656372), (0, 0.7994294762611389), (0, 0.8889002203941345)]
INFO:modules.yolo_detector:   - Person detections (class=0, conf>=0.25): 10
INFO:modules.yolo_detector:   - Sample person detection: bbox=[964, 246, 1100, 520], conf=0.89, center=(1032, 383)
INFO:modules.dress_code_monitoring:📊 [camera_7] DressCode Frame 9: Total detections: 5
INFO:modules.dress_code_monitoring:   Counter ROI configured: False, Queue ROI configured: False
INFO:modules.dress_code_monitoring:   Allowed uniforms in counter: []
INFO:modules.dress_code_monitoring:   Detected classes: {'Hairnet': 3, 'Uniform_grey': 2}
INFO:modules.dress_code_monitoring:   Detections by area: {'counter': 0, 'queue': 0, 'unknown': 0, 'everywhere': 5}
INFO:modules.dress_code_monitoring:   👔 Uniforms everywhere: ['Uniform_grey', 'Uniform_grey']
INFO:modules.dress_code_monitoring:   👔 Compliance items detected: ['Hairnet']
INFO:modules.dress_code_monitoring:[camera_7] Compliance check: Uniform=Uniform_grey, In counter=False
INFO:modules.dress_code_monitoring:   Is compliant: True, Violations: []
INFO:modules.dress_code_monitoring:   Allowed uniforms: []
INFO:modules.dress_code_monitoring:   Position key: Uniform_grey_300_200
INFO:modules.dress_code_monitoring:[camera_7] Compliance check: Uniform=Uniform_grey, In counter=False
INFO:modules.dress_code_monitoring:   Is compliant: True, Violations: []
INFO:modules.dress_code_monitoring:   Allowed uniforms: []
INFO:modules.dress_code_monitoring:   Position key: Uniform_grey_0_200
INFO:modules.yolo_detector:🔍 YOLO Detection Debug (call #9):
INFO:modules.yolo_detector:   - Model: models/yolo11n.pt
INFO:modules.yolo_detector:   - Person class ID expected: 0
INFO:modules.yolo_detector:   - Confidence threshold: 0.25
INFO:modules.yolo_detector:   - All detections (conf>=0.25): 10
INFO:modules.yolo_detector:   - All classes found: [(0, 0.26296454668045044), (0, 0.31570112705230713), (0, 0.33104273676872253), (0, 0.49574193358421326), (0, 0.5391479134559631), (0, 0.5655443072319031), (0, 0.6944052577018738), (0, 0.8474476337432861), (0, 0.8621867299079895), (0, 0.8755925893783569)]
INFO:modules.yolo_detector:   - Person detections (class=0, conf>=0.25): 10
INFO:modules.yolo_detector:   - Sample person detection: bbox=[313, 138, 563, 558], conf=0.88, center=(438, 348)
INFO:modules.dress_code_monitoring:📊 [camera_8] DressCode Frame 9: Total detections: 6
INFO:modules.dress_code_monitoring:   Counter ROI configured: False, Queue ROI configured: False
INFO:modules.dress_code_monitoring:   Allowed uniforms in counter: []
INFO:modules.dress_code_monitoring:   Detected classes: {'Uniform_grey': 2, 'Hairnet': 3, 'Uniform_black': 1}
INFO:modules.dress_code_monitoring:   Detections by area: {'counter': 0, 'queue': 0, 'unknown': 0, 'everywhere': 6}
INFO:modules.dress_code_monitoring:   👔 Uniforms everywhere: ['Uniform_grey', 'Uniform_grey', 'Uniform_black']
INFO:modules.dress_code_monitoring:   👔 Compliance items detected: ['Hairnet']
INFO:modules.dress_code_monitoring:[camera_8] Compliance check: Uniform=Uniform_grey, In counter=False
INFO:modules.dress_code_monitoring:   Is compliant: True, Violations: []
INFO:modules.dress_code_monitoring:   Allowed uniforms: []
INFO:modules.dress_code_monitoring:   Position key: Uniform_grey_1000_100
INFO:modules.dress_code_monitoring:[camera_8] Compliance check: Uniform=Uniform_grey, In counter=False
INFO:modules.dress_code_monitoring:   Is compliant: True, Violations: []
INFO:modules.dress_code_monitoring:   Allowed uniforms: []
INFO:modules.dress_code_monitoring:   Position key: Uniform_grey_1100_100
INFO:modules.dress_code_monitoring:[camera_8] Compliance check: Uniform=Uniform_black, In counter=False
INFO:modules.dress_code_monitoring:   Is compliant: True, Violations: []
INFO:modules.dress_code_monitoring:   Allowed uniforms: []
INFO:modules.dress_code_monitoring:   Position key: Uniform_black_500_100
INFO:modules.yolo_detector:🔍 YOLO Detection Debug (call #9):
INFO:modules.yolo_detector:   - Model: models/yolo11n.pt
INFO:modules.yolo_detector:   - Person class ID expected: 0
INFO:modules.yolo_detector:   - Confidence threshold: 0.25
INFO:modules.yolo_detector:   - All detections (conf>=0.25): 16
INFO:modules.yolo_detector:   - All classes found: [(0, 0.25196582078933716), (0, 0.2824418842792511), (0, 0.3113616108894348), (0, 0.39460012316703796), (0, 0.4336738884449005), (0, 0.4922672510147095), (0, 0.4978410005569458), (0, 0.523386538028717), (0, 0.5479726195335388), (0, 0.6064003705978394), (0, 0.610270619392395), (0, 0.6330762505531311), (0, 0.6399224400520325), (0, 0.7251423597335815), (0, 0.7546159029006958), (0, 0.8283180594444275)]
INFO:modules.yolo_detector:   - Person detections (class=0, conf>=0.25): 16
INFO:modules.yolo_detector:   - Sample person detection: bbox=[617, 335, 887, 528], conf=0.83, center=(752, 431)
INFO:modules.dress_code_monitoring:📊 [camera_9] DressCode Frame 9: Total detections: 0
INFO:modules.dress_code_monitoring:   Counter ROI configured: False, Queue ROI configured: False
INFO:modules.dress_code_monitoring:   Allowed uniforms in counter: []
INFO:modules.dress_code_monitoring:📊 [camera_10] DressCode Frame 9: Total detections: 7
INFO:modules.dress_code_monitoring:   Counter ROI configured: False, Queue ROI configured: False
INFO:modules.dress_code_monitoring:   Allowed uniforms in counter: []
INFO:modules.dress_code_monitoring:   Detected classes: {'Hairnet': 6, 'Apron': 1}
INFO:modules.dress_code_monitoring:   Detections by area: {'counter': 0, 'queue': 0, 'unknown': 0, 'everywhere': 7}
INFO:modules.dress_code_monitoring:   👔 Compliance items detected: ['Hairnet', 'Apron']
INFO:modules.dress_code_monitoring:📊 [camera_12] DressCode Frame 9: Total detections: 0
INFO:modules.dress_code_monitoring:   Counter ROI configured: False, Queue ROI configured: False
INFO:modules.dress_code_monitoring:   Allowed uniforms in counter: []
INFO:modules.yolo_detector:🔍 YOLO Detection Debug (call #3):
INFO:modules.yolo_detector:   - Model: models/yolo11n.pt
INFO:modules.yolo_detector:   - Person class ID expected: 0
INFO:modules.yolo_detector:   - Confidence threshold: 0.25
INFO:modules.yolo_detector:   - All detections (conf>=0.25): 5
INFO:modules.yolo_detector:   - All classes found: [(0, 0.5105985999107361), (0, 0.6955705881118774), (0, 0.7194106578826904), (0, 0.8015168309211731), (0, 0.8863179683685303)]
INFO:modules.yolo_detector:   - Person detections (class=0, conf>=0.25): 5
INFO:modules.yolo_detector:   - Sample person detection: bbox=[616, 95, 748, 312], conf=0.89, center=(682, 203)
INFO:modules.material_theft_monitor:[camera_15] Person detection: Found 5 person(s) in frame
INFO:modules.material_theft_monitor:[camera_15] MaterialTheft Frame 9: item_detected=False, prev_detected=False, persons_nearby=False, cooldown_remaining=0.0s
INFO:modules.yolo_detector:🔍 YOLO Detection Debug (call #4):
INFO:modules.yolo_detector:   - Model: models/yolo11n.pt
INFO:modules.yolo_detector:   - Person class ID expected: 0
INFO:modules.yolo_detector:   - Confidence threshold: 0.5
INFO:modules.yolo_detector:   - All detections (conf>=0.25): 0
WARNING:modules.yolo_detector:   - ⚠️ No detections found at all (conf>=0.25)!
INFO:modules.yolo_detector:   - Person detections (class=0, conf>=0.5): 0
WARNING:modules.yolo_detector:   - ⚠️ No detections found - model may not be detecting anything in this frame
INFO:modules.queue_monitor:[camera_17] Frame 7 detections:
INFO:modules.queue_monitor:  total=0, queue=0, counter=0, outside=0
INFO:modules.queue_monitor:  Queue ROI configured: False
INFO:modules.queue_monitor:  Counter ROI configured: False
INFO:modules.queue_monitor:[camera_17] Queue tracking debug (Frame 7):
INFO:modules.queue_monitor:  Detections passed to tracking: 0
INFO:modules.queue_monitor:  Active tracks in queue area: 0
INFO:modules.queue_monitor:  Dwell time threshold: 5.0s
INFO:modules.queue_monitor:  Final count: 0
INFO:modules.queue_monitor:[camera_17] Frame 7 tracking results:
INFO:modules.queue_monitor:  Counter detections passed to tracking: 0
INFO:modules.queue_monitor:  Counter count after tracking: 0
INFO:modules.queue_monitor:  Dwell time threshold: 0.0
INFO:modules.queue_monitor:  Uniform fallback enabled: True
INFO:modules.dress_code_monitoring:📊 [camera_17] DressCode Frame 7: Total detections: 0
INFO:modules.dress_code_monitoring:   Counter ROI configured: False, Queue ROI configured: False
INFO:modules.dress_code_monitoring:   Allowed uniforms in counter: []
INFO:modules.yolo_detector:🔍 YOLO Detection Debug (call #9):
INFO:modules.yolo_detector:   - Model: models/yolo11n.pt
INFO:modules.yolo_detector:   - Person class ID expected: 0
INFO:modules.yolo_detector:   - Confidence threshold: 0.25
INFO:modules.yolo_detector:   - All detections (conf>=0.25): 4
INFO:modules.yolo_detector:   - All classes found: [(0, 0.27103927731513977), (0, 0.3338615596294403), (0, 0.3931081295013428), (0, 0.4672108292579651)]
INFO:modules.yolo_detector:   - Person detections (class=0, conf>=0.25): 4
INFO:modules.yolo_detector:   - Sample person detection: bbox=[518, 76, 569, 288], conf=0.47, center=(543, 182)
INFO:modules.yolo_detector:🔍 YOLO Detection Debug (call #9):
INFO:modules.yolo_detector:   - Model: models/yolo11n.pt
INFO:modules.yolo_detector:   - Person class ID expected: 0
INFO:modules.yolo_detector:   - Confidence threshold: 0.25
INFO:modules.yolo_detector:   - All detections (conf>=0.25): 1
INFO:modules.yolo_detector:   - All classes found: [(0, 0.6518660187721252)]
INFO:modules.yolo_detector:   - Person detections (class=0, conf>=0.25): 1
INFO:modules.yolo_detector:   - Sample person detection: bbox=[499, 489, 645, 719], conf=0.65, center=(572, 604)
INFO:modules.dress_code_monitoring:📊 [camera_20] DressCode Frame 9: Total detections: 0
INFO:modules.dress_code_monitoring:   Counter ROI configured: False, Queue ROI configured: False
INFO:modules.dress_code_monitoring:   Allowed uniforms in counter: []
INFO:modules.yolo_detector:🔍 YOLO Detection Debug (call #9):
INFO:modules.yolo_detector:   - Model: models/yolo11n.pt
INFO:modules.yolo_detector:   - Person class ID expected: 0
INFO:modules.yolo_detector:   - Confidence threshold: 0.25
INFO:modules.yolo_detector:   - All detections (conf>=0.25): 2
INFO:modules.yolo_detector:   - All classes found: [(0, 0.5982972979545593), (0, 0.6356671452522278)]
INFO:modules.yolo_detector:   - Person detections (class=0, conf>=0.25): 2
INFO:modules.yolo_detector:   - Sample person detection: bbox=[763, 12, 802, 277], conf=0.64, center=(782, 144)
INFO:modules.yolo_detector:🔍 YOLO Detection Debug (call #8):
INFO:modules.yolo_detector:   - Model: models/yolo11n.pt
INFO:modules.yolo_detector:   - Person class ID expected: 0
INFO:modules.yolo_detector:   - Confidence threshold: 0.25
INFO:modules.yolo_detector:   - All detections (conf>=0.25): 1
INFO:modules.yolo_detector:   - All classes found: [(0, 0.7111415266990662)]
INFO:modules.yolo_detector:   - Person detections (class=0, conf>=0.25): 1
INFO:modules.yolo_detector:   - Sample person detection: bbox=[663, 383, 769, 644], conf=0.71, center=(716, 513)
INFO:modules.dress_code_monitoring:📊 [camera_25] DressCode Frame 7: Total detections: 0
INFO:modules.dress_code_monitoring:   Counter ROI configured: False, Queue ROI configured: False
INFO:modules.dress_code_monitoring:   Allowed uniforms in counter: []
INFO:modules.dress_code_monitoring:📊 [camera_27] DressCode Frame 7: Total detections: 5
INFO:modules.dress_code_monitoring:   Counter ROI configured: False, Queue ROI configured: False
INFO:modules.dress_code_monitoring:   Allowed uniforms in counter: []
INFO:modules.dress_code_monitoring:   Detected classes: {'Hairnet': 5}
INFO:modules.dress_code_monitoring:   Detections by area: {'counter': 0, 'queue': 0, 'unknown': 0, 'everywhere': 5}
INFO:modules.dress_code_monitoring:   👔 Compliance items detected: ['Hairnet']
INFO:modules.queue_monitor:  Detection: bbox=[746, 45, 975, 570], center=(860, 307), bottom_right=(975, 570), area=none
INFO:modules.queue_monitor:  Detection: bbox=[71, 49, 324, 555], center=(197, 302), bottom_right=(324, 555), area=none
INFO:modules.queue_monitor:  Detection: bbox=[1, 34, 37, 130], center=(19, 82), bottom_right=(37, 130), area=none
INFO:modules.queue_monitor:[camera_1] Frame 10 detections:
INFO:modules.queue_monitor:  total=3, queue=0, counter=0, outside=3
INFO:modules.queue_monitor:  Queue ROI configured: False
INFO:modules.queue_monitor:  Counter ROI configured: False
INFO:modules.queue_monitor:  All detections classification:
INFO:modules.queue_monitor:    Det 1: bbox=[746, 45, 975, 570], center=(860, 307), area=none
INFO:modules.queue_monitor:    Det 2: bbox=[71, 49, 324, 555], center=(197, 302), area=none
INFO:modules.queue_monitor:    Det 3: bbox=[1, 34, 37, 130], center=(19, 82), area=none
INFO:modules.queue_monitor:[camera_1] Queue tracking debug (Frame 10):
INFO:modules.queue_monitor:  Detections passed to tracking: 0
INFO:modules.queue_monitor:  Active tracks in queue area: 0
INFO:modules.queue_monitor:  Dwell time threshold: 5.0s
INFO:modules.queue_monitor:  Final count: 0
INFO:modules.queue_monitor:[camera_1] Frame 10 tracking results:
INFO:modules.queue_monitor:  Counter detections passed to tracking: 0
INFO:modules.queue_monitor:  Counter count after tracking: 0
INFO:modules.queue_monitor:  Dwell time threshold: 0.0
INFO:modules.queue_monitor:  Uniform fallback enabled: True
INFO:modules.dress_code_monitoring:📊 [camera_1] DressCode Frame 10: Total detections: 2
INFO:modules.dress_code_monitoring:   Counter ROI configured: False, Queue ROI configured: False
INFO:modules.dress_code_monitoring:   Allowed uniforms in counter: []
INFO:modules.dress_code_monitoring:   Detected classes: {'Uniform_black': 1, 'Uniform_cream': 1}
INFO:modules.dress_code_monitoring:   Detections by area: {'counter': 0, 'queue': 0, 'unknown': 0, 'everywhere': 2}
INFO:modules.dress_code_monitoring:   👔 Uniforms everywhere: ['Uniform_black', 'Uniform_cream']
INFO:modules.dress_code_monitoring:[camera_1] Compliance check: Uniform=Uniform_black, In counter=False
INFO:modules.dress_code_monitoring:   Is compliant: True, Violations: []
INFO:modules.dress_code_monitoring:   Allowed uniforms: []
INFO:modules.dress_code_monitoring:   Position key: Uniform_black_800_200
INFO:modules.dress_code_monitoring:[camera_1] Compliance check: Uniform=Uniform_cream, In counter=False
INFO:modules.dress_code_monitoring:   Is compliant: True, Violations: []
INFO:modules.dress_code_monitoring:   Allowed uniforms: []
INFO:modules.dress_code_monitoring:   Position key: Uniform_cream_1200_400
INFO:modules.queue_monitor:  Detection: bbox=[1001, 218, 1279, 714], center=(1140, 466), bottom_right=(1279, 714), area=none
INFO:modules.queue_monitor:  Detection: bbox=[147, 489, 475, 715], center=(311, 602), bottom_right=(475, 715), area=none
INFO:modules.queue_monitor:[camera_2] Frame 10 detections:
INFO:modules.queue_monitor:  total=2, queue=0, counter=0, outside=2
INFO:modules.queue_monitor:  Queue ROI configured: False
INFO:modules.queue_monitor:  Counter ROI configured: False
INFO:modules.queue_monitor:  All detections classification:
INFO:modules.queue_monitor:    Det 1: bbox=[1001, 218, 1279, 714], center=(1140, 466), area=none
INFO:modules.queue_monitor:    Det 2: bbox=[147, 489, 475, 715], center=(311, 602), area=none
INFO:modules.queue_monitor:[camera_2] Queue tracking debug (Frame 10):
INFO:modules.queue_monitor:  Detections passed to tracking: 0
INFO:modules.queue_monitor:  Active tracks in queue area: 0
INFO:modules.queue_monitor:  Dwell time threshold: 5.0s
INFO:modules.queue_monitor:  Final count: 0
INFO:modules.queue_monitor:[camera_2] Frame 10 tracking results:
INFO:modules.queue_monitor:  Counter detections passed to tracking: 0
INFO:modules.queue_monitor:  Counter count after tracking: 0
INFO:modules.queue_monitor:  Dwell time threshold: 0.0
INFO:modules.queue_monitor:  Uniform fallback enabled: True
INFO:modules.dress_code_monitoring:📊 [camera_2] DressCode Frame 10: Total detections: 1
INFO:modules.dress_code_monitoring:   Counter ROI configured: False, Queue ROI configured: False
INFO:modules.dress_code_monitoring:   Allowed uniforms in counter: []
INFO:modules.dress_code_monitoring:   Detected classes: {'Uniform_grey': 1}
INFO:modules.dress_code_monitoring:   Detections by area: {'counter': 0, 'queue': 0, 'unknown': 0, 'everywhere': 1}
INFO:modules.dress_code_monitoring:   👔 Uniforms everywhere: ['Uniform_grey']
INFO:modules.dress_code_monitoring:[camera_2] Compliance check: Uniform=Uniform_grey, In counter=False
INFO:modules.dress_code_monitoring:   Is compliant: True, Violations: []
INFO:modules.dress_code_monitoring:   Allowed uniforms: []
INFO:modules.dress_code_monitoring:   Position key: Uniform_grey_200_600
INFO:modules.dress_code_monitoring:📊 [camera_4] DressCode Frame 10: Total detections: 0
INFO:modules.dress_code_monitoring:   Counter ROI configured: False, Queue ROI configured: False
INFO:modules.dress_code_monitoring:   Allowed uniforms in counter: []
INFO:modules.yolo_detector:🔍 YOLO Detection Debug (call #3):
INFO:modules.yolo_detector:   - Model: models/yolo11n.pt
INFO:modules.yolo_detector:   - Person class ID expected: 0
INFO:modules.yolo_detector:   - Confidence threshold: 0.25
INFO:modules.yolo_detector:   - All detections (conf>=0.25): 6
INFO:modules.yolo_detector:   - All classes found: [(0, 0.33715909719467163), (0, 0.4387362003326416), (0, 0.4694940149784088), (0, 0.6861891150474548), (0, 0.7493566274642944), (0, 0.7666210532188416)]
INFO:modules.yolo_detector:   - Person detections (class=0, conf>=0.25): 6
INFO:modules.yolo_detector:   - Sample person detection: bbox=[413, 97, 476, 303], conf=0.77, center=(444, 200)
INFO:modules.yolo_detector:🔍 YOLO Detection Debug (call #10):
INFO:modules.yolo_detector:   - Model: models/yolo11n.pt
INFO:modules.yolo_detector:   - Person class ID expected: 0
INFO:modules.yolo_detector:   - Confidence threshold: 0.25
INFO:modules.yolo_detector:   - All detections (conf>=0.25): 6
INFO:modules.yolo_detector:   - All classes found: [(0, 0.33715909719467163), (0, 0.4387362003326416), (0, 0.4694940149784088), (0, 0.6861891150474548), (0, 0.7493566274642944), (0, 0.7666210532188416)]
INFO:modules.yolo_detector:   - Person detections (class=0, conf>=0.25): 6
INFO:modules.yolo_detector:   - Sample person detection: bbox=[413, 97, 476, 303], conf=0.77, center=(444, 200)
INFO:modules.dress_code_monitoring:📊 [camera_5] DressCode Frame 10: Total detections: 0
INFO:modules.dress_code_monitoring:   Counter ROI configured: False, Queue ROI configured: False
INFO:modules.dress_code_monitoring:   Allowed uniforms in counter: []
INFO:modules.yolo_detector:🔍 YOLO Detection Debug (call #3):
INFO:modules.yolo_detector:   - Model: models/yolo11n.pt
INFO:modules.yolo_detector:   - Person class ID expected: 0
INFO:modules.yolo_detector:   - Confidence threshold: 0.25
INFO:modules.yolo_detector:   - All detections (conf>=0.25): 1
INFO:modules.yolo_detector:   - All classes found: [(0, 0.7460939884185791)]
INFO:modules.yolo_detector:   - Person detections (class=0, conf>=0.25): 1
INFO:modules.yolo_detector:   - Sample person detection: bbox=[388, 44, 445, 178], conf=0.75, center=(416, 111)
INFO:modules.yolo_detector:🔍 YOLO Detection Debug (call #10):
INFO:modules.yolo_detector:   - Model: models/yolo11n.pt
INFO:modules.yolo_detector:   - Person class ID expected: 0
INFO:modules.yolo_detector:   - Confidence threshold: 0.25
INFO:modules.yolo_detector:   - All detections (conf>=0.25): 1
INFO:modules.yolo_detector:   - All classes found: [(0, 0.7460939884185791)]
INFO:modules.yolo_detector:   - Person detections (class=0, conf>=0.25): 1
INFO:modules.yolo_detector:   - Sample person detection: bbox=[388, 44, 445, 178], conf=0.75, center=(416, 111)
INFO:modules.dress_code_monitoring:📊 [camera_6] DressCode Frame 10: Total detections: 1
INFO:modules.dress_code_monitoring:   Counter ROI configured: False, Queue ROI configured: False
INFO:modules.dress_code_monitoring:   Allowed uniforms in counter: []
INFO:modules.dress_code_monitoring:   Detected classes: {'Uniform_grey': 1}
INFO:modules.dress_code_monitoring:   Detections by area: {'counter': 0, 'queue': 0, 'unknown': 0, 'everywhere': 1}
INFO:modules.dress_code_monitoring:   👔 Uniforms everywhere: ['Uniform_grey']
INFO:modules.dress_code_monitoring:[camera_6] Compliance check: Uniform=Uniform_grey, In counter=False
INFO:modules.dress_code_monitoring:   Is compliant: True, Violations: []
INFO:modules.dress_code_monitoring:   Allowed uniforms: []
INFO:modules.dress_code_monitoring:   Position key: Uniform_grey_1000_300
INFO:modules.yolo_detector:🔍 YOLO Detection Debug (call #3):
INFO:modules.yolo_detector:   - Model: models/yolo11n.pt
INFO:modules.yolo_detector:   - Person class ID expected: 0
INFO:modules.yolo_detector:   - Confidence threshold: 0.25
INFO:modules.yolo_detector:   - All detections (conf>=0.25): 8
INFO:modules.yolo_detector:   - All classes found: [(0, 0.3136885464191437), (0, 0.3731151521205902), (0, 0.37339943647384644), (0, 0.5331565141677856), (0, 0.6199497580528259), (0, 0.6887869834899902), (0, 0.8014514446258545), (0, 0.9028849005699158)]
INFO:modules.yolo_detector:   - Person detections (class=0, conf>=0.25): 8
INFO:modules.yolo_detector:   - Sample person detection: bbox=[965, 251, 1123, 519], conf=0.90, center=(1044, 385)
INFO:modules.yolo_detector:🔍 YOLO Detection Debug (call #10):
INFO:modules.yolo_detector:   - Model: models/yolo11n.pt
INFO:modules.yolo_detector:   - Person class ID expected: 0
INFO:modules.yolo_detector:   - Confidence threshold: 0.25
INFO:modules.yolo_detector:   - All detections (conf>=0.25): 8
INFO:modules.yolo_detector:   - All classes found: [(0, 0.3136885464191437), (0, 0.3731151521205902), (0, 0.37339943647384644), (0, 0.5331565141677856), (0, 0.6199497580528259), (0, 0.6887869834899902), (0, 0.8014514446258545), (0, 0.9028849005699158)]
INFO:modules.yolo_detector:   - Person detections (class=0, conf>=0.25): 8
INFO:modules.yolo_detector:   - Sample person detection: bbox=[965, 251, 1123, 519], conf=0.90, center=(1044, 385)
INFO:modules.dress_code_monitoring:📊 [camera_7] DressCode Frame 10: Total detections: 6
INFO:modules.dress_code_monitoring:   Counter ROI configured: False, Queue ROI configured: False
INFO:modules.dress_code_monitoring:   Allowed uniforms in counter: []
INFO:modules.dress_code_monitoring:   Detected classes: {'Hairnet': 4, 'Uniform_grey': 2}
INFO:modules.dress_code_monitoring:   Detections by area: {'counter': 0, 'queue': 0, 'unknown': 0, 'everywhere': 6}
INFO:modules.dress_code_monitoring:   👔 Uniforms everywhere: ['Uniform_grey', 'Uniform_grey']
INFO:modules.dress_code_monitoring:   👔 Compliance items detected: ['Hairnet']
INFO:modules.dress_code_monitoring:[camera_7] Compliance check: Uniform=Uniform_grey, In counter=False
INFO:modules.dress_code_monitoring:   Is compliant: True, Violations: []
INFO:modules.dress_code_monitoring:   Allowed uniforms: []
INFO:modules.dress_code_monitoring:   Position key: Uniform_grey_300_200
INFO:modules.dress_code_monitoring:[camera_7] Compliance check: Uniform=Uniform_grey, In counter=False
INFO:modules.dress_code_monitoring:   Is compliant: True, Violations: []
INFO:modules.dress_code_monitoring:   Allowed uniforms: []
INFO:modules.dress_code_monitoring:   Position key: Uniform_grey_0_200
INFO:modules.yolo_detector:🔍 YOLO Detection Debug (call #3):
INFO:modules.yolo_detector:   - Model: models/yolo11n.pt
INFO:modules.yolo_detector:   - Person class ID expected: 0
INFO:modules.yolo_detector:   - Confidence threshold: 0.25
INFO:modules.yolo_detector:   - All detections (conf>=0.25): 10
INFO:modules.yolo_detector:   - All classes found: [(0, 0.26235300302505493), (0, 0.28624579310417175), (0, 0.3505592346191406), (0, 0.5359203815460205), (0, 0.5560034513473511), (0, 0.603561520576477), (0, 0.6094133853912354), (0, 0.8656238317489624), (0, 0.8709452748298645), (0, 0.9059097170829773)]
INFO:modules.yolo_detector:   - Person detections (class=0, conf>=0.25): 10
INFO:modules.yolo_detector:   - Sample person detection: bbox=[301, 141, 543, 561], conf=0.91, center=(422, 351)
INFO:modules.yolo_detector:🔍 YOLO Detection Debug (call #10):
INFO:modules.yolo_detector:   - Model: models/yolo11n.pt
INFO:modules.yolo_detector:   - Person class ID expected: 0
INFO:modules.yolo_detector:   - Confidence threshold: 0.25
INFO:modules.yolo_detector:   - All detections (conf>=0.25): 10
INFO:modules.yolo_detector:   - All classes found: [(0, 0.26235300302505493), (0, 0.28624579310417175), (0, 0.3505592346191406), (0, 0.5359203815460205), (0, 0.5560034513473511), (0, 0.603561520576477), (0, 0.6094133853912354), (0, 0.8656238317489624), (0, 0.8709452748298645), (0, 0.9059097170829773)]
INFO:modules.yolo_detector:   - Person detections (class=0, conf>=0.25): 10
INFO:modules.yolo_detector:   - Sample person detection: bbox=[301, 141, 543, 561], conf=0.91, center=(422, 351)
INFO:modules.dress_code_monitoring:📊 [camera_8] DressCode Frame 10: Total detections: 8
INFO:modules.dress_code_monitoring:   Counter ROI configured: False, Queue ROI configured: False
INFO:modules.dress_code_monitoring:   Allowed uniforms in counter: []
INFO:modules.dress_code_monitoring:   Detected classes: {'Uniform_black': 2, 'Uniform_grey': 3, 'Hairnet': 3}
INFO:modules.dress_code_monitoring:   Detections by area: {'counter': 0, 'queue': 0, 'unknown': 0, 'everywhere': 8}
INFO:modules.dress_code_monitoring:   👔 Uniforms everywhere: ['Uniform_black', 'Uniform_grey', 'Uniform_black', 'Uniform_grey', 'Uniform_grey']
INFO:modules.dress_code_monitoring:   👔 Compliance items detected: ['Hairnet']
INFO:modules.dress_code_monitoring:[camera_8] Compliance check: Uniform=Uniform_black, In counter=False
INFO:modules.dress_code_monitoring:   Is compliant: True, Violations: []
INFO:modules.dress_code_monitoring:   Allowed uniforms: []
INFO:modules.dress_code_monitoring:   Position key: Uniform_black_500_100
INFO:modules.dress_code_monitoring:[camera_8] Compliance check: Uniform=Uniform_grey, In counter=False
INFO:modules.dress_code_monitoring:   Is compliant: True, Violations: []
INFO:modules.dress_code_monitoring:   Allowed uniforms: []
INFO:modules.dress_code_monitoring:   Position key: Uniform_grey_1000_100
INFO:modules.dress_code_monitoring:[camera_8] Compliance check: Uniform=Uniform_black, In counter=False
INFO:modules.dress_code_monitoring:   Is compliant: True, Violations: []
INFO:modules.dress_code_monitoring:   Allowed uniforms: []
INFO:modules.dress_code_monitoring:   Position key: Uniform_black_500_100
INFO:modules.dress_code_monitoring:[camera_8] Compliance check: Uniform=Uniform_grey, In counter=False
INFO:modules.dress_code_monitoring:   Is compliant: True, Violations: []
INFO:modules.dress_code_monitoring:   Allowed uniforms: []
INFO:modules.dress_code_monitoring:   Position key: Uniform_grey_1100_100
INFO:modules.dress_code_monitoring:[camera_8] Compliance check: Uniform=Uniform_grey, In counter=False
INFO:modules.dress_code_monitoring:   Is compliant: True, Violations: []
INFO:modules.dress_code_monitoring:   Allowed uniforms: []
INFO:modules.dress_code_monitoring:   Position key: Uniform_grey_1200_100
INFO:modules.yolo_detector:🔍 YOLO Detection Debug (call #3):
INFO:modules.yolo_detector:   - Model: models/yolo11n.pt
INFO:modules.yolo_detector:   - Person class ID expected: 0
INFO:modules.yolo_detector:   - Confidence threshold: 0.25
INFO:modules.yolo_detector:   - All detections (conf>=0.25): 14
INFO:modules.yolo_detector:   - All classes found: [(0, 0.2709638178348541), (0, 0.3109816312789917), (0, 0.42600589990615845), (0, 0.4275651276111603), (0, 0.4399717152118683), (0, 0.4425300359725952), (0, 0.4921625256538391), (0, 0.5266841650009155), (0, 0.6422513723373413), (0, 0.6593230366706848), (0, 0.7243463397026062), (0, 0.7611724138259888), (0, 0.7671578526496887), (0, 0.8260758519172668)]
INFO:modules.yolo_detector:   - Person detections (class=0, conf>=0.25): 14
INFO:modules.yolo_detector:   - Sample person detection: bbox=[617, 336, 888, 527], conf=0.83, center=(752, 431)
INFO:modules.yolo_detector:🔍 YOLO Detection Debug (call #10):
INFO:modules.yolo_detector:   - Model: models/yolo11n.pt
INFO:modules.yolo_detector:   - Person class ID expected: 0
INFO:modules.yolo_detector:   - Confidence threshold: 0.25
INFO:modules.yolo_detector:   - All detections (conf>=0.25): 14
INFO:modules.yolo_detector:   - All classes found: [(0, 0.2709638178348541), (0, 0.3109816312789917), (0, 0.42600589990615845), (0, 0.4275651276111603), (0, 0.4399717152118683), (0, 0.4425300359725952), (0, 0.4921625256538391), (0, 0.5266841650009155), (0, 0.6422513723373413), (0, 0.6593230366706848), (0, 0.7243463397026062), (0, 0.7611724138259888), (0, 0.7671578526496887), (0, 0.8260758519172668)]
INFO:modules.yolo_detector:   - Person detections (class=0, conf>=0.25): 14
INFO:modules.yolo_detector:   - Sample person detection: bbox=[617, 336, 888, 527], conf=0.83, center=(752, 431)
INFO:modules.dress_code_monitoring:📊 [camera_9] DressCode Frame 10: Total detections: 0
INFO:modules.dress_code_monitoring:   Counter ROI configured: False, Queue ROI configured: False
INFO:modules.dress_code_monitoring:   Allowed uniforms in counter: []
INFO:modules.dress_code_monitoring:📊 [camera_10] DressCode Frame 10: Total detections: 7
INFO:modules.dress_code_monitoring:   Counter ROI configured: False, Queue ROI configured: False
INFO:modules.dress_code_monitoring:   Allowed uniforms in counter: []
INFO:modules.dress_code_monitoring:   Detected classes: {'Hairnet': 6, 'Apron': 1}
INFO:modules.dress_code_monitoring:   Detections by area: {'counter': 0, 'queue': 0, 'unknown': 0, 'everywhere': 7}
INFO:modules.dress_code_monitoring:   👔 Compliance items detected: ['Hairnet', 'Apron']
INFO:modules.dress_code_monitoring:📊 [camera_12] DressCode Frame 10: Total detections: 0
INFO:modules.dress_code_monitoring:   Counter ROI configured: False, Queue ROI configured: False
INFO:modules.dress_code_monitoring:   Allowed uniforms in counter: []
INFO:modules.material_theft_monitor:[camera_15] MaterialTheft Frame 10: item_detected=False, prev_detected=False, persons_nearby=False, cooldown_remaining=0.0s
INFO:modules.queue_monitor:[camera_17] Frame 8 detections:
INFO:modules.queue_monitor:  total=0, queue=0, counter=0, outside=0
INFO:modules.queue_monitor:  Queue ROI configured: False
INFO:modules.queue_monitor:  Counter ROI configured: False
INFO:modules.queue_monitor:[camera_17] Queue tracking debug (Frame 8):
INFO:modules.queue_monitor:  Detections passed to tracking: 0
INFO:modules.queue_monitor:  Active tracks in queue area: 0
INFO:modules.queue_monitor:  Dwell time threshold: 5.0s
INFO:modules.queue_monitor:  Final count: 0
INFO:modules.queue_monitor:[camera_17] Frame 8 tracking results:
INFO:modules.queue_monitor:  Counter detections passed to tracking: 0
INFO:modules.queue_monitor:  Counter count after tracking: 0
INFO:modules.queue_monitor:  Dwell time threshold: 0.0
INFO:modules.queue_monitor:  Uniform fallback enabled: True
INFO:modules.dress_code_monitoring:📊 [camera_17] DressCode Frame 8: Total detections: 0
INFO:modules.dress_code_monitoring:   Counter ROI configured: False, Queue ROI configured: False
INFO:modules.dress_code_monitoring:   Allowed uniforms in counter: []
INFO:modules.yolo_detector:🔍 YOLO Detection Debug (call #3):
INFO:modules.yolo_detector:   - Model: models/yolo11n.pt
INFO:modules.yolo_detector:   - Person class ID expected: 0
INFO:modules.yolo_detector:   - Confidence threshold: 0.25
INFO:modules.yolo_detector:   - All detections (conf>=0.25): 5
INFO:modules.yolo_detector:   - All classes found: [(0, 0.26961687207221985), (0, 0.2757577896118164), (0, 0.28391048312187195), (0, 0.39378589391708374), (0, 0.39981725811958313)]
INFO:modules.yolo_detector:   - Person detections (class=0, conf>=0.25): 5
INFO:modules.yolo_detector:   - Sample person detection: bbox=[659, 177, 711, 269], conf=0.40, center=(685, 223)
INFO:modules.yolo_detector:🔍 YOLO Detection Debug (call #10):
INFO:modules.yolo_detector:   - Model: models/yolo11n.pt
INFO:modules.yolo_detector:   - Person class ID expected: 0
INFO:modules.yolo_detector:   - Confidence threshold: 0.25
INFO:modules.yolo_detector:   - All detections (conf>=0.25): 5
INFO:modules.yolo_detector:   - All classes found: [(0, 0.26961687207221985), (0, 0.2757577896118164), (0, 0.28391048312187195), (0, 0.39378589391708374), (0, 0.39981725811958313)]
INFO:modules.yolo_detector:   - Person detections (class=0, conf>=0.25): 5
INFO:modules.yolo_detector:   - Sample person detection: bbox=[659, 177, 711, 269], conf=0.40, center=(685, 223)
INFO:modules.yolo_detector:🔍 YOLO Detection Debug (call #3):
INFO:modules.yolo_detector:   - Model: models/yolo11n.pt
INFO:modules.yolo_detector:   - Person class ID expected: 0
INFO:modules.yolo_detector:   - Confidence threshold: 0.25
INFO:modules.yolo_detector:   - All detections (conf>=0.25): 1
INFO:modules.yolo_detector:   - All classes found: [(0, 0.7206006646156311)]
INFO:modules.yolo_detector:   - Person detections (class=0, conf>=0.25): 1
INFO:modules.yolo_detector:   - Sample person detection: bbox=[501, 491, 647, 720], conf=0.72, center=(574, 605)
INFO:modules.yolo_detector:🔍 YOLO Detection Debug (call #10):
INFO:modules.yolo_detector:   - Model: models/yolo11n.pt
INFO:modules.yolo_detector:   - Person class ID expected: 0
INFO:modules.yolo_detector:   - Confidence threshold: 0.25
INFO:modules.yolo_detector:   - All detections (conf>=0.25): 1
INFO:modules.yolo_detector:   - All classes found: [(0, 0.7206006646156311)]
INFO:modules.yolo_detector:   - Person detections (class=0, conf>=0.25): 1
INFO:modules.yolo_detector:   - Sample person detection: bbox=[501, 491, 647, 720], conf=0.72, center=(574, 605)
INFO:modules.dress_code_monitoring:📊 [camera_20] DressCode Frame 10: Total detections: 0
INFO:modules.dress_code_monitoring:   Counter ROI configured: False, Queue ROI configured: False
INFO:modules.dress_code_monitoring:   Allowed uniforms in counter: []
INFO:modules.yolo_detector:🔍 YOLO Detection Debug (call #10):
INFO:modules.yolo_detector:   - Model: models/yolo11n.pt
INFO:modules.yolo_detector:   - Person class ID expected: 0
INFO:modules.yolo_detector:   - Confidence threshold: 0.25
INFO:modules.yolo_detector:   - All detections (conf>=0.25): 2
INFO:modules.yolo_detector:   - All classes found: [(0, 0.40862202644348145), (0, 0.5678390264511108)]
INFO:modules.yolo_detector:   - Person detections (class=0, conf>=0.25): 2
INFO:modules.yolo_detector:   - Sample person detection: bbox=[595, 130, 692, 333], conf=0.57, center=(643, 231)
INFO:modules.yolo_detector:🔍 YOLO Detection Debug (call #9):
INFO:modules.yolo_detector:   - Model: models/yolo11n.pt
INFO:modules.yolo_detector:   - Person class ID expected: 0
INFO:modules.yolo_detector:   - Confidence threshold: 0.25
INFO:modules.yolo_detector:   - All detections (conf>=0.25): 1
INFO:modules.yolo_detector:   - All classes found: [(0, 0.6459874510765076)]
INFO:modules.yolo_detector:   - Person detections (class=0, conf>=0.25): 1
INFO:modules.yolo_detector:   - Sample person detection: bbox=[661, 366, 764, 642], conf=0.65, center=(712, 504)
INFO:modules.dress_code_monitoring:📊 [camera_25] DressCode Frame 8: Total detections: 0
INFO:modules.dress_code_monitoring:   Counter ROI configured: False, Queue ROI configured: False
INFO:modules.dress_code_monitoring:   Allowed uniforms in counter: []
INFO:modules.dress_code_monitoring:📊 [camera_27] DressCode Frame 8: Total detections: 4
INFO:modules.dress_code_monitoring:   Counter ROI configured: False, Queue ROI configured: False
INFO:modules.dress_code_monitoring:   Allowed uniforms in counter: []
INFO:modules.dress_code_monitoring:   Detected classes: {'Hairnet': 4}
INFO:modules.dress_code_monitoring:   Detections by area: {'counter': 0, 'queue': 0, 'unknown': 0, 'everywhere': 4}
INFO:modules.dress_code_monitoring:   👔 Compliance items detected: ['Hairnet']
INFO:modules.yolo_detector:🔍 YOLO Detection Debug (call #6):
INFO:modules.yolo_detector:   - Model: models/yolo11n.pt
INFO:modules.yolo_detector:   - Person class ID expected: 0
INFO:modules.yolo_detector:   - Confidence threshold: 0.5
INFO:modules.yolo_detector:   - All detections (conf>=0.25): 5
INFO:modules.yolo_detector:   - All classes found: [(0, 0.2817286252975464), (0, 0.49929171800613403), (0, 0.5415072441101074), (0, 0.8413875102996826), (0, 0.8874337673187256)]
INFO:modules.yolo_detector:   - Person detections (class=0, conf>=0.5): 3
INFO:modules.yolo_detector:   - Sample person detection: bbox=[604, 44, 935, 571], conf=0.89, center=(769, 307)
INFO:modules.yolo_detector:🔍 YOLO Detection Debug (call #6):
INFO:modules.yolo_detector:   - Model: models/yolo11n.pt
INFO:modules.yolo_detector:   - Person class ID expected: 0
INFO:modules.yolo_detector:   - Confidence threshold: 0.5
INFO:modules.yolo_detector:   - All detections (conf>=0.25): 3
INFO:modules.yolo_detector:   - All classes found: [(0, 0.5308695435523987), (0, 0.7623134255409241), (0, 0.868870735168457)]
INFO:modules.yolo_detector:   - Person detections (class=0, conf>=0.5): 3
INFO:modules.yolo_detector:   - Sample person detection: bbox=[1001, 218, 1279, 714], conf=0.87, center=(1140, 466)
INFO:modules.service_discipline_monitor:[camera_7] 🪑 T_seated: Customer track 5 at table table_6
INFO:modules.yolo_detector:🔍 YOLO Detection Debug (call #5):
INFO:modules.yolo_detector:   - Model: models/yolo11n.pt
INFO:modules.yolo_detector:   - Person class ID expected: 0
INFO:modules.yolo_detector:   - Confidence threshold: 0.5
INFO:modules.yolo_detector:   - All detections (conf>=0.25): 0
WARNING:modules.yolo_detector:   - ⚠️ No detections found at all (conf>=0.25)!
INFO:modules.yolo_detector:   - Person detections (class=0, conf>=0.5): 0
WARNING:modules.yolo_detector:   - ⚠️ No detections found - model may not be detecting anything in this frame
INFO:modules.queue_monitor:[camera_17] Frame 9 detections:
INFO:modules.queue_monitor:  total=0, queue=0, counter=0, outside=0
INFO:modules.queue_monitor:  Queue ROI configured: False
INFO:modules.queue_monitor:  Counter ROI configured: False
INFO:modules.queue_monitor:[camera_17] Queue tracking debug (Frame 9):
INFO:modules.queue_monitor:  Detections passed to tracking: 0
INFO:modules.queue_monitor:  Active tracks in queue area: 0
INFO:modules.queue_monitor:  Dwell time threshold: 5.0s
INFO:modules.queue_monitor:  Final count: 0
INFO:modules.queue_monitor:[camera_17] Frame 9 tracking results:
INFO:modules.queue_monitor:  Counter detections passed to tracking: 0
INFO:modules.queue_monitor:  Counter count after tracking: 0
INFO:modules.queue_monitor:  Dwell time threshold: 0.0
INFO:modules.queue_monitor:  Uniform fallback enabled: True
INFO:modules.dress_code_monitoring:📊 [camera_17] DressCode Frame 9: Total detections: 0
INFO:modules.dress_code_monitoring:   Counter ROI configured: False, Queue ROI configured: False
INFO:modules.dress_code_monitoring:   Allowed uniforms in counter: []
INFO:modules.yolo_detector:🔍 YOLO Detection Debug (call #3):
INFO:modules.yolo_detector:   - Model: models/yolo11n.pt
INFO:modules.yolo_detector:   - Person class ID expected: 0
INFO:modules.yolo_detector:   - Confidence threshold: 0.25
INFO:modules.yolo_detector:   - All detections (conf>=0.25): 1
INFO:modules.yolo_detector:   - All classes found: [(0, 0.6479491591453552)]
INFO:modules.yolo_detector:   - Person detections (class=0, conf>=0.25): 1
INFO:modules.yolo_detector:   - Sample person detection: bbox=[661, 369, 764, 642], conf=0.65, center=(712, 505)
INFO:modules.yolo_detector:🔍 YOLO Detection Debug (call #10):
INFO:modules.yolo_detector:   - Model: models/yolo11n.pt
INFO:modules.yolo_detector:   - Person class ID expected: 0
INFO:modules.yolo_detector:   - Confidence threshold: 0.25
INFO:modules.yolo_detector:   - All detections (conf>=0.25): 1
INFO:modules.yolo_detector:   - All classes found: [(0, 0.6479491591453552)]
INFO:modules.yolo_detector:   - Person detections (class=0, conf>=0.25): 1
INFO:modules.yolo_detector:   - Sample person detection: bbox=[661, 369, 764, 642], conf=0.65, center=(712, 505)
INFO:modules.dress_code_monitoring:📊 [camera_25] DressCode Frame 9: Total detections: 0
INFO:modules.dress_code_monitoring:   Counter ROI configured: False, Queue ROI configured: False
INFO:modules.dress_code_monitoring:   Allowed uniforms in counter: []
INFO:modules.dress_code_monitoring:📊 [camera_27] DressCode Frame 9: Total detections: 4
INFO:modules.dress_code_monitoring:   Counter ROI configured: False, Queue ROI configured: False
INFO:modules.dress_code_monitoring:   Allowed uniforms in counter: []
INFO:modules.dress_code_monitoring:   Detected classes: {'Hairnet': 4}
INFO:modules.dress_code_monitoring:   Detections by area: {'counter': 0, 'queue': 0, 'unknown': 0, 'everywhere': 4}
INFO:modules.dress_code_monitoring:   👔 Compliance items detected: ['Hairnet']
INFO:modules.yolo_detector:🔍 YOLO Detection Debug (call #3):
INFO:modules.yolo_detector:   - Model: models/yolo11n.pt
INFO:modules.yolo_detector:   - Person class ID expected: 0
INFO:modules.yolo_detector:   - Confidence threshold: 0.4
INFO:modules.yolo_detector:   - All detections (conf>=0.25): 3
INFO:modules.yolo_detector:   - All classes found: [(0, 0.37886878848075867), (0, 0.5960847735404968), (0, 0.7257376909255981)]
INFO:modules.yolo_detector:   - Person detections (class=0, conf>=0.4): 2
INFO:modules.yolo_detector:   - Sample person detection: bbox=[86, 184, 175, 287], conf=0.73, center=(130, 235)
INFO:modules.yolo_detector:🔍 YOLO Detection Debug (call #4):
INFO:modules.yolo_detector:   - Model: models/yolo11n.pt
INFO:modules.yolo_detector:   - Person class ID expected: 0
INFO:modules.yolo_detector:   - Confidence threshold: 0.25
INFO:modules.yolo_detector:   - All detections (conf>=0.25): 5
INFO:modules.yolo_detector:   - All classes found: [(0, 0.6116255521774292), (0, 0.6685231328010559), (0, 0.7618210315704346), (0, 0.8009762167930603), (0, 0.8967770934104919)]
INFO:modules.yolo_detector:   - Person detections (class=0, conf>=0.25): 5
INFO:modules.yolo_detector:   - Sample person detection: bbox=[607, 101, 724, 323], conf=0.90, center=(665, 212)
INFO:modules.queue_monitor:[camera_17] Frame 10 detections:
INFO:modules.queue_monitor:  total=0, queue=0, counter=0, outside=0
INFO:modules.queue_monitor:  Queue ROI configured: False
INFO:modules.queue_monitor:  Counter ROI configured: False
INFO:modules.queue_monitor:[camera_17] Queue tracking debug (Frame 10):
INFO:modules.queue_monitor:  Detections passed to tracking: 0
INFO:modules.queue_monitor:  Active tracks in queue area: 0
INFO:modules.queue_monitor:  Dwell time threshold: 5.0s
INFO:modules.queue_monitor:  Final count: 0
INFO:modules.queue_monitor:[camera_17] Frame 10 tracking results:
INFO:modules.queue_monitor:  Counter detections passed to tracking: 0
INFO:modules.queue_monitor:  Counter count after tracking: 0
INFO:modules.queue_monitor:  Dwell time threshold: 0.0
INFO:modules.queue_monitor:  Uniform fallback enabled: True
INFO:modules.dress_code_monitoring:📊 [camera_17] DressCode Frame 10: Total detections: 0
INFO:modules.dress_code_monitoring:   Counter ROI configured: False, Queue ROI configured: False
INFO:modules.dress_code_monitoring:   Allowed uniforms in counter: []
INFO:modules.dress_code_monitoring:📊 [camera_25] DressCode Frame 10: Total detections: 0
INFO:modules.dress_code_monitoring:   Counter ROI configured: False, Queue ROI configured: False
INFO:modules.dress_code_monitoring:   Allowed uniforms in counter: []
INFO:modules.dress_code_monitoring:📊 [camera_27] DressCode Frame 10: Total detections: 4
INFO:modules.dress_code_monitoring:   Counter ROI configured: False, Queue ROI configured: False
INFO:modules.dress_code_monitoring:   Allowed uniforms in counter: []
INFO:modules.dress_code_monitoring:   Detected classes: {'Hairnet': 4}
INFO:modules.dress_code_monitoring:   Detections by area: {'counter': 0, 'queue': 0, 'unknown': 0, 'everywhere': 4}
INFO:modules.dress_code_monitoring:   👔 Compliance items detected: ['Hairnet']
INFO:modules.yolo_detector:🔍 YOLO Detection Debug (call #7):
INFO:modules.yolo_detector:   - Model: models/yolo11n.pt
INFO:modules.yolo_detector:   - Person class ID expected: 0
INFO:modules.yolo_detector:   - Confidence threshold: 0.5
INFO:modules.yolo_detector:   - All detections (conf>=0.25): 6
INFO:modules.yolo_detector:   - All classes found: [(0, 0.27277153730392456), (0, 0.293037474155426), (0, 0.42672213912010193), (0, 0.811397910118103), (0, 0.8429819941520691), (0, 0.894599437713623)]
INFO:modules.yolo_detector:   - Person detections (class=0, conf>=0.5): 3
INFO:modules.yolo_detector:   - Sample person detection: bbox=[773, 70, 1145, 607], conf=0.89, center=(959, 338)
INFO:modules.yolo_detector:🔍 YOLO Detection Debug (call #7):
INFO:modules.yolo_detector:   - Model: models/yolo11n.pt
INFO:modules.yolo_detector:   - Person class ID expected: 0
INFO:modules.yolo_detector:   - Confidence threshold: 0.5
INFO:modules.yolo_detector:   - All detections (conf>=0.25): 4
INFO:modules.yolo_detector:   - All classes found: [(0, 0.30757439136505127), (0, 0.4147149324417114), (0, 0.7044965624809265), (0, 0.7714053988456726)]
INFO:modules.yolo_detector:   - Person detections (class=0, conf>=0.5): 2
INFO:modules.yolo_detector:   - Sample person detection: bbox=[149, 487, 473, 715], conf=0.77, center=(311, 601)
INFO:modules.yolo_detector:🔍 YOLO Detection Debug (call #6):
INFO:modules.yolo_detector:   - Model: models/yolo11n.pt
INFO:modules.yolo_detector:   - Person class ID expected: 0
INFO:modules.yolo_detector:   - Confidence threshold: 0.5
INFO:modules.yolo_detector:   - All detections (conf>=0.25): 1
INFO:modules.yolo_detector:   - All classes found: [(0, 0.29090234637260437)]
INFO:modules.yolo_detector:   - Person detections (class=0, conf>=0.5): 0
WARNING:modules.yolo_detector:   - ⚠️ Found 1 detections but NONE are person class 0!
INFO:modules.table_service_monitor:[camera_6] Table table_590_637: State changed to unclean (no person present, 5 consecutive detections, conf=0.869)
INFO:modules.yolo_detector:🔍 YOLO Detection Debug (call #8):
INFO:modules.yolo_detector:   - Model: models/yolo11n.pt
INFO:modules.yolo_detector:   - Person class ID expected: 0
INFO:modules.yolo_detector:   - Confidence threshold: 0.5
INFO:modules.yolo_detector:   - All detections (conf>=0.25): 5
INFO:modules.yolo_detector:   - All classes found: [(0, 0.3715442717075348), (0, 0.5082446336746216), (0, 0.8425061702728271), (0, 0.8776119947433472), (0, 0.9014697670936584)]
INFO:modules.yolo_detector:   - Person detections (class=0, conf>=0.5): 4
INFO:modules.yolo_detector:   - Sample person detection: bbox=[767, 70, 1145, 607], conf=0.90, center=(956, 338)
INFO:modules.yolo_detector:🔍 YOLO Detection Debug (call #8):
INFO:modules.yolo_detector:   - Model: models/yolo11n.pt
INFO:modules.yolo_detector:   - Person class ID expected: 0
INFO:modules.yolo_detector:   - Confidence threshold: 0.5
INFO:modules.yolo_detector:   - All detections (conf>=0.25): 3
INFO:modules.yolo_detector:   - All classes found: [(0, 0.4314384460449219), (0, 0.5485178828239441), (0, 0.7544786930084229)]
INFO:modules.yolo_detector:   - Person detections (class=0, conf>=0.5): 2
INFO:modules.yolo_detector:   - Sample person detection: bbox=[148, 487, 465, 714], conf=0.75, center=(306, 600)
INFO:modules.yolo_detector:🔍 YOLO Detection Debug (call #4):
INFO:modules.yolo_detector:   - Model: models/yolo11n.pt
INFO:modules.yolo_detector:   - Person class ID expected: 0
INFO:modules.yolo_detector:   - Confidence threshold: 0.25
INFO:modules.yolo_detector:   - All detections (conf>=0.25): 2
INFO:modules.yolo_detector:   - All classes found: [(0, 0.6615159511566162), (0, 0.7735264897346497)]
INFO:modules.yolo_detector:   - Person detections (class=0, conf>=0.25): 2
INFO:modules.yolo_detector:   - Sample person detection: bbox=[443, 94, 506, 303], conf=0.77, center=(474, 198)
INFO:modules.yolo_detector:🔍 YOLO Detection Debug (call #4):
INFO:modules.yolo_detector:   - Model: models/yolo11n.pt
INFO:modules.yolo_detector:   - Person class ID expected: 0
INFO:modules.yolo_detector:   - Confidence threshold: 0.25
INFO:modules.yolo_detector:   - All detections (conf>=0.25): 2
INFO:modules.yolo_detector:   - All classes found: [(0, 0.28555887937545776), (0, 0.3866256773471832)]
INFO:modules.yolo_detector:   - Person detections (class=0, conf>=0.25): 2
INFO:modules.yolo_detector:   - Sample person detection: bbox=[227, 109, 273, 153], conf=0.39, center=(250, 131)
INFO:modules.yolo_detector:🔍 YOLO Detection Debug (call #4):
INFO:modules.yolo_detector:   - Model: models/yolo11n.pt
INFO:modules.yolo_detector:   - Person class ID expected: 0
INFO:modules.yolo_detector:   - Confidence threshold: 0.25
INFO:modules.yolo_detector:   - All detections (conf>=0.25): 7
INFO:modules.yolo_detector:   - All classes found: [(0, 0.2739858627319336), (0, 0.3080572485923767), (0, 0.3955371081829071), (0, 0.5159155130386353), (0, 0.6473491787910461), (0, 0.7894796133041382), (0, 0.8749701976776123)]
INFO:modules.yolo_detector:   - Person detections (class=0, conf>=0.25): 7
INFO:modules.yolo_detector:   - Sample person detection: bbox=[991, 260, 1163, 525], conf=0.87, center=(1077, 392)
WARNING:modules.table_service_monitor:[camera_6] Table table_593_637 unclean violation: Table has been unclean for 21.0s
INFO:modules.table_service_monitor:[camera_6] 🎬 Starting GIF recording for unclean table table_593_637
INFO:modules.gif_recorder:Started alert GIF recording for: Unclean table table_593_637 detected (unclean for 21.0s)
INFO:modules.table_service_monitor:Unclean table violation snapshot saved: static/table_service_violations/unclean_table_table_593_637_camera_6_20260314_150129.jpg
INFO:modules.table_service_monitor:[camera_6] 📸 Unclean table snapshot saved: static/table_service_violations/unclean_table_table_593_637_camera_6_20260314_150129.jpg
INFO:modules.database:Table cleanliness violation saved: type=unclean_table, table=table_593_637, channel=camera_6
INFO:modules.telegram_notifier:Sending Telegram alert with image: static/table_service_violations/unclean_table_table_593_637_camera_6_20260314_150129.jpg
INFO:modules.telegram_notifier:✅ Telegram photo sent successfully: unclean_table_table_593_637_camera_6_20260314_150129.jpg (353.0KB)
INFO:modules.table_service_monitor:[camera_6] ✅ Table cleanliness saved: unclean_table for table_593_637 (GIF recording in progress)
INFO:modules.yolo_detector:🔍 YOLO Detection Debug (call #4):
INFO:modules.yolo_detector:   - Model: models/yolo11n.pt
INFO:modules.yolo_detector:   - Person class ID expected: 0
INFO:modules.yolo_detector:   - Confidence threshold: 0.25
INFO:modules.yolo_detector:   - All detections (conf>=0.25): 7
INFO:modules.yolo_detector:   - All classes found: [(0, 0.25311407446861267), (0, 0.37455329298973083), (0, 0.43098005652427673), (0, 0.6061593890190125), (0, 0.8581705689430237), (0, 0.8709161877632141), (0, 0.898956298828125)]
INFO:modules.yolo_detector:   - Person detections (class=0, conf>=0.25): 7
INFO:modules.yolo_detector:   - Sample person detection: bbox=[243, 150, 489, 558], conf=0.90, center=(366, 354)
INFO:modules.yolo_detector:🔍 YOLO Detection Debug (call #4):
INFO:modules.yolo_detector:   - Model: models/yolo11n.pt
INFO:modules.yolo_detector:   - Person class ID expected: 0
INFO:modules.yolo_detector:   - Confidence threshold: 0.25
INFO:modules.yolo_detector:   - All detections (conf>=0.25): 14
INFO:modules.yolo_detector:   - All classes found: [(0, 0.2700546681880951), (0, 0.29347121715545654), (0, 0.2995198369026184), (0, 0.3021315336227417), (0, 0.35778531432151794), (0, 0.3876701593399048), (0, 0.4071522355079651), (0, 0.4690615236759186), (0, 0.601010799407959), (0, 0.6151586174964905), (0, 0.6964450478553772), (0, 0.7652296423912048), (0, 0.8380579352378845), (0, 0.8499558568000793)]
INFO:modules.yolo_detector:   - Person detections (class=0, conf>=0.25): 14
INFO:modules.yolo_detector:   - Sample person detection: bbox=[443, 73, 532, 255], conf=0.85, center=(487, 164)
INFO:modules.yolo_detector:🔍 YOLO Detection Debug (call #5):
INFO:modules.yolo_detector:   - Model: models/yolo11n.pt
INFO:modules.yolo_detector:   - Person class ID expected: 0
INFO:modules.yolo_detector:   - Confidence threshold: 0.25
INFO:modules.yolo_detector:   - All detections (conf>=0.25): 4
INFO:modules.yolo_detector:   - All classes found: [(0, 0.5610780119895935), (0, 0.6640530824661255), (0, 0.8435474038124084), (0, 0.8953651189804077)]
INFO:modules.yolo_detector:   - Person detections (class=0, conf>=0.25): 4
INFO:modules.yolo_detector:   - Sample person detection: bbox=[607, 101, 723, 297], conf=0.90, center=(665, 199)
INFO:modules.yolo_detector:🔍 YOLO Detection Debug (call #7):
INFO:modules.yolo_detector:   - Model: models/yolo11n.pt
INFO:modules.yolo_detector:   - Person class ID expected: 0
INFO:modules.yolo_detector:   - Confidence threshold: 0.5
INFO:modules.yolo_detector:   - All detections (conf>=0.25): 0
WARNING:modules.yolo_detector:   - ⚠️ No detections found at all (conf>=0.25)!
INFO:modules.yolo_detector:   - Person detections (class=0, conf>=0.5): 0
WARNING:modules.yolo_detector:   - ⚠️ No detections found - model may not be detecting anything in this frame
INFO:modules.yolo_detector:🔍 YOLO Detection Debug (call #4):
INFO:modules.yolo_detector:   - Model: models/yolo11n.pt
INFO:modules.yolo_detector:   - Person class ID expected: 0
INFO:modules.yolo_detector:   - Confidence threshold: 0.25
INFO:modules.yolo_detector:   - All detections (conf>=0.25): 1
INFO:modules.yolo_detector:   - All classes found: [(0, 0.4414546489715576)]
INFO:modules.yolo_detector:   - Person detections (class=0, conf>=0.25): 1
INFO:modules.yolo_detector:   - Sample person detection: bbox=[523, 481, 660, 718], conf=0.44, center=(591, 599)
INFO:modules.yolo_detector:🔍 YOLO Detection Debug (call #4):
INFO:modules.yolo_detector:   - Model: models/yolo11n.pt
INFO:modules.yolo_detector:   - Person class ID expected: 0
INFO:modules.yolo_detector:   - Confidence threshold: 0.25
INFO:modules.yolo_detector:   - All detections (conf>=0.25): 1
INFO:modules.yolo_detector:   - All classes found: [(0, 0.31592267751693726)]
INFO:modules.yolo_detector:   - Person detections (class=0, conf>=0.25): 1
INFO:modules.yolo_detector:   - Sample person detection: bbox=[503, 517, 685, 717], conf=0.32, center=(594, 617)
INFO:modules.gif_recorder:GIF saved: static/alerts/alert_20260314_150129.gif (17 frames, 200ms/frame)
INFO:modules.gif_recorder:Alert GIF created: static/alerts/alert_20260314_150129.gif (17 frames)
INFO:modules.table_service_monitor:[camera_6] 🎬 GIF recording completed!
INFO:modules.table_service_monitor:[camera_6] ✅ Updated violation 4 with GIF path: static/alerts/alert_20260314_150129.gif
INFO:modules.telegram_notifier:Sending Telegram alert with image: static/alerts/alert_20260314_150129.gif
INFO:modules.telegram_notifier:✅ Telegram document sent successfully: alert_20260314_150129.gif (1972.6KB)
INFO:modules.telegram_notifier:Sending Telegram alert with image: static/alerts/alert_20260314_150129.gif
INFO:modules.telegram_notifier:✅ Telegram document sent successfully: alert_20260314_150129.gif (1972.6KB)
INFO:modules.table_service_monitor:[camera_6] ✅ Telegram alert sent with GIF: alert_20260314_150129.gif
INFO:modules.table_service_monitor:[camera_6] ✅ Table service alert GIF saved to database: alert_20260314_150129.gif
INFO:modules.yolo_detector:🔍 YOLO Detection Debug (call #4):
INFO:modules.yolo_detector:   - Model: models/yolo11n.pt
INFO:modules.yolo_detector:   - Person class ID expected: 0
INFO:modules.yolo_detector:   - Confidence threshold: 0.4
INFO:modules.yolo_detector:   - All detections (conf>=0.25): 3
INFO:modules.yolo_detector:   - All classes found: [(0, 0.33124205470085144), (0, 0.6856100559234619), (0, 0.6894428133964539)]
INFO:modules.yolo_detector:   - Person detections (class=0, conf>=0.4): 2
INFO:modules.yolo_detector:   - Sample person detection: bbox=[86, 183, 171, 287], conf=0.69, center=(128, 235)
INFO:modules.yolo_detector:🔍 YOLO Detection Debug (call #4):
INFO:modules.yolo_detector:   - Model: models/yolo11n.pt
INFO:modules.yolo_detector:   - Person class ID expected: 0
INFO:modules.yolo_detector:   - Confidence threshold: 0.25
INFO:modules.yolo_detector:   - All detections (conf>=0.25): 1
INFO:modules.yolo_detector:   - All classes found: [(0, 0.3086886405944824)]
INFO:modules.yolo_detector:   - Person detections (class=0, conf>=0.25): 1
INFO:modules.yolo_detector:   - Sample person detection: bbox=[661, 351, 765, 644], conf=0.31, center=(713, 497)
INFO:modules.yolo_detector:🔍 YOLO Detection Debug (call #9):
INFO:modules.yolo_detector:   - Model: models/yolo11n.pt
INFO:modules.yolo_detector:   - Person class ID expected: 0
INFO:modules.yolo_detector:   - Confidence threshold: 0.5
INFO:modules.yolo_detector:   - All detections (conf>=0.25): 5
INFO:modules.yolo_detector:   - All classes found: [(0, 0.27851369976997375), (0, 0.37930336594581604), (0, 0.7643947005271912), (0, 0.8403524160385132), (0, 0.9016632437705994)]
INFO:modules.yolo_detector:   - Person detections (class=0, conf>=0.5): 3
INFO:modules.yolo_detector:   - Sample person detection: bbox=[766, 70, 1144, 606], conf=0.90, center=(955, 338)
INFO:modules.yolo_detector:🔍 YOLO Detection Debug (call #9):
INFO:modules.yolo_detector:   - Model: models/yolo11n.pt
INFO:modules.yolo_detector:   - Person class ID expected: 0
INFO:modules.yolo_detector:   - Confidence threshold: 0.5
INFO:modules.yolo_detector:   - All detections (conf>=0.25): 3
INFO:modules.yolo_detector:   - All classes found: [(0, 0.3989960849285126), (0, 0.47313499450683594), (0, 0.7341185808181763)]
INFO:modules.yolo_detector:   - Person detections (class=0, conf>=0.5): 1
INFO:modules.yolo_detector:   - Sample person detection: bbox=[148, 488, 461, 713], conf=0.73, center=(304, 600)
INFO:modules.yolo_detector:🔍 YOLO Detection Debug (call #8):
INFO:modules.yolo_detector:   - Model: models/yolo11n.pt
INFO:modules.yolo_detector:   - Person class ID expected: 0
INFO:modules.yolo_detector:   - Confidence threshold: 0.5
INFO:modules.yolo_detector:   - All detections (conf>=0.25): 0
WARNING:modules.yolo_detector:   - ⚠️ No detections found at all (conf>=0.25)!
INFO:modules.yolo_detector:   - Person detections (class=0, conf>=0.5): 0
WARNING:modules.yolo_detector:   - ⚠️ No detections found - model may not be detecting anything in this frame
INFO:modules.yolo_detector:🔍 YOLO Detection Debug (call #6):
INFO:modules.yolo_detector:   - Model: models/yolo11n.pt
INFO:modules.yolo_detector:   - Person class ID expected: 0
INFO:modules.yolo_detector:   - Confidence threshold: 0.25
INFO:modules.yolo_detector:   - All detections (conf>=0.25): 5
INFO:modules.yolo_detector:   - All classes found: [(0, 0.34181663393974304), (0, 0.5701190233230591), (0, 0.676447868347168), (0, 0.8440265655517578), (0, 0.8958299160003662)]
INFO:modules.yolo_detector:   - Person detections (class=0, conf>=0.25): 5
INFO:modules.yolo_detector:   - Sample person detection: bbox=[607, 101, 724, 297], conf=0.90, center=(665, 199)
ERROR from src: Could not read from resource.
Debug info: ../gst/rtsp/gstrtspsrc.c(6009): gst_rtspsrc_loop_interleaved (): /GstPipeline:sakshiai-pipeline/GstDsNvUriSrcBin:src_12/GstRTSPSrc:src:
Could not receive message. (System error)
ERROR from src: Internal data stream error.
Debug info: ../gst/rtsp/gstrtspsrc.c(6511): gst_rtspsrc_loop (): /GstPipeline:sakshiai-pipeline/GstDsNvUriSrcBin:src_12/GstRTSPSrc:src:
streaming stopped, reason error (-5)
INFO:modules.yolo_detector:🔍 YOLO Detection Debug (call #10):
INFO:modules.yolo_detector:   - Model: models/yolo11n.pt
INFO:modules.yolo_detector:   - Person class ID expected: 0
INFO:modules.yolo_detector:   - Confidence threshold: 0.5
INFO:modules.yolo_detector:   - All detections (conf>=0.25): 6
INFO:modules.yolo_detector:   - All classes found: [(0, 0.25484076142311096), (0, 0.33809176087379456), (0, 0.4930203855037689), (0, 0.5668984651565552), (0, 0.8319821357727051), (0, 0.8932814002037048)]
INFO:modules.yolo_detector:   - Person detections (class=0, conf>=0.5): 3
INFO:modules.yolo_detector:   - Sample person detection: bbox=[764, 70, 1145, 607], conf=0.89, center=(954, 338)
INFO:modules.yolo_detector:🔍 YOLO Detection Debug (call #10):
INFO:modules.yolo_detector:   - Model: models/yolo11n.pt
INFO:modules.yolo_detector:   - Person class ID expected: 0
INFO:modules.yolo_detector:   - Confidence threshold: 0.5
INFO:modules.yolo_detector:   - All detections (conf>=0.25): 4
INFO:modules.yolo_detector:   - All classes found: [(0, 0.3236825466156006), (0, 0.6156534552574158), (0, 0.6229805946350098), (0, 0.7223647236824036)]
INFO:modules.yolo_detector:   - Person detections (class=0, conf>=0.5): 3
INFO:modules.yolo_detector:   - Sample person detection: bbox=[148, 487, 481, 715], conf=0.72, center=(314, 601)
INFO:modules.yolo_detector:🔍 YOLO Detection Debug (call #9):
INFO:modules.yolo_detector:   - Model: models/yolo11n.pt
INFO:modules.yolo_detector:   - Person class ID expected: 0
INFO:modules.yolo_detector:   - Confidence threshold: 0.5
INFO:modules.yolo_detector:   - All detections (conf>=0.25): 2
INFO:modules.yolo_detector:   - All classes found: [(0, 0.4511909484863281), (0, 0.5391445755958557)]
INFO:modules.yolo_detector:   - Person detections (class=0, conf>=0.5): 1
INFO:modules.yolo_detector:   - Sample person detection: bbox=[728, 22, 787, 276], conf=0.54, center=(757, 149)
INFO:modules.yolo_detector:🔍 YOLO Detection Debug (call #5):
INFO:modules.yolo_detector:   - Model: models/yolo11n.pt
INFO:modules.yolo_detector:   - Person class ID expected: 0
INFO:modules.yolo_detector:   - Confidence threshold: 0.25
INFO:modules.yolo_detector:   - All detections (conf>=0.25): 2
INFO:modules.yolo_detector:   - All classes found: [(0, 0.6691889762878418), (0, 0.7813605666160583)]
INFO:modules.yolo_detector:   - Person detections (class=0, conf>=0.25): 2
INFO:modules.yolo_detector:   - Sample person detection: bbox=[444, 93, 506, 303], conf=0.78, center=(475, 198)
INFO:modules.yolo_detector:🔍 YOLO Detection Debug (call #5):
INFO:modules.yolo_detector:   - Model: models/yolo11n.pt
INFO:modules.yolo_detector:   - Person class ID expected: 0
INFO:modules.yolo_detector:   - Confidence threshold: 0.25
INFO:modules.yolo_detector:   - All detections (conf>=0.25): 2
INFO:modules.yolo_detector:   - All classes found: [(0, 0.26738566160202026), (0, 0.2884816825389862)]
INFO:modules.yolo_detector:   - Person detections (class=0, conf>=0.25): 2
INFO:modules.yolo_detector:   - Sample person detection: bbox=[360, 62, 452, 180], conf=0.29, center=(406, 121)
INFO:modules.yolo_detector:🔍 YOLO Detection Debug (call #5):
INFO:modules.yolo_detector:   - Model: models/yolo11n.pt
INFO:modules.yolo_detector:   - Person class ID expected: 0
INFO:modules.yolo_detector:   - Confidence threshold: 0.25
INFO:modules.yolo_detector:   - All detections (conf>=0.25): 8
INFO:modules.yolo_detector:   - All classes found: [(0, 0.27902689576148987), (0, 0.343340665102005), (0, 0.3480246067047119), (0, 0.5862013101577759), (0, 0.6125789880752563), (0, 0.6437402963638306), (0, 0.7235540747642517), (0, 0.7759860157966614)]
INFO:modules.yolo_detector:   - Person detections (class=0, conf>=0.25): 8
INFO:modules.yolo_detector:   - Sample person detection: bbox=[562, 128, 671, 298], conf=0.78, center=(616, 213)
INFO:modules.yolo_detector:🔍 YOLO Detection Debug (call #5):
INFO:modules.yolo_detector:   - Model: models/yolo11n.pt
INFO:modules.yolo_detector:   - Person class ID expected: 0
INFO:modules.yolo_detector:   - Confidence threshold: 0.25
INFO:modules.yolo_detector:   - All detections (conf>=0.25): 9
INFO:modules.yolo_detector:   - All classes found: [(0, 0.2823907434940338), (0, 0.3572885990142822), (0, 0.42034444212913513), (0, 0.4332265853881836), (0, 0.4796205759048462), (0, 0.5142366886138916), (0, 0.6415905356407166), (0, 0.8046148419380188), (0, 0.8635054230690002)]
INFO:modules.yolo_detector:   - Person detections (class=0, conf>=0.25): 9
INFO:modules.yolo_detector:   - Sample person detection: bbox=[118, 386, 333, 609], conf=0.86, center=(225, 497)
INFO:modules.yolo_detector:🔍 YOLO Detection Debug (call #5):
INFO:modules.yolo_detector:   - Model: models/yolo11n.pt
INFO:modules.yolo_detector:   - Person class ID expected: 0
INFO:modules.yolo_detector:   - Confidence threshold: 0.25
INFO:modules.yolo_detector:   - All detections (conf>=0.25): 13
INFO:modules.yolo_detector:   - All classes found: [(0, 0.3487146496772766), (0, 0.35162073373794556), (0, 0.38970914483070374), (0, 0.4430406093597412), (0, 0.5234424471855164), (0, 0.5774128437042236), (0, 0.59054034948349), (0, 0.6118223667144775), (0, 0.6483650803565979), (0, 0.7447405457496643), (0, 0.7685996890068054), (0, 0.7789087295532227), (0, 0.8346043825149536)]
INFO:modules.yolo_detector:   - Person detections (class=0, conf>=0.25): 13
INFO:modules.yolo_detector:   - Sample person detection: bbox=[164, 161, 438, 638], conf=0.83, center=(301, 399)
INFO:modules.yolo_detector:🔍 YOLO Detection Debug (call #5):
INFO:modules.yolo_detector:   - Model: models/yolo11n.pt
INFO:modules.yolo_detector:   - Person class ID expected: 0
INFO:modules.yolo_detector:   - Confidence threshold: 0.4
INFO:modules.yolo_detector:   - All detections (conf>=0.25): 3
INFO:modules.yolo_detector:   - All classes found: [(0, 0.35245761275291443), (0, 0.3848907947540283), (0, 0.5355678796768188)]
INFO:modules.yolo_detector:   - Person detections (class=0, conf>=0.4): 1
INFO:modules.yolo_detector:   - Sample person detection: bbox=[1116, 292, 1244, 461], conf=0.54, center=(1180, 376)
INFO:modules.yolo_detector:🔍 YOLO Detection Debug (call #5):
INFO:modules.yolo_detector:   - Model: models/yolo11n.pt
INFO:modules.yolo_detector:   - Person class ID expected: 0
INFO:modules.yolo_detector:   - Confidence threshold: 0.25
INFO:modules.yolo_detector:   - All detections (conf>=0.25): 0
WARNING:modules.yolo_detector:   - ⚠️ No detections found at all (conf>=0.25)!
INFO:modules.yolo_detector:   - Person detections (class=0, conf>=0.25): 0
WARNING:modules.yolo_detector:   - ⚠️ No detections found - model may not be detecting anything in this frame
INFO:modules.yolo_detector:🔍 YOLO Detection Debug (call #5):
INFO:modules.yolo_detector:   - Model: models/yolo11n.pt
INFO:modules.yolo_detector:   - Person class ID expected: 0
INFO:modules.yolo_detector:   - Confidence threshold: 0.25
INFO:modules.yolo_detector:   - All detections (conf>=0.25): 0
WARNING:modules.yolo_detector:   - ⚠️ No detections found at all (conf>=0.25)!
INFO:modules.yolo_detector:   - Person detections (class=0, conf>=0.25): 0
WARNING:modules.yolo_detector:   - ⚠️ No detections found - model may not be detecting anything in this frame
INFO:modules.yolo_detector:🔍 YOLO Detection Debug (call #7):
INFO:modules.yolo_detector:   - Model: models/yolo11n.pt
INFO:modules.yolo_detector:   - Person class ID expected: 0
INFO:modules.yolo_detector:   - Confidence threshold: 0.25
INFO:modules.yolo_detector:   - All detections (conf>=0.25): 6
INFO:modules.yolo_detector:   - All classes found: [(0, 0.36788544058799744), (0, 0.37727490067481995), (0, 0.43254154920578003), (0, 0.4797329306602478), (0, 0.7212750911712646), (0, 0.89334636926651)]
INFO:modules.yolo_detector:   - Person detections (class=0, conf>=0.25): 6
INFO:modules.yolo_detector:   - Sample person detection: bbox=[607, 101, 723, 299], conf=0.89, center=(665, 200)
INFO:modules.yolo_detector:🔍 YOLO Detection Debug (call #10):
INFO:modules.yolo_detector:   - Model: models/yolo11n.pt
INFO:modules.yolo_detector:   - Person class ID expected: 0
INFO:modules.yolo_detector:   - Confidence threshold: 0.5
INFO:modules.yolo_detector:   - All detections (conf>=0.25): 1
INFO:modules.yolo_detector:   - All classes found: [(0, 0.3980921804904938)]
INFO:modules.yolo_detector:   - Person detections (class=0, conf>=0.5): 0
WARNING:modules.yolo_detector:   - ⚠️ Found 1 detections but NONE are person class 0!
INFO:modules.service_discipline_monitor:[camera_18] 🪑 T_seated: Customer track 4 at table table_8
INFO:modules.yolo_detector:🔍 YOLO Detection Debug (call #5):
INFO:modules.yolo_detector:   - Model: models/yolo11n.pt
INFO:modules.yolo_detector:   - Person class ID expected: 0
INFO:modules.yolo_detector:   - Confidence threshold: 0.25
INFO:modules.yolo_detector:   - All detections (conf>=0.25): 2
INFO:modules.yolo_detector:   - All classes found: [(0, 0.27773070335388184), (0, 0.35092517733573914)]
INFO:modules.yolo_detector:   - Person detections (class=0, conf>=0.25): 2
INFO:modules.yolo_detector:   - Sample person detection: bbox=[660, 383, 766, 640], conf=0.35, center=(713, 511)
INFO:modules.table_service_monitor:[camera_6] Table table_592_636: State changed to unclean (no person present, 5 consecutive detections, conf=0.866)
INFO:modules.yolo_detector:🔍 YOLO Detection Debug (call #6):
INFO:modules.yolo_detector:   - Model: models/yolo11n.pt
INFO:modules.yolo_detector:   - Person class ID expected: 0
INFO:modules.yolo_detector:   - Confidence threshold: 0.4
INFO:modules.yolo_detector:   - All detections (conf>=0.25): 3
INFO:modules.yolo_detector:   - All classes found: [(0, 0.4398375451564789), (0, 0.6883422136306763), (0, 0.7885780930519104)]
INFO:modules.yolo_detector:   - Person detections (class=0, conf>=0.4): 3
INFO:modules.yolo_detector:   - Sample person detection: bbox=[1115, 293, 1235, 431], conf=0.79, center=(1175, 362)
INFO:modules.yolo_detector:🔍 YOLO Detection Debug (call #8):
INFO:modules.yolo_detector:   - Model: models/yolo11n.pt
INFO:modules.yolo_detector:   - Person class ID expected: 0
INFO:modules.yolo_detector:   - Confidence threshold: 0.25
INFO:modules.yolo_detector:   - All detections (conf>=0.25): 4
INFO:modules.yolo_detector:   - All classes found: [(0, 0.39517688751220703), (0, 0.42832061648368835), (0, 0.5535550117492676), (0, 0.8935084939002991)]
INFO:modules.yolo_detector:   - Person detections (class=0, conf>=0.25): 4
INFO:modules.yolo_detector:   - Sample person detection: bbox=[607, 101, 723, 298], conf=0.89, center=(665, 199)
INFO:modules.yolo_detector:🔍 YOLO Detection Debug (call #6):
INFO:modules.yolo_detector:   - Model: models/yolo11n.pt
INFO:modules.yolo_detector:   - Person class ID expected: 0
INFO:modules.yolo_detector:   - Confidence threshold: 0.25
INFO:modules.yolo_detector:   - All detections (conf>=0.25): 2
INFO:modules.yolo_detector:   - All classes found: [(0, 0.62618488073349), (0, 0.7762343883514404)]
INFO:modules.yolo_detector:   - Person detections (class=0, conf>=0.25): 2
INFO:modules.yolo_detector:   - Sample person detection: bbox=[445, 93, 505, 303], conf=0.78, center=(475, 198)
INFO:modules.yolo_detector:🔍 YOLO Detection Debug (call #6):
INFO:modules.yolo_detector:   - Model: models/yolo11n.pt
INFO:modules.yolo_detector:   - Person class ID expected: 0
INFO:modules.yolo_detector:   - Confidence threshold: 0.25
INFO:modules.yolo_detector:   - All detections (conf>=0.25): 1
INFO:modules.yolo_detector:   - All classes found: [(0, 0.28933843970298767)]
INFO:modules.yolo_detector:   - Person detections (class=0, conf>=0.25): 1
INFO:modules.yolo_detector:   - Sample person detection: bbox=[219, 113, 273, 154], conf=0.29, center=(246, 133)
INFO:modules.yolo_detector:🔍 YOLO Detection Debug (call #6):
INFO:modules.yolo_detector:   - Model: models/yolo11n.pt
INFO:modules.yolo_detector:   - Person class ID expected: 0
INFO:modules.yolo_detector:   - Confidence threshold: 0.25
INFO:modules.yolo_detector:   - All detections (conf>=0.25): 5
INFO:modules.yolo_detector:   - All classes found: [(0, 0.41261208057403564), (0, 0.5185636878013611), (0, 0.6144880652427673), (0, 0.7916311621665955), (0, 0.8206392526626587)]
INFO:modules.yolo_detector:   - Person detections (class=0, conf>=0.25): 5
INFO:modules.yolo_detector:   - Sample person detection: bbox=[935, 281, 1086, 500], conf=0.82, center=(1010, 390)
INFO:modules.yolo_detector:🔍 YOLO Detection Debug (call #6):
INFO:modules.yolo_detector:   - Model: models/yolo11n.pt
INFO:modules.yolo_detector:   - Person class ID expected: 0
INFO:modules.yolo_detector:   - Confidence threshold: 0.25
INFO:modules.yolo_detector:   - All detections (conf>=0.25): 8
INFO:modules.yolo_detector:   - All classes found: [(0, 0.2593248784542084), (0, 0.3020404279232025), (0, 0.3211936056613922), (0, 0.42832502722740173), (0, 0.5036694407463074), (0, 0.5217332243919373), (0, 0.8018091917037964), (0, 0.8701818585395813)]
INFO:modules.yolo_detector:   - Person detections (class=0, conf>=0.25): 8
INFO:modules.yolo_detector:   - Sample person detection: bbox=[118, 386, 331, 608], conf=0.87, center=(224, 497)
INFO:modules.yolo_detector:🔍 YOLO Detection Debug (call #6):
INFO:modules.yolo_detector:   - Model: models/yolo11n.pt
INFO:modules.yolo_detector:   - Person class ID expected: 0
INFO:modules.yolo_detector:   - Confidence threshold: 0.25
INFO:modules.yolo_detector:   - All detections (conf>=0.25): 10
INFO:modules.yolo_detector:   - All classes found: [(0, 0.32083895802497864), (0, 0.35253921151161194), (0, 0.3637785315513611), (0, 0.40388643741607666), (0, 0.42908403277397156), (0, 0.5004525184631348), (0, 0.5485154986381531), (0, 0.7066348791122437), (0, 0.7406731247901917), (0, 0.7455365061759949)]
INFO:modules.yolo_detector:   - Person detections (class=0, conf>=0.25): 10
INFO:modules.yolo_detector:   - Sample person detection: bbox=[743, 67, 860, 304], conf=0.75, center=(801, 185)
INFO:modules.yolo_detector:🔍 YOLO Detection Debug (call #6):
INFO:modules.yolo_detector:   - Model: models/yolo11n.pt
INFO:modules.yolo_detector:   - Person class ID expected: 0
INFO:modules.yolo_detector:   - Confidence threshold: 0.25
INFO:modules.yolo_detector:   - All detections (conf>=0.25): 2
INFO:modules.yolo_detector:   - All classes found: [(0, 0.4174972176551819), (0, 0.5694169402122498)]
INFO:modules.yolo_detector:   - Person detections (class=0, conf>=0.25): 2
INFO:modules.yolo_detector:   - Sample person detection: bbox=[842, 449, 959, 716], conf=0.57, center=(900, 582)
INFO:modules.yolo_detector:🔍 YOLO Detection Debug (call #6):
INFO:modules.yolo_detector:   - Model: models/yolo11n.pt
INFO:modules.yolo_detector:   - Person class ID expected: 0
INFO:modules.yolo_detector:   - Confidence threshold: 0.25
INFO:modules.yolo_detector:   - All detections (conf>=0.25): 0
WARNING:modules.yolo_detector:   - ⚠️ No detections found at all (conf>=0.25)!
INFO:modules.yolo_detector:   - Person detections (class=0, conf>=0.25): 0
WARNING:modules.yolo_detector:   - ⚠️ No detections found - model may not be detecting anything in this frame
INFO:modules.yolo_detector:🔍 YOLO Detection Debug (call #6):
INFO:modules.yolo_detector:   - Model: models/yolo11n.pt
INFO:modules.yolo_detector:   - Person class ID expected: 0
INFO:modules.yolo_detector:   - Confidence threshold: 0.25
INFO:modules.yolo_detector:   - All detections (conf>=0.25): 4
INFO:modules.yolo_detector:   - All classes found: [(0, 0.3356833755970001), (0, 0.5180613994598389), (0, 0.6653547286987305), (0, 0.7605679631233215)]
INFO:modules.yolo_detector:   - Person detections (class=0, conf>=0.25): 4
INFO:modules.yolo_detector:   - Sample person detection: bbox=[476, 225, 653, 691], conf=0.76, center=(564, 458)
INFO:modules.yolo_detector:🔍 YOLO Detection Debug (call #9):
INFO:modules.yolo_detector:   - Model: models/yolo11n.pt
INFO:modules.yolo_detector:   - Person class ID expected: 0
INFO:modules.yolo_detector:   - Confidence threshold: 0.25
INFO:modules.yolo_detector:   - All detections (conf>=0.25): 4
INFO:modules.yolo_detector:   - All classes found: [(0, 0.2648771405220032), (0, 0.6080037951469421), (0, 0.8090396523475647), (0, 0.8903504610061646)]
INFO:modules.yolo_detector:   - Person detections (class=0, conf>=0.25): 4
INFO:modules.yolo_detector:   - Sample person detection: bbox=[607, 101, 723, 300], conf=0.89, center=(665, 200)
INFO:modules.service_discipline_monitor:[camera_23] 🪑 T_seated: Customer track 11 at table table_13
INFO:modules.yolo_detector:🔍 YOLO Detection Debug (call #7):
INFO:modules.yolo_detector:   - Model: models/yolo11n.pt
INFO:modules.yolo_detector:   - Person class ID expected: 0
INFO:modules.yolo_detector:   - Confidence threshold: 0.4
INFO:modules.yolo_detector:   - All detections (conf>=0.25): 0
WARNING:modules.yolo_detector:   - ⚠️ No detections found at all (conf>=0.25)!
INFO:modules.yolo_detector:   - Person detections (class=0, conf>=0.4): 0
WARNING:modules.yolo_detector:   - ⚠️ No detections found - model may not be detecting anything in this frame
INFO:modules.queue_monitor:[camera_1] Frame 30 detections:
INFO:modules.queue_monitor:  total=3, queue=0, counter=0, outside=3
INFO:modules.queue_monitor:  Queue ROI configured: False
INFO:modules.queue_monitor:  Counter ROI configured: False
INFO:modules.queue_monitor:  All detections classification:
INFO:modules.queue_monitor:    Det 1: bbox=[769, 70, 1145, 604], center=(957, 337), area=none
INFO:modules.queue_monitor:    Det 2: bbox=[62, 56, 326, 568], center=(194, 312), area=none
INFO:modules.queue_monitor:    Det 3: bbox=[976, 229, 1279, 711], center=(1127, 470), area=none
INFO:modules.queue_monitor:[camera_1] Queue tracking debug (Frame 30):
INFO:modules.queue_monitor:  Detections passed to tracking: 0
INFO:modules.queue_monitor:  Active tracks in queue area: 0
INFO:modules.queue_monitor:  Dwell time threshold: 5.0s
INFO:modules.queue_monitor:  Final count: 0
INFO:modules.queue_monitor:[camera_1] Frame 30 tracking results:
INFO:modules.queue_monitor:  Counter detections passed to tracking: 0
INFO:modules.queue_monitor:  Counter count after tracking: 0
INFO:modules.queue_monitor:  Dwell time threshold: 0.0
INFO:modules.queue_monitor:  Uniform fallback enabled: True
INFO:modules.queue_monitor:[camera_2] Frame 30 detections:
INFO:modules.queue_monitor:  total=3, queue=0, counter=0, outside=3
INFO:modules.queue_monitor:  Queue ROI configured: False
INFO:modules.queue_monitor:  Counter ROI configured: False
INFO:modules.queue_monitor:  All detections classification:
INFO:modules.queue_monitor:    Det 1: bbox=[149, 488, 471, 715], center=(310, 601), area=none
INFO:modules.queue_monitor:    Det 2: bbox=[0, 153, 39, 325], center=(19, 239), area=none
INFO:modules.queue_monitor:    Det 3: bbox=[450, 572, 718, 714], center=(584, 643), area=none
INFO:modules.queue_monitor:[camera_2] Queue tracking debug (Frame 30):
INFO:modules.queue_monitor:  Detections passed to tracking: 0
INFO:modules.queue_monitor:  Active tracks in queue area: 0
INFO:modules.queue_monitor:  Dwell time threshold: 5.0s
INFO:modules.queue_monitor:  Final count: 0
INFO:modules.queue_monitor:[camera_2] Frame 30 tracking results:
INFO:modules.queue_monitor:  Counter detections passed to tracking: 0
INFO:modules.queue_monitor:  Counter count after tracking: 0
INFO:modules.queue_monitor:  Dwell time threshold: 0.0
INFO:modules.queue_monitor:  Uniform fallback enabled: True
INFO:modules.yolo_detector:🔍 YOLO Detection Debug (call #7):
INFO:modules.yolo_detector:   - Model: models/yolo11n.pt
INFO:modules.yolo_detector:   - Person class ID expected: 0
INFO:modules.yolo_detector:   - Confidence threshold: 0.25
INFO:modules.yolo_detector:   - All detections (conf>=0.25): 5
INFO:modules.yolo_detector:   - All classes found: [(0, 0.45992475748062134), (0, 0.5662855505943298), (0, 0.6522326469421387), (0, 0.7521051168441772), (0, 0.7600407600402832)]
INFO:modules.yolo_detector:   - Person detections (class=0, conf>=0.25): 5
INFO:modules.yolo_detector:   - Sample person detection: bbox=[414, 87, 484, 269], conf=0.76, center=(449, 178)
INFO:modules.yolo_detector:🔍 YOLO Detection Debug (call #30):
INFO:modules.yolo_detector:   - Model: models/yolo11n.pt
INFO:modules.yolo_detector:   - Person class ID expected: 0
INFO:modules.yolo_detector:   - Confidence threshold: 0.25
INFO:modules.yolo_detector:   - All detections (conf>=0.25): 5
INFO:modules.yolo_detector:   - All classes found: [(0, 0.45992475748062134), (0, 0.5662855505943298), (0, 0.6522326469421387), (0, 0.7521051168441772), (0, 0.7600407600402832)]
INFO:modules.yolo_detector:   - Person detections (class=0, conf>=0.25): 5
INFO:modules.yolo_detector:   - Sample person detection: bbox=[414, 87, 484, 269], conf=0.76, center=(449, 178)
INFO:modules.yolo_detector:🔍 YOLO Detection Debug (call #7):
INFO:modules.yolo_detector:   - Model: models/yolo11n.pt
INFO:modules.yolo_detector:   - Person class ID expected: 0
INFO:modules.yolo_detector:   - Confidence threshold: 0.25
INFO:modules.yolo_detector:   - All detections (conf>=0.25): 4
INFO:modules.yolo_detector:   - All classes found: [(0, 0.33678358793258667), (0, 0.5187597274780273), (0, 0.5281228423118591), (0, 0.567846953868866)]
INFO:modules.yolo_detector:   - Person detections (class=0, conf>=0.25): 4
INFO:modules.yolo_detector:   - Sample person detection: bbox=[657, 59, 712, 107], conf=0.57, center=(684, 83)
INFO:modules.yolo_detector:🔍 YOLO Detection Debug (call #30):
INFO:modules.yolo_detector:   - Model: models/yolo11n.pt
INFO:modules.yolo_detector:   - Person class ID expected: 0
INFO:modules.yolo_detector:   - Confidence threshold: 0.25
INFO:modules.yolo_detector:   - All detections (conf>=0.25): 4
INFO:modules.yolo_detector:   - All classes found: [(0, 0.33678358793258667), (0, 0.5187597274780273), (0, 0.5281228423118591), (0, 0.567846953868866)]
INFO:modules.yolo_detector:   - Person detections (class=0, conf>=0.25): 4
INFO:modules.yolo_detector:   - Sample person detection: bbox=[657, 59, 712, 107], conf=0.57, center=(684, 83)
INFO:modules.yolo_detector:🔍 YOLO Detection Debug (call #7):
INFO:modules.yolo_detector:   - Model: models/yolo11n.pt
INFO:modules.yolo_detector:   - Person class ID expected: 0
INFO:modules.yolo_detector:   - Confidence threshold: 0.25
INFO:modules.yolo_detector:   - All detections (conf>=0.25): 4
INFO:modules.yolo_detector:   - All classes found: [(0, 0.37090349197387695), (0, 0.5203900337219238), (0, 0.8060586452484131), (0, 0.8633987903594971)]
INFO:modules.yolo_detector:   - Person detections (class=0, conf>=0.25): 4
INFO:modules.yolo_detector:   - Sample person detection: bbox=[923, 271, 1078, 501], conf=0.86, center=(1000, 386)
WARNING:modules.table_service_monitor:[camera_6] Table table_592_636 unclean violation: Table has been unclean for 17.0s
INFO:modules.table_service_monitor:[camera_6] 🎬 Starting GIF recording for unclean table table_592_636
INFO:modules.gif_recorder:Started alert GIF recording for: Unclean table table_592_636 detected (unclean for 17.0s)
INFO:modules.table_service_monitor:Unclean table violation snapshot saved: static/table_service_violations/unclean_table_table_592_636_camera_6_20260314_150218.jpg
INFO:modules.table_service_monitor:[camera_6] 📸 Unclean table snapshot saved: static/table_service_violations/unclean_table_table_592_636_camera_6_20260314_150218.jpg
INFO:modules.database:Table cleanliness violation saved: type=unclean_table, table=table_592_636, channel=camera_6
INFO:modules.telegram_notifier:Sending Telegram alert with image: static/table_service_violations/unclean_table_table_592_636_camera_6_20260314_150218.jpg
INFO:modules.telegram_notifier:✅ Telegram photo sent successfully: unclean_table_table_592_636_camera_6_20260314_150218.jpg (352.0KB)
INFO:modules.table_service_monitor:[camera_6] ✅ Table cleanliness saved: unclean_table for table_592_636 (GIF recording in progress)
INFO:modules.yolo_detector:🔍 YOLO Detection Debug (call #30):
INFO:modules.yolo_detector:   - Model: models/yolo11n.pt
INFO:modules.yolo_detector:   - Person class ID expected: 0
INFO:modules.yolo_detector:   - Confidence threshold: 0.25
INFO:modules.yolo_detector:   - All detections (conf>=0.25): 4
INFO:modules.yolo_detector:   - All classes found: [(0, 0.37090349197387695), (0, 0.5203900337219238), (0, 0.8060586452484131), (0, 0.8633987903594971)]
INFO:modules.yolo_detector:   - Person detections (class=0, conf>=0.25): 4
INFO:modules.yolo_detector:   - Sample person detection: bbox=[923, 271, 1078, 501], conf=0.86, center=(1000, 386)
INFO:modules.yolo_detector:🔍 YOLO Detection Debug (call #7):
INFO:modules.yolo_detector:   - Model: models/yolo11n.pt
INFO:modules.yolo_detector:   - Person class ID expected: 0
INFO:modules.yolo_detector:   - Confidence threshold: 0.25
INFO:modules.yolo_detector:   - All detections (conf>=0.25): 8
INFO:modules.yolo_detector:   - All classes found: [(0, 0.2536676526069641), (0, 0.4132305383682251), (0, 0.5759959816932678), (0, 0.7196847200393677), (0, 0.7964171171188354), (0, 0.8295833468437195), (0, 0.8608872294425964), (0, 0.9167585968971252)]
INFO:modules.yolo_detector:   - Person detections (class=0, conf>=0.25): 8
INFO:modules.yolo_detector:   - Sample person detection: bbox=[765, 326, 993, 544], conf=0.92, center=(879, 435)
INFO:modules.yolo_detector:🔍 YOLO Detection Debug (call #30):
INFO:modules.yolo_detector:   - Model: models/yolo11n.pt
INFO:modules.yolo_detector:   - Person class ID expected: 0
INFO:modules.yolo_detector:   - Confidence threshold: 0.25
INFO:modules.yolo_detector:   - All detections (conf>=0.25): 8
INFO:modules.yolo_detector:   - All classes found: [(0, 0.2536676526069641), (0, 0.4132305383682251), (0, 0.5759959816932678), (0, 0.7196847200393677), (0, 0.7964171171188354), (0, 0.8295833468437195), (0, 0.8608872294425964), (0, 0.9167585968971252)]
INFO:modules.yolo_detector:   - Person detections (class=0, conf>=0.25): 8
INFO:modules.yolo_detector:   - Sample person detection: bbox=[765, 326, 993, 544], conf=0.92, center=(879, 435)
INFO:modules.yolo_detector:🔍 YOLO Detection Debug (call #7):
INFO:modules.yolo_detector:   - Model: models/yolo11n.pt
INFO:modules.yolo_detector:   - Person class ID expected: 0
INFO:modules.yolo_detector:   - Confidence threshold: 0.25
INFO:modules.yolo_detector:   - All detections (conf>=0.25): 13
INFO:modules.yolo_detector:   - All classes found: [(0, 0.3117987811565399), (0, 0.31692302227020264), (0, 0.31902244687080383), (0, 0.3455103933811188), (0, 0.35302141308784485), (0, 0.4027658700942993), (0, 0.403731107711792), (0, 0.4973297417163849), (0, 0.5739895105361938), (0, 0.7010610103607178), (0, 0.7064231038093567), (0, 0.736519992351532), (0, 0.8070853352546692)]
INFO:modules.yolo_detector:   - Person detections (class=0, conf>=0.25): 13
INFO:modules.yolo_detector:   - Sample person detection: bbox=[608, 304, 872, 528], conf=0.81, center=(740, 416)
INFO:modules.yolo_detector:🔍 YOLO Detection Debug (call #30):
INFO:modules.yolo_detector:   - Model: models/yolo11n.pt
INFO:modules.yolo_detector:   - Person class ID expected: 0
INFO:modules.yolo_detector:   - Confidence threshold: 0.25
INFO:modules.yolo_detector:   - All detections (conf>=0.25): 13
INFO:modules.yolo_detector:   - All classes found: [(0, 0.3117987811565399), (0, 0.31692302227020264), (0, 0.31902244687080383), (0, 0.3455103933811188), (0, 0.35302141308784485), (0, 0.4027658700942993), (0, 0.403731107711792), (0, 0.4973297417163849), (0, 0.5739895105361938), (0, 0.7010610103607178), (0, 0.7064231038093567), (0, 0.736519992351532), (0, 0.8070853352546692)]
INFO:modules.yolo_detector:   - Person detections (class=0, conf>=0.25): 13
INFO:modules.yolo_detector:   - Sample person detection: bbox=[608, 304, 872, 528], conf=0.81, center=(740, 416)
INFO:modules.yolo_detector:🔍 YOLO Detection Debug (call #10):
INFO:modules.yolo_detector:   - Model: models/yolo11n.pt
INFO:modules.yolo_detector:   - Person class ID expected: 0
INFO:modules.yolo_detector:   - Confidence threshold: 0.25
INFO:modules.yolo_detector:   - All detections (conf>=0.25): 4
INFO:modules.yolo_detector:   - All classes found: [(0, 0.28220683336257935), (0, 0.4711762070655823), (0, 0.7564964890480042), (0, 0.8959678411483765)]
INFO:modules.yolo_detector:   - Person detections (class=0, conf>=0.25): 4
INFO:modules.yolo_detector:   - Sample person detection: bbox=[607, 100, 723, 306], conf=0.90, center=(665, 203)
INFO:modules.material_theft_monitor:[camera_15] MaterialTheft Frame 30: item_detected=False, prev_detected=False, persons_nearby=False, cooldown_remaining=0.0s
INFO:modules.yolo_detector:🔍 YOLO Detection Debug (call #7):
INFO:modules.yolo_detector:   - Model: models/yolo11n.pt
INFO:modules.yolo_detector:   - Person class ID expected: 0
INFO:modules.yolo_detector:   - Confidence threshold: 0.25
INFO:modules.yolo_detector:   - All detections (conf>=0.25): 1
INFO:modules.yolo_detector:   - All classes found: [(0, 0.7129623293876648)]
INFO:modules.yolo_detector:   - Person detections (class=0, conf>=0.25): 1
INFO:modules.yolo_detector:   - Sample person detection: bbox=[544, 485, 681, 718], conf=0.71, center=(612, 601)
INFO:modules.yolo_detector:🔍 YOLO Detection Debug (call #30):
INFO:modules.yolo_detector:   - Model: models/yolo11n.pt
INFO:modules.yolo_detector:   - Person class ID expected: 0
INFO:modules.yolo_detector:   - Confidence threshold: 0.25
INFO:modules.yolo_detector:   - All detections (conf>=0.25): 1
INFO:modules.yolo_detector:   - All classes found: [(0, 0.7129623293876648)]
INFO:modules.yolo_detector:   - Person detections (class=0, conf>=0.25): 1
INFO:modules.yolo_detector:   - Sample person detection: bbox=[544, 485, 681, 718], conf=0.71, center=(612, 601)
INFO:modules.yolo_detector:🔍 YOLO Detection Debug (call #7):
INFO:modules.yolo_detector:   - Model: models/yolo11n.pt
INFO:modules.yolo_detector:   - Person class ID expected: 0
INFO:modules.yolo_detector:   - Confidence threshold: 0.25
INFO:modules.yolo_detector:   - All detections (conf>=0.25): 1
INFO:modules.yolo_detector:   - All classes found: [(0, 0.7819060683250427)]
INFO:modules.yolo_detector:   - Person detections (class=0, conf>=0.25): 1
INFO:modules.yolo_detector:   - Sample person detection: bbox=[501, 480, 659, 720], conf=0.78, center=(580, 600)
INFO:modules.yolo_detector:🔍 YOLO Detection Debug (call #30):
INFO:modules.yolo_detector:   - Model: models/yolo11n.pt
INFO:modules.yolo_detector:   - Person class ID expected: 0
INFO:modules.yolo_detector:   - Confidence threshold: 0.25
INFO:modules.yolo_detector:   - All detections (conf>=0.25): 1
INFO:modules.yolo_detector:   - All classes found: [(0, 0.7819060683250427)]
INFO:modules.yolo_detector:   - Person detections (class=0, conf>=0.25): 1
INFO:modules.yolo_detector:   - Sample person detection: bbox=[501, 480, 659, 720], conf=0.78, center=(580, 600)
INFO:modules.yolo_detector:🔍 YOLO Detection Debug (call #30):
INFO:modules.yolo_detector:   - Model: models/yolo11n.pt
INFO:modules.yolo_detector:   - Person class ID expected: 0
INFO:modules.yolo_detector:   - Confidence threshold: 0.25
INFO:modules.yolo_detector:   - All detections (conf>=0.25): 1
INFO:modules.yolo_detector:   - All classes found: [(0, 0.40160897374153137)]
INFO:modules.yolo_detector:   - Person detections (class=0, conf>=0.25): 1
INFO:modules.yolo_detector:   - Sample person detection: bbox=[593, 109, 697, 338], conf=0.40, center=(645, 223)
INFO:modules.gif_recorder:GIF saved: static/alerts/alert_20260314_150218.gif (32 frames, 200ms/frame)
INFO:modules.gif_recorder:Alert GIF created: static/alerts/alert_20260314_150218.gif (32 frames)
INFO:modules.table_service_monitor:[camera_6] 🎬 GIF recording completed!
INFO:modules.table_service_monitor:[camera_6] ✅ Updated violation 5 with GIF path: static/alerts/alert_20260314_150218.gif
INFO:modules.telegram_notifier:Sending Telegram alert with image: static/alerts/alert_20260314_150218.gif
INFO:modules.telegram_notifier:✅ Telegram document sent successfully: alert_20260314_150218.gif (3826.7KB)
INFO:modules.telegram_notifier:Sending Telegram alert with image: static/alerts/alert_20260314_150218.gif
INFO:modules.telegram_notifier:✅ Telegram document sent successfully: alert_20260314_150218.gif (3826.7KB)
INFO:modules.table_service_monitor:[camera_6] ✅ Telegram alert sent with GIF: alert_20260314_150218.gif
INFO:modules.table_service_monitor:[camera_6] ✅ Table service alert GIF saved to database: alert_20260314_150218.gif
INFO:modules.yolo_detector:🔍 YOLO Detection Debug (call #7):
INFO:modules.yolo_detector:   - Model: models/yolo11n.pt
INFO:modules.yolo_detector:   - Person class ID expected: 0
INFO:modules.yolo_detector:   - Confidence threshold: 0.25
INFO:modules.yolo_detector:   - All detections (conf>=0.25): 3
INFO:modules.yolo_detector:   - All classes found: [(0, 0.25613144040107727), (0, 0.5363041162490845), (0, 0.6612306237220764)]
INFO:modules.yolo_detector:   - Person detections (class=0, conf>=0.25): 3
INFO:modules.yolo_detector:   - Sample person detection: bbox=[665, 379, 767, 648], conf=0.66, center=(716, 513)
INFO:modules.yolo_detector:🔍 YOLO Detection Debug (call #30):
INFO:modules.yolo_detector:   - Model: models/yolo11n.pt
INFO:modules.yolo_detector:   - Person class ID expected: 0
INFO:modules.yolo_detector:   - Confidence threshold: 0.25
INFO:modules.yolo_detector:   - All detections (conf>=0.25): 3
INFO:modules.yolo_detector:   - All classes found: [(0, 0.25613144040107727), (0, 0.5363041162490845), (0, 0.6612306237220764)]
INFO:modules.yolo_detector:   - Person detections (class=0, conf>=0.25): 3
INFO:modules.yolo_detector:   - Sample person detection: bbox=[665, 379, 767, 648], conf=0.66, center=(716, 513)
INFO:modules.yolo_detector:🔍 YOLO Detection Debug (call #8):
INFO:modules.yolo_detector:   - Model: models/yolo11n.pt
INFO:modules.yolo_detector:   - Person class ID expected: 0
INFO:modules.yolo_detector:   - Confidence threshold: 0.4
INFO:modules.yolo_detector:   - All detections (conf>=0.25): 0
WARNING:modules.yolo_detector:   - ⚠️ No detections found at all (conf>=0.25)!
INFO:modules.yolo_detector:   - Person detections (class=0, conf>=0.4): 0
WARNING:modules.yolo_detector:   - ⚠️ No detections found - model may not be detecting anything in this frame
INFO:modules.queue_monitor:[camera_17] Frame 30 detections:
INFO:modules.queue_monitor:  total=0, queue=0, counter=0, outside=0
INFO:modules.queue_monitor:  Queue ROI configured: False
INFO:modules.queue_monitor:  Counter ROI configured: False
INFO:modules.queue_monitor:[camera_17] Queue tracking debug (Frame 30):
INFO:modules.queue_monitor:  Detections passed to tracking: 0
INFO:modules.queue_monitor:  Active tracks in queue area: 0
INFO:modules.queue_monitor:  Dwell time threshold: 5.0s
INFO:modules.queue_monitor:  Final count: 0
INFO:modules.queue_monitor:[camera_17] Frame 30 tracking results:
INFO:modules.queue_monitor:  Counter detections passed to tracking: 0
INFO:modules.queue_monitor:  Counter count after tracking: 0
INFO:modules.queue_monitor:  Dwell time threshold: 0.0
INFO:modules.queue_monitor:  Uniform fallback enabled: True
INFO:modules.yolo_detector:🔍 YOLO Detection Debug (call #8):
INFO:modules.yolo_detector:   - Model: models/yolo11n.pt
INFO:modules.yolo_detector:   - Person class ID expected: 0
INFO:modules.yolo_detector:   - Confidence threshold: 0.25
INFO:modules.yolo_detector:   - All detections (conf>=0.25): 6
INFO:modules.yolo_detector:   - All classes found: [(0, 0.2620135545730591), (0, 0.3869256377220154), (0, 0.6095820069313049), (0, 0.6794356107711792), (0, 0.7217987775802612), (0, 0.726622998714447)]
INFO:modules.yolo_detector:   - Person detections (class=0, conf>=0.25): 6
INFO:modules.yolo_detector:   - Sample person detection: bbox=[1074, 138, 1164, 279], conf=0.73, center=(1119, 208)
INFO:modules.yolo_detector:🔍 YOLO Detection Debug (call #8):
INFO:modules.yolo_detector:   - Model: models/yolo11n.pt
INFO:modules.yolo_detector:   - Person class ID expected: 0
INFO:modules.yolo_detector:   - Confidence threshold: 0.25
INFO:modules.yolo_detector:   - All detections (conf>=0.25): 3
INFO:modules.yolo_detector:   - All classes found: [(0, 0.36303865909576416), (0, 0.5321520566940308), (0, 0.5349633693695068)]
INFO:modules.yolo_detector:   - Person detections (class=0, conf>=0.25): 3
INFO:modules.yolo_detector:   - Sample person detection: bbox=[232, 100, 286, 159], conf=0.53, center=(259, 129)
INFO:modules.yolo_detector:🔍 YOLO Detection Debug (call #8):
INFO:modules.yolo_detector:   - Model: models/yolo11n.pt
INFO:modules.yolo_detector:   - Person class ID expected: 0
INFO:modules.yolo_detector:   - Confidence threshold: 0.25
INFO:modules.yolo_detector:   - All detections (conf>=0.25): 4
INFO:modules.yolo_detector:   - All classes found: [(0, 0.33611831068992615), (0, 0.38305798172950745), (0, 0.7766961455345154), (0, 0.8629316091537476)]
INFO:modules.yolo_detector:   - Person detections (class=0, conf>=0.25): 4
INFO:modules.yolo_detector:   - Sample person detection: bbox=[922, 271, 1078, 501], conf=0.86, center=(1000, 386)
INFO:modules.yolo_detector:🔍 YOLO Detection Debug (call #8):
INFO:modules.yolo_detector:   - Model: models/yolo11n.pt
INFO:modules.yolo_detector:   - Person class ID expected: 0
INFO:modules.yolo_detector:   - Confidence threshold: 0.25
INFO:modules.yolo_detector:   - All detections (conf>=0.25): 13
INFO:modules.yolo_detector:   - All classes found: [(0, 0.25623467564582825), (0, 0.262786865234375), (0, 0.2764555513858795), (0, 0.27889934182167053), (0, 0.29649946093559265), (0, 0.31185176968574524), (0, 0.44181737303733826), (0, 0.5387912392616272), (0, 0.7629304528236389), (0, 0.7673166990280151), (0, 0.8197228908538818), (0, 0.8682411313056946), (0, 0.8687021136283875)]
INFO:modules.yolo_detector:   - Person detections (class=0, conf>=0.25): 13
INFO:modules.yolo_detector:   - Sample person detection: bbox=[771, 322, 997, 548], conf=0.87, center=(884, 435)
INFO:modules.yolo_detector:🔍 YOLO Detection Debug (call #8):
INFO:modules.yolo_detector:   - Model: models/yolo11n.pt
INFO:modules.yolo_detector:   - Person class ID expected: 0
INFO:modules.yolo_detector:   - Confidence threshold: 0.25
INFO:modules.yolo_detector:   - All detections (conf>=0.25): 10
INFO:modules.yolo_detector:   - All classes found: [(0, 0.2711699903011322), (0, 0.3076896667480469), (0, 0.36205416917800903), (0, 0.38387778401374817), (0, 0.5148528218269348), (0, 0.5398319363594055), (0, 0.6393066048622131), (0, 0.7445086240768433), (0, 0.8120346665382385), (0, 0.8857760429382324)]
INFO:modules.yolo_detector:   - Person detections (class=0, conf>=0.25): 10
INFO:modules.yolo_detector:   - Sample person detection: bbox=[323, 71, 477, 375], conf=0.89, center=(400, 223)
INFO:modules.yolo_detector:🔍 YOLO Detection Debug (call #8):
INFO:modules.yolo_detector:   - Model: models/yolo11n.pt
INFO:modules.yolo_detector:   - Person class ID expected: 0
INFO:modules.yolo_detector:   - Confidence threshold: 0.25
INFO:modules.yolo_detector:   - All detections (conf>=0.25): 3
INFO:modules.yolo_detector:   - All classes found: [(0, 0.2527943551540375), (0, 0.34456416964530945), (0, 0.706517219543457)]
INFO:modules.yolo_detector:   - Person detections (class=0, conf>=0.25): 3
INFO:modules.yolo_detector:   - Sample person detection: bbox=[541, 492, 683, 717], conf=0.71, center=(612, 604)
INFO:modules.yolo_detector:🔍 YOLO Detection Debug (call #8):
INFO:modules.yolo_detector:   - Model: models/yolo11n.pt
INFO:modules.yolo_detector:   - Person class ID expected: 0
INFO:modules.yolo_detector:   - Confidence threshold: 0.25
INFO:modules.yolo_detector:   - All detections (conf>=0.25): 1
INFO:modules.yolo_detector:   - All classes found: [(0, 0.3528648316860199)]
INFO:modules.yolo_detector:   - Person detections (class=0, conf>=0.25): 1
INFO:modules.yolo_detector:   - Sample person detection: bbox=[501, 481, 643, 717], conf=0.35, center=(572, 599)
INFO:modules.yolo_detector:🔍 YOLO Detection Debug (call #9):
INFO:modules.yolo_detector:   - Model: models/yolo11n.pt
INFO:modules.yolo_detector:   - Person class ID expected: 0
INFO:modules.yolo_detector:   - Confidence threshold: 0.4
INFO:modules.yolo_detector:   - All detections (conf>=0.25): 0
WARNING:modules.yolo_detector:   - ⚠️ No detections found at all (conf>=0.25)!
INFO:modules.yolo_detector:   - Person detections (class=0, conf>=0.4): 0
WARNING:modules.yolo_detector:   - ⚠️ No detections found - model may not be detecting anything in this frame
INFO:modules.yolo_detector:🔍 YOLO Detection Debug (call #8):
INFO:modules.yolo_detector:   - Model: models/yolo11n.pt
INFO:modules.yolo_detector:   - Person class ID expected: 0
INFO:modules.yolo_detector:   - Confidence threshold: 0.25
INFO:modules.yolo_detector:   - All detections (conf>=0.25): 5
INFO:modules.yolo_detector:   - All classes found: [(0, 0.29098373651504517), (0, 0.44139212369918823), (0, 0.49202874302864075), (0, 0.49706241488456726), (0, 0.6259699463844299)]
INFO:modules.yolo_detector:   - Person detections (class=0, conf>=0.25): 5
INFO:modules.yolo_detector:   - Sample person detection: bbox=[396, 253, 524, 711], conf=0.63, center=(460, 482)
INFO:modules.service_discipline_monitor:[camera_23] 🪑 T_seated: Customer track 15 at table table_13
INFO:modules.table_service_monitor:[camera_6] Table table_588_636: State changed to unclean (no person present, 5 consecutive detections, conf=0.873)
INFO:modules.yolo_detector:🔍 YOLO Detection Debug (call #9):
INFO:modules.yolo_detector:   - Model: models/yolo11n.pt
INFO:modules.yolo_detector:   - Person class ID expected: 0
INFO:modules.yolo_detector:   - Confidence threshold: 0.25
INFO:modules.yolo_detector:   - All detections (conf>=0.25): 4
INFO:modules.yolo_detector:   - All classes found: [(0, 0.3513540029525757), (0, 0.6022806763648987), (0, 0.6508622169494629), (0, 0.6890760064125061)]
INFO:modules.yolo_detector:   - Person detections (class=0, conf>=0.25): 4
INFO:modules.yolo_detector:   - Sample person detection: bbox=[1078, 140, 1151, 278], conf=0.69, center=(1114, 209)
INFO:modules.yolo_detector:🔍 YOLO Detection Debug (call #9):
INFO:modules.yolo_detector:   - Model: models/yolo11n.pt
INFO:modules.yolo_detector:   - Person class ID expected: 0
INFO:modules.yolo_detector:   - Confidence threshold: 0.25
INFO:modules.yolo_detector:   - All detections (conf>=0.25): 2
INFO:modules.yolo_detector:   - All classes found: [(0, 0.26092860102653503), (0, 0.5070290565490723)]
INFO:modules.yolo_detector:   - Person detections (class=0, conf>=0.25): 2
INFO:modules.yolo_detector:   - Sample person detection: bbox=[230, 102, 286, 159], conf=0.51, center=(258, 130)
INFO:modules.yolo_detector:🔍 YOLO Detection Debug (call #9):
INFO:modules.yolo_detector:   - Model: models/yolo11n.pt
INFO:modules.yolo_detector:   - Person class ID expected: 0
INFO:modules.yolo_detector:   - Confidence threshold: 0.25
INFO:modules.yolo_detector:   - All detections (conf>=0.25): 4
INFO:modules.yolo_detector:   - All classes found: [(0, 0.33180561661720276), (0, 0.3488612174987793), (0, 0.7583398818969727), (0, 0.8640480637550354)]
INFO:modules.yolo_detector:   - Person detections (class=0, conf>=0.25): 4
INFO:modules.yolo_detector:   - Sample person detection: bbox=[923, 270, 1078, 501], conf=0.86, center=(1000, 385)
WARNING:modules.table_service_monitor:[camera_6] Table table_588_636 unclean violation: Table has been unclean for 2.9s
INFO:modules.table_service_monitor:[camera_6] 🎬 Starting GIF recording for unclean table table_588_636
INFO:modules.gif_recorder:Started alert GIF recording for: Unclean table table_588_636 detected (unclean for 2.9s)
INFO:modules.table_service_monitor:Unclean table violation snapshot saved: static/table_service_violations/unclean_table_table_588_636_camera_6_20260314_150257.jpg
INFO:modules.table_service_monitor:[camera_6] 📸 Unclean table snapshot saved: static/table_service_violations/unclean_table_table_588_636_camera_6_20260314_150257.jpg
INFO:modules.database:Table cleanliness violation saved: type=unclean_table, table=table_588_636, channel=camera_6
INFO:modules.telegram_notifier:Sending Telegram alert with image: static/table_service_violations/unclean_table_table_588_636_camera_6_20260314_150257.jpg
INFO:modules.telegram_notifier:✅ Telegram photo sent successfully: unclean_table_table_588_636_camera_6_20260314_150257.jpg (357.1KB)
INFO:modules.table_service_monitor:[camera_6] ✅ Table cleanliness saved: unclean_table for table_588_636 (GIF recording in progress)
INFO:modules.yolo_detector:🔍 YOLO Detection Debug (call #9):
INFO:modules.yolo_detector:   - Model: models/yolo11n.pt
INFO:modules.yolo_detector:   - Person class ID expected: 0
INFO:modules.yolo_detector:   - Confidence threshold: 0.25
INFO:modules.yolo_detector:   - All detections (conf>=0.25): 8
INFO:modules.yolo_detector:   - All classes found: [(0, 0.37712112069129944), (0, 0.42595016956329346), (0, 0.44546085596084595), (0, 0.4476977586746216), (0, 0.6979649662971497), (0, 0.7342502474784851), (0, 0.8096325993537903), (0, 0.8606509566307068)]
INFO:modules.yolo_detector:   - Person detections (class=0, conf>=0.25): 8
INFO:modules.yolo_detector:   - Sample person detection: bbox=[772, 322, 1000, 547], conf=0.86, center=(886, 434)
INFO:modules.yolo_detector:🔍 YOLO Detection Debug (call #9):
INFO:modules.yolo_detector:   - Model: models/yolo11n.pt
INFO:modules.yolo_detector:   - Person class ID expected: 0
INFO:modules.yolo_detector:   - Confidence threshold: 0.25
INFO:modules.yolo_detector:   - All detections (conf>=0.25): 8
INFO:modules.yolo_detector:   - All classes found: [(0, 0.2603452205657959), (0, 0.34148040413856506), (0, 0.34742099046707153), (0, 0.4947594106197357), (0, 0.512565016746521), (0, 0.67937833070755), (0, 0.7168297171592712), (0, 0.8895115256309509)]
INFO:modules.yolo_detector:   - Person detections (class=0, conf>=0.25): 8
INFO:modules.yolo_detector:   - Sample person detection: bbox=[323, 71, 475, 375], conf=0.89, center=(399, 223)
INFO:modules.yolo_detector:🔍 YOLO Detection Debug (call #10):
INFO:modules.yolo_detector:   - Model: models/yolo11n.pt
INFO:modules.yolo_detector:   - Person class ID expected: 0
INFO:modules.yolo_detector:   - Confidence threshold: 0.4
INFO:modules.yolo_detector:   - All detections (conf>=0.25): 2
INFO:modules.yolo_detector:   - All classes found: [(0, 0.33684492111206055), (0, 0.39064890146255493)]
INFO:modules.yolo_detector:   - Person detections (class=0, conf>=0.4): 0
WARNING:modules.yolo_detector:   - ⚠️ Found 2 detections but NONE are person class 0!
INFO:modules.yolo_detector:🔍 YOLO Detection Debug (call #9):
INFO:modules.yolo_detector:   - Model: models/yolo11n.pt
INFO:modules.yolo_detector:   - Person class ID expected: 0
INFO:modules.yolo_detector:   - Confidence threshold: 0.25
INFO:modules.yolo_detector:   - All detections (conf>=0.25): 3
INFO:modules.yolo_detector:   - All classes found: [(0, 0.25040021538734436), (0, 0.2788887917995453), (0, 0.5627476572990417)]
INFO:modules.yolo_detector:   - Person detections (class=0, conf>=0.25): 3
INFO:modules.yolo_detector:   - Sample person detection: bbox=[544, 489, 684, 718], conf=0.56, center=(614, 603)
INFO:modules.yolo_detector:🔍 YOLO Detection Debug (call #9):
INFO:modules.yolo_detector:   - Model: models/yolo11n.pt
INFO:modules.yolo_detector:   - Person class ID expected: 0
INFO:modules.yolo_detector:   - Confidence threshold: 0.25
INFO:modules.yolo_detector:   - All detections (conf>=0.25): 0
WARNING:modules.yolo_detector:   - ⚠️ No detections found at all (conf>=0.25)!
INFO:modules.yolo_detector:   - Person detections (class=0, conf>=0.25): 0
WARNING:modules.yolo_detector:   - ⚠️ No detections found - model may not be detecting anything in this frame
INFO:modules.gif_recorder:GIF saved: static/alerts/alert_20260314_150257.gif (32 frames, 200ms/frame)
INFO:modules.gif_recorder:Alert GIF created: static/alerts/alert_20260314_150257.gif (32 frames)
INFO:modules.table_service_monitor:[camera_6] 🎬 GIF recording completed!
INFO:modules.table_service_monitor:[camera_6] ✅ Updated violation 6 with GIF path: static/alerts/alert_20260314_150257.gif
INFO:modules.telegram_notifier:Sending Telegram alert with image: static/alerts/alert_20260314_150257.gif
INFO:modules.telegram_notifier:✅ Telegram document sent successfully: alert_20260314_150257.gif (3723.7KB)
INFO:modules.telegram_notifier:Sending Telegram alert with image: static/alerts/alert_20260314_150257.gif
INFO:modules.telegram_notifier:✅ Telegram document sent successfully: alert_20260314_150257.gif (3723.7KB)
INFO:modules.table_service_monitor:[camera_6] ✅ Telegram alert sent with GIF: alert_20260314_150257.gif
INFO:modules.table_service_monitor:[camera_6] ✅ Table service alert GIF saved to database: alert_20260314_150257.gif
INFO:modules.yolo_detector:🔍 YOLO Detection Debug (call #9):
INFO:modules.yolo_detector:   - Model: models/yolo11n.pt
INFO:modules.yolo_detector:   - Person class ID expected: 0
INFO:modules.yolo_detector:   - Confidence threshold: 0.25
INFO:modules.yolo_detector:   - All detections (conf>=0.25): 3
INFO:modules.yolo_detector:   - All classes found: [(0, 0.33756905794143677), (0, 0.5163612365722656), (0, 0.6959986090660095)]
INFO:modules.yolo_detector:   - Person detections (class=0, conf>=0.25): 3
INFO:modules.yolo_detector:   - Sample person detection: bbox=[401, 253, 562, 715], conf=0.70, center=(481, 484)
Opening in BLOCKING MODE 
Opening in BLOCKING MODE 
Opening in BLOCKING MODE 
Opening in BLOCKING MODE 
nvstreammux: Successfully handled EOS for source_id=12
INFO:modules.yolo_detector:🔍 YOLO Detection Debug (call #10):
INFO:modules.yolo_detector:   - Model: models/yolo11n.pt
INFO:modules.yolo_detector:   - Person class ID expected: 0
INFO:modules.yolo_detector:   - Confidence threshold: 0.25
INFO:modules.yolo_detector:   - All detections (conf>=0.25): 4
INFO:modules.yolo_detector:   - All classes found: [(0, 0.393830806016922), (0, 0.5214331150054932), (0, 0.6571373343467712), (0, 0.6817113161087036)]
INFO:modules.yolo_detector:   - Person detections (class=0, conf>=0.25): 4
INFO:modules.yolo_detector:   - Sample person detection: bbox=[1019, 100, 1085, 228], conf=0.68, center=(1052, 164)
INFO:modules.yolo_detector:🔍 YOLO Detection Debug (call #10):
INFO:modules.yolo_detector:   - Model: models/yolo11n.pt
INFO:modules.yolo_detector:   - Person class ID expected: 0
INFO:modules.yolo_detector:   - Confidence threshold: 0.25
INFO:modules.yolo_detector:   - All detections (conf>=0.25): 1
INFO:modules.yolo_detector:   - All classes found: [(0, 0.5154950022697449)]
INFO:modules.yolo_detector:   - Person detections (class=0, conf>=0.25): 1
INFO:modules.yolo_detector:   - Sample person detection: bbox=[232, 102, 285, 158], conf=0.52, center=(258, 130)
INFO:modules.yolo_detector:🔍 YOLO Detection Debug (call #10):
INFO:modules.yolo_detector:   - Model: models/yolo11n.pt
INFO:modules.yolo_detector:   - Person class ID expected: 0
INFO:modules.yolo_detector:   - Confidence threshold: 0.25
INFO:modules.yolo_detector:   - All detections (conf>=0.25): 5
INFO:modules.yolo_detector:   - All classes found: [(0, 0.2507079839706421), (0, 0.3719184696674347), (0, 0.506287693977356), (0, 0.8021368384361267), (0, 0.8210952281951904)]
INFO:modules.yolo_detector:   - Person detections (class=0, conf>=0.25): 5
INFO:modules.yolo_detector:   - Sample person detection: bbox=[937, 278, 1083, 500], conf=0.82, center=(1010, 389)
INFO:modules.yolo_detector:🔍 YOLO Detection Debug (call #10):
INFO:modules.yolo_detector:   - Model: models/yolo11n.pt
INFO:modules.yolo_detector:   - Person class ID expected: 0
INFO:modules.yolo_detector:   - Confidence threshold: 0.25
INFO:modules.yolo_detector:   - All detections (conf>=0.25): 10
INFO:modules.yolo_detector:   - All classes found: [(0, 0.28895512223243713), (0, 0.2941010296344757), (0, 0.3530551791191101), (0, 0.4394494295120239), (0, 0.4429769814014435), (0, 0.6957293152809143), (0, 0.7882979512214661), (0, 0.8035173416137695), (0, 0.8648544549942017), (0, 0.8663622736930847)]
INFO:modules.yolo_detector:   - Person detections (class=0, conf>=0.25): 10
INFO:modules.yolo_detector:   - Sample person detection: bbox=[771, 322, 998, 547], conf=0.87, center=(884, 434)
INFO:modules.yolo_detector:🔍 YOLO Detection Debug (call #10):
INFO:modules.yolo_detector:   - Model: models/yolo11n.pt
INFO:modules.yolo_detector:   - Person class ID expected: 0
INFO:modules.yolo_detector:   - Confidence threshold: 0.25
INFO:modules.yolo_detector:   - All detections (conf>=0.25): 7
INFO:modules.yolo_detector:   - All classes found: [(0, 0.35516035556793213), (0, 0.38914692401885986), (0, 0.5963467955589294), (0, 0.7046782970428467), (0, 0.7313814163208008), (0, 0.7913423776626587), (0, 0.8360962271690369)]
INFO:modules.yolo_detector:   - Person detections (class=0, conf>=0.25): 7
INFO:modules.yolo_detector:   - Sample person detection: bbox=[570, 280, 827, 533], conf=0.84, center=(698, 406)
INFO:modules.yolo_detector:🔍 YOLO Detection Debug (call #10):
INFO:modules.yolo_detector:   - Model: models/yolo11n.pt
INFO:modules.yolo_detector:   - Person class ID expected: 0
INFO:modules.yolo_detector:   - Confidence threshold: 0.25
INFO:modules.yolo_detector:   - All detections (conf>=0.25): 4
INFO:modules.yolo_detector:   - All classes found: [(0, 0.2866560220718384), (0, 0.3654871881008148), (0, 0.6315001249313354), (0, 0.6653380990028381)]
INFO:modules.yolo_detector:   - Person detections (class=0, conf>=0.25): 4
INFO:modules.yolo_detector:   - Sample person detection: bbox=[514, 478, 697, 717], conf=0.67, center=(605, 597)
INFO:modules.yolo_detector:🔍 YOLO Detection Debug (call #10):
INFO:modules.yolo_detector:   - Model: models/yolo11n.pt
INFO:modules.yolo_detector:   - Person class ID expected: 0
INFO:modules.yolo_detector:   - Confidence threshold: 0.25
INFO:modules.yolo_detector:   - All detections (conf>=0.25): 2
INFO:modules.yolo_detector:   - All classes found: [(0, 0.2513654828071594), (0, 0.3979356586933136)]
INFO:modules.yolo_detector:   - Person detections (class=0, conf>=0.25): 2
INFO:modules.yolo_detector:   - Sample person detection: bbox=[485, 55, 541, 273], conf=0.40, center=(513, 164)
INFO:modules.yolo_detector:🔍 YOLO Detection Debug (call #10):
INFO:modules.yolo_detector:   - Model: models/yolo11n.pt
INFO:modules.yolo_detector:   - Person class ID expected: 0
INFO:modules.yolo_detector:   - Confidence threshold: 0.25
INFO:modules.yolo_detector:   - All detections (conf>=0.25): 2
INFO:modules.yolo_detector:   - All classes found: [(0, 0.46390312910079956), (0, 0.8294267058372498)]
INFO:modules.yolo_detector:   - Person detections (class=0, conf>=0.25): 2
INFO:modules.yolo_detector:   - Sample person detection: bbox=[631, 388, 791, 643], conf=0.83, center=(711, 515)
INFO:modules.table_service_monitor:[camera_6] Table table_592_636: State changed to unclean (no person present, 5 consecutive detections, conf=0.868)
INFO:modules.dress_code_monitoring:📊 [camera_20] DressCode Frame 50: Total detections: 0
INFO:modules.dress_code_monitoring:   Counter ROI configured: False, Queue ROI configured: False
INFO:modules.dress_code_monitoring:   Allowed uniforms in counter: []
INFO:modules.dress_code_monitoring:📊 [camera_1] DressCode Frame 50: Total detections: 1
INFO:modules.dress_code_monitoring:   Counter ROI configured: False, Queue ROI configured: False
INFO:modules.dress_code_monitoring:   Allowed uniforms in counter: []
INFO:modules.dress_code_monitoring:   Detected classes: {'Hairnet': 1}
INFO:modules.dress_code_monitoring:   Detections by area: {'counter': 0, 'queue': 0, 'unknown': 0, 'everywhere': 1}
INFO:modules.dress_code_monitoring:   👔 Compliance items detected: ['Hairnet']
INFO:modules.dress_code_monitoring:📊 [camera_2] DressCode Frame 50: Total detections: 2
INFO:modules.dress_code_monitoring:   Counter ROI configured: False, Queue ROI configured: False
INFO:modules.dress_code_monitoring:   Allowed uniforms in counter: []
INFO:modules.dress_code_monitoring:   Detected classes: {'Uniform_grey': 2}
INFO:modules.dress_code_monitoring:   Detections by area: {'counter': 0, 'queue': 0, 'unknown': 0, 'everywhere': 2}
INFO:modules.dress_code_monitoring:   👔 Uniforms everywhere: ['Uniform_grey', 'Uniform_grey']
INFO:modules.dress_code_monitoring:[camera_2] Compliance check: Uniform=Uniform_grey, In counter=False
INFO:modules.dress_code_monitoring:   Is compliant: True, Violations: []
INFO:modules.dress_code_monitoring:   Allowed uniforms: []
INFO:modules.dress_code_monitoring:   Position key: Uniform_grey_200_600
INFO:modules.dress_code_monitoring:[camera_2] Compliance check: Uniform=Uniform_grey, In counter=False
INFO:modules.dress_code_monitoring:   Is compliant: True, Violations: []
INFO:modules.dress_code_monitoring:   Allowed uniforms: []
INFO:modules.dress_code_monitoring:   Position key: Uniform_grey_500_700
INFO:modules.dress_code_monitoring:📊 [camera_4] DressCode Frame 50: Total detections: 0
INFO:modules.dress_code_monitoring:   Counter ROI configured: False, Queue ROI configured: False
INFO:modules.dress_code_monitoring:   Allowed uniforms in counter: []
INFO:modules.dress_code_monitoring:📊 [camera_5] DressCode Frame 50: Total detections: 0
INFO:modules.dress_code_monitoring:   Counter ROI configured: False, Queue ROI configured: False
INFO:modules.dress_code_monitoring:   Allowed uniforms in counter: []
INFO:modules.dress_code_monitoring:📊 [camera_6] DressCode Frame 50: Total detections: 1
INFO:modules.dress_code_monitoring:   Counter ROI configured: False, Queue ROI configured: False
INFO:modules.dress_code_monitoring:   Allowed uniforms in counter: []
INFO:modules.dress_code_monitoring:   Detected classes: {'Uniform_grey': 1}
INFO:modules.dress_code_monitoring:   Detections by area: {'counter': 0, 'queue': 0, 'unknown': 0, 'everywhere': 1}
INFO:modules.dress_code_monitoring:   👔 Uniforms everywhere: ['Uniform_grey']
INFO:modules.dress_code_monitoring:[camera_6] Compliance check: Uniform=Uniform_grey, In counter=False
INFO:modules.dress_code_monitoring:   Is compliant: True, Violations: []
INFO:modules.dress_code_monitoring:   Allowed uniforms: []
INFO:modules.dress_code_monitoring:   Position key: Uniform_grey_1000_300
INFO:modules.dress_code_monitoring:📊 [camera_7] DressCode Frame 50: Total detections: 5
INFO:modules.dress_code_monitoring:   Counter ROI configured: False, Queue ROI configured: False
INFO:modules.dress_code_monitoring:   Allowed uniforms in counter: []
INFO:modules.dress_code_monitoring:   Detected classes: {'Uniform_grey': 3, 'Hairnet': 2}
INFO:modules.dress_code_monitoring:   Detections by area: {'counter': 0, 'queue': 0, 'unknown': 0, 'everywhere': 5}
INFO:modules.dress_code_monitoring:   👔 Uniforms everywhere: ['Uniform_grey', 'Uniform_grey', 'Uniform_grey']
INFO:modules.dress_code_monitoring:   👔 Compliance items detected: ['Hairnet']
INFO:modules.dress_code_monitoring:[camera_7] Compliance check: Uniform=Uniform_grey, In counter=False
INFO:modules.dress_code_monitoring:   Is compliant: True, Violations: []
INFO:modules.dress_code_monitoring:   Allowed uniforms: []
INFO:modules.dress_code_monitoring:   Position key: Uniform_grey_400_200
INFO:modules.dress_code_monitoring:[camera_7] Compliance check: Uniform=Uniform_grey, In counter=False
INFO:modules.dress_code_monitoring:   Is compliant: True, Violations: []
INFO:modules.dress_code_monitoring:   Allowed uniforms: []
INFO:modules.dress_code_monitoring:   Position key: Uniform_grey_1200_200
INFO:modules.dress_code_monitoring:[camera_7] Compliance check: Uniform=Uniform_grey, In counter=False
INFO:modules.dress_code_monitoring:   Is compliant: True, Violations: []
INFO:modules.dress_code_monitoring:   Allowed uniforms: []
INFO:modules.dress_code_monitoring:   Position key: Uniform_grey_300_200
INFO:modules.dress_code_monitoring:📊 [camera_8] DressCode Frame 50: Total detections: 1
INFO:modules.dress_code_monitoring:   Counter ROI configured: False, Queue ROI configured: False
INFO:modules.dress_code_monitoring:   Allowed uniforms in counter: []
INFO:modules.dress_code_monitoring:   Detected classes: {'Uniform_grey': 1}
INFO:modules.dress_code_monitoring:   Detections by area: {'counter': 0, 'queue': 0, 'unknown': 0, 'everywhere': 1}
INFO:modules.dress_code_monitoring:   👔 Uniforms everywhere: ['Uniform_grey']
INFO:modules.dress_code_monitoring:[camera_8] Compliance check: Uniform=Uniform_grey, In counter=False
INFO:modules.dress_code_monitoring:   Is compliant: True, Violations: []
INFO:modules.dress_code_monitoring:   Allowed uniforms: []
INFO:modules.dress_code_monitoring:   Position key: Uniform_grey_1000_200
INFO:modules.dress_code_monitoring:📊 [camera_9] DressCode Frame 50: Total detections: 1
INFO:modules.dress_code_monitoring:   Counter ROI configured: False, Queue ROI configured: False
INFO:modules.dress_code_monitoring:   Allowed uniforms in counter: []
INFO:modules.dress_code_monitoring:   Detected classes: {'Hairnet': 1}
INFO:modules.dress_code_monitoring:   Detections by area: {'counter': 0, 'queue': 0, 'unknown': 0, 'everywhere': 1}
INFO:modules.dress_code_monitoring:   👔 Compliance items detected: ['Hairnet']
INFO:modules.dress_code_monitoring:📊 [camera_10] DressCode Frame 50: Total detections: 3
INFO:modules.dress_code_monitoring:   Counter ROI configured: False, Queue ROI configured: False
INFO:modules.dress_code_monitoring:   Allowed uniforms in counter: []
INFO:modules.dress_code_monitoring:   Detected classes: {'Hairnet': 3}
INFO:modules.dress_code_monitoring:   Detections by area: {'counter': 0, 'queue': 0, 'unknown': 0, 'everywhere': 3}
INFO:modules.dress_code_monitoring:   👔 Compliance items detected: ['Hairnet']
INFO:modules.dress_code_monitoring:📊 [camera_12] DressCode Frame 50: Total detections: 0
INFO:modules.dress_code_monitoring:   Counter ROI configured: False, Queue ROI configured: False
INFO:modules.dress_code_monitoring:   Allowed uniforms in counter: []
INFO:modules.dress_code_monitoring:📊 [camera_17] DressCode Frame 50: Total detections: 0
INFO:modules.dress_code_monitoring:   Counter ROI configured: False, Queue ROI configured: False
INFO:modules.dress_code_monitoring:   Allowed uniforms in counter: []
INFO:modules.dress_code_monitoring:📊 [camera_25] DressCode Frame 50: Total detections: 0
INFO:modules.dress_code_monitoring:   Counter ROI configured: False, Queue ROI configured: False
INFO:modules.dress_code_monitoring:   Allowed uniforms in counter: []
INFO:modules.table_service_monitor:[camera_6] Table table_593_636: State changed to unclean (no person present, 5 consecutive detections, conf=0.873)
INFO:modules.service_discipline_monitor:[camera_7] 🪑 T_seated: Customer track 57 at table table_6
INFO:modules.yolo_detector:🔍 YOLO Detection Debug (call #30):
INFO:modules.yolo_detector:   - Model: models/yolo11n.pt
INFO:modules.yolo_detector:   - Person class ID expected: 0
INFO:modules.yolo_detector:   - Confidence threshold: 0.5
INFO:modules.yolo_detector:   - All detections (conf>=0.25): 7
INFO:modules.yolo_detector:   - All classes found: [(0, 0.3270953297615051), (0, 0.4410765767097473), (0, 0.6116190552711487), (0, 0.7545365691184998), (0, 0.8058525919914246), (0, 0.8913137912750244), (0, 0.9162194132804871)]
INFO:modules.yolo_detector:   - Person detections (class=0, conf>=0.5): 5
INFO:modules.yolo_detector:   - Sample person detection: bbox=[1, 138, 273, 671], conf=0.92, center=(137, 404)
INFO:modules.yolo_detector:🔍 YOLO Detection Debug (call #30):
INFO:modules.yolo_detector:   - Model: models/yolo11n.pt
INFO:modules.yolo_detector:   - Person class ID expected: 0
INFO:modules.yolo_detector:   - Confidence threshold: 0.5
INFO:modules.yolo_detector:   - All detections (conf>=0.25): 5
INFO:modules.yolo_detector:   - All classes found: [(0, 0.3183785378932953), (0, 0.4884352684020996), (0, 0.5564918518066406), (0, 0.6073355078697205), (0, 0.8281759023666382)]
INFO:modules.yolo_detector:   - Person detections (class=0, conf>=0.5): 3
INFO:modules.yolo_detector:   - Sample person detection: bbox=[777, 248, 1277, 717], conf=0.83, center=(1027, 482)
INFO:modules.table_service_monitor:[camera_6] Table table_594_636: State changed to unclean (no person present, 5 consecutive detections, conf=0.874)
INFO:modules.service_discipline_monitor:[camera_8] 🪑 T_seated: Customer track 69 at table table_7
INFO:modules.material_theft_monitor:[camera_15] Person detection: Found 1 person(s) in frame
INFO:modules.material_theft_monitor:[camera_15] MaterialTheft Frame 60: item_detected=False, prev_detected=False, persons_nearby=False, cooldown_remaining=0.0s
INFO:modules.yolo_detector:🔍 YOLO Detection Debug (call #60):
INFO:modules.yolo_detector:   - Model: models/yolo11n.pt
INFO:modules.yolo_detector:   - Person class ID expected: 0
INFO:modules.yolo_detector:   - Confidence threshold: 0.25
INFO:modules.yolo_detector:   - All detections (conf>=0.25): 0
WARNING:modules.yolo_detector:   - ⚠️ No detections found at all (conf>=0.25)!
INFO:modules.yolo_detector:   - Person detections (class=0, conf>=0.25): 0
WARNING:modules.yolo_detector:   - ⚠️ No detections found - model may not be detecting anything in this frame
INFO:modules.yolo_detector:🔍 YOLO Detection Debug (call #60):
INFO:modules.yolo_detector:   - Model: models/yolo11n.pt
INFO:modules.yolo_detector:   - Person class ID expected: 0
INFO:modules.yolo_detector:   - Confidence threshold: 0.25
INFO:modules.yolo_detector:   - All detections (conf>=0.25): 0
WARNING:modules.yolo_detector:   - ⚠️ No detections found at all (conf>=0.25)!
INFO:modules.yolo_detector:   - Person detections (class=0, conf>=0.25): 0
WARNING:modules.yolo_detector:   - ⚠️ No detections found - model may not be detecting anything in this frame
INFO:modules.yolo_detector:🔍 YOLO Detection Debug (call #60):
INFO:modules.yolo_detector:   - Model: models/yolo11n.pt
INFO:modules.yolo_detector:   - Person class ID expected: 0
INFO:modules.yolo_detector:   - Confidence threshold: 0.25
INFO:modules.yolo_detector:   - All detections (conf>=0.25): 1
INFO:modules.yolo_detector:   - All classes found: [(0, 0.4538082778453827)]
INFO:modules.yolo_detector:   - Person detections (class=0, conf>=0.25): 1
INFO:modules.yolo_detector:   - Sample person detection: bbox=[593, 132, 693, 335], conf=0.45, center=(643, 233)
INFO:modules.queue_monitor:[camera_1] Frame 60 detections:
INFO:modules.queue_monitor:  total=5, queue=0, counter=0, outside=5
INFO:modules.queue_monitor:  Queue ROI configured: False
INFO:modules.queue_monitor:  Counter ROI configured: False
INFO:modules.queue_monitor:  All detections classification:
INFO:modules.queue_monitor:    Det 1: bbox=[1, 138, 273, 671], center=(137, 404), area=none
INFO:modules.queue_monitor:    Det 2: bbox=[498, 58, 801, 600], center=(649, 329), area=none
INFO:modules.queue_monitor:    Det 3: bbox=[799, 10, 965, 304], center=(882, 157), area=none
INFO:modules.queue_monitor:    Det 4: bbox=[1023, 262, 1279, 681], center=(1151, 471), area=none
INFO:modules.queue_monitor:    Det 5: bbox=[524, 6, 664, 259], center=(594, 132), area=none
INFO:modules.queue_monitor:[camera_1] Queue tracking debug (Frame 60):
INFO:modules.queue_monitor:  Detections passed to tracking: 0
INFO:modules.queue_monitor:  Active tracks in queue area: 0
INFO:modules.queue_monitor:  Dwell time threshold: 5.0s
INFO:modules.queue_monitor:  Final count: 0
INFO:modules.queue_monitor:[camera_1] Frame 60 tracking results:
INFO:modules.queue_monitor:  Counter detections passed to tracking: 0
INFO:modules.queue_monitor:  Counter count after tracking: 0
INFO:modules.queue_monitor:  Dwell time threshold: 0.0
INFO:modules.queue_monitor:  Uniform fallback enabled: True
INFO:modules.queue_monitor:[camera_1] 📊 Queue Monitor Status (Frame 60):
INFO:modules.queue_monitor:  Queue count: 0, Counter count: 0
INFO:modules.queue_monitor:  Settings: queue_threshold=3, wait_threshold=120.0s
INFO:modules.queue_monitor:  Last alert: Never
INFO:modules.queue_monitor:[camera_2] Frame 60 detections:
INFO:modules.queue_monitor:  total=3, queue=0, counter=0, outside=3
INFO:modules.queue_monitor:  Queue ROI configured: False
INFO:modules.queue_monitor:  Counter ROI configured: False
INFO:modules.queue_monitor:  All detections classification:
INFO:modules.queue_monitor:    Det 1: bbox=[777, 248, 1277, 717], center=(1027, 482), area=none
INFO:modules.queue_monitor:    Det 2: bbox=[1183, 81, 1279, 332], center=(1231, 206), area=none
INFO:modules.queue_monitor:    Det 3: bbox=[109, 170, 629, 708], center=(369, 439), area=none
INFO:modules.queue_monitor:[camera_2] Queue tracking debug (Frame 60):
INFO:modules.queue_monitor:  Detections passed to tracking: 0
INFO:modules.queue_monitor:  Active tracks in queue area: 0
INFO:modules.queue_monitor:  Dwell time threshold: 5.0s
INFO:modules.queue_monitor:  Final count: 0
INFO:modules.queue_monitor:[camera_2] Frame 60 tracking results:
INFO:modules.queue_monitor:  Counter detections passed to tracking: 0
INFO:modules.queue_monitor:  Counter count after tracking: 0
INFO:modules.queue_monitor:  Dwell time threshold: 0.0
INFO:modules.queue_monitor:  Uniform fallback enabled: True
INFO:modules.queue_monitor:[camera_2] 📊 Queue Monitor Status (Frame 60):
INFO:modules.queue_monitor:  Queue count: 0, Counter count: 0
INFO:modules.queue_monitor:  Settings: queue_threshold=3, wait_threshold=120.0s
INFO:modules.queue_monitor:  Last alert: Never
INFO:modules.yolo_detector:🔍 YOLO Detection Debug (call #60):
INFO:modules.yolo_detector:   - Model: models/yolo11n.pt
INFO:modules.yolo_detector:   - Person class ID expected: 0
INFO:modules.yolo_detector:   - Confidence threshold: 0.25
INFO:modules.yolo_detector:   - All detections (conf>=0.25): 6
INFO:modules.yolo_detector:   - All classes found: [(0, 0.4277937710285187), (0, 0.4619159400463104), (0, 0.5305948257446289), (0, 0.6040823459625244), (0, 0.6330190896987915), (0, 0.8101756572723389)]
INFO:modules.yolo_detector:   - Person detections (class=0, conf>=0.25): 6
INFO:modules.yolo_detector:   - Sample person detection: bbox=[367, 89, 484, 271], conf=0.81, center=(425, 180)
INFO:modules.yolo_detector:🔍 YOLO Detection Debug (call #60):
INFO:modules.yolo_detector:   - Model: models/yolo11n.pt
INFO:modules.yolo_detector:   - Person class ID expected: 0
INFO:modules.yolo_detector:   - Confidence threshold: 0.25
INFO:modules.yolo_detector:   - All detections (conf>=0.25): 1
INFO:modules.yolo_detector:   - All classes found: [(0, 0.3895266652107239)]
INFO:modules.yolo_detector:   - Person detections (class=0, conf>=0.25): 1
INFO:modules.yolo_detector:   - Sample person detection: bbox=[444, 33, 479, 115], conf=0.39, center=(461, 74)
WARNING:modules.table_service_monitor:[camera_6] Table table_593_636 unclean violation: Table has been unclean for 16.5s
INFO:modules.table_service_monitor:[camera_6] 🎬 Starting GIF recording for unclean table table_593_636
INFO:modules.gif_recorder:Started alert GIF recording for: Unclean table table_593_636 detected (unclean for 16.5s)
INFO:modules.table_service_monitor:Unclean table violation snapshot saved: static/table_service_violations/unclean_table_table_593_636_camera_6_20260314_150404.jpg
INFO:modules.table_service_monitor:[camera_6] 📸 Unclean table snapshot saved: static/table_service_violations/unclean_table_table_593_636_camera_6_20260314_150404.jpg
INFO:modules.database:Table cleanliness violation saved: type=unclean_table, table=table_593_636, channel=camera_6
INFO:modules.telegram_notifier:Sending Telegram alert with image: static/table_service_violations/unclean_table_table_593_636_camera_6_20260314_150404.jpg
INFO:modules.telegram_notifier:✅ Telegram photo sent successfully: unclean_table_table_593_636_camera_6_20260314_150404.jpg (357.5KB)
INFO:modules.table_service_monitor:[camera_6] ✅ Table cleanliness saved: unclean_table for table_593_636 (GIF recording in progress)
INFO:modules.yolo_detector:🔍 YOLO Detection Debug (call #60):
INFO:modules.yolo_detector:   - Model: models/yolo11n.pt
INFO:modules.yolo_detector:   - Person class ID expected: 0
INFO:modules.yolo_detector:   - Confidence threshold: 0.25
INFO:modules.yolo_detector:   - All detections (conf>=0.25): 6
INFO:modules.yolo_detector:   - All classes found: [(0, 0.2517862915992737), (0, 0.3460053503513336), (0, 0.4343802034854889), (0, 0.5363801121711731), (0, 0.7910547256469727), (0, 0.8121410608291626)]
INFO:modules.yolo_detector:   - Person detections (class=0, conf>=0.25): 6
INFO:modules.yolo_detector:   - Sample person detection: bbox=[938, 273, 1083, 501], conf=0.81, center=(1010, 387)
INFO:modules.yolo_detector:🔍 YOLO Detection Debug (call #60):
INFO:modules.yolo_detector:   - Model: models/yolo11n.pt
INFO:modules.yolo_detector:   - Person class ID expected: 0
INFO:modules.yolo_detector:   - Confidence threshold: 0.25
INFO:modules.yolo_detector:   - All detections (conf>=0.25): 7
INFO:modules.yolo_detector:   - All classes found: [(0, 0.2647639811038971), (0, 0.2793080508708954), (0, 0.41249269247055054), (0, 0.5297587513923645), (0, 0.822207510471344), (0, 0.829146683216095), (0, 0.8416826128959656)]
INFO:modules.yolo_detector:   - Person detections (class=0, conf>=0.25): 7
INFO:modules.yolo_detector:   - Sample person detection: bbox=[769, 322, 1001, 550], conf=0.84, center=(885, 436)
INFO:modules.yolo_detector:🔍 YOLO Detection Debug (call #60):
INFO:modules.yolo_detector:   - Model: models/yolo11n.pt
INFO:modules.yolo_detector:   - Person class ID expected: 0
INFO:modules.yolo_detector:   - Confidence threshold: 0.25
INFO:modules.yolo_detector:   - All detections (conf>=0.25): 12
INFO:modules.yolo_detector:   - All classes found: [(0, 0.2559970021247864), (0, 0.2935066819190979), (0, 0.3046499192714691), (0, 0.3642680048942566), (0, 0.3900028169155121), (0, 0.39164596796035767), (0, 0.46998798847198486), (0, 0.5227693915367126), (0, 0.6825869679450989), (0, 0.7440933585166931), (0, 0.7503538131713867), (0, 0.8529543280601501)]
INFO:modules.yolo_detector:   - Person detections (class=0, conf>=0.25): 12
INFO:modules.yolo_detector:   - Sample person detection: bbox=[105, 486, 364, 703], conf=0.85, center=(234, 594)
INFO:modules.yolo_detector:🔍 YOLO Detection Debug (call #30):
INFO:modules.yolo_detector:   - Model: models/yolo11n.pt
INFO:modules.yolo_detector:   - Person class ID expected: 0
INFO:modules.yolo_detector:   - Confidence threshold: 0.5
INFO:modules.yolo_detector:   - All detections (conf>=0.25): 1
INFO:modules.yolo_detector:   - All classes found: [(0, 0.2993171513080597)]
INFO:modules.yolo_detector:   - Person detections (class=0, conf>=0.5): 0
WARNING:modules.yolo_detector:   - ⚠️ Found 1 detections but NONE are person class 0!
INFO:modules.yolo_detector:🔍 YOLO Detection Debug (call #60):
INFO:modules.yolo_detector:   - Model: models/yolo11n.pt
INFO:modules.yolo_detector:   - Person class ID expected: 0
INFO:modules.yolo_detector:   - Confidence threshold: 0.25
INFO:modules.yolo_detector:   - All detections (conf>=0.25): 1
INFO:modules.yolo_detector:   - All classes found: [(0, 0.5846042633056641)]
INFO:modules.yolo_detector:   - Person detections (class=0, conf>=0.25): 1
INFO:modules.yolo_detector:   - Sample person detection: bbox=[664, 389, 779, 649], conf=0.58, center=(721, 519)
INFO:modules.gif_recorder:GIF saved: static/alerts/alert_20260314_150404.gif (32 frames, 200ms/frame)
INFO:modules.gif_recorder:Alert GIF created: static/alerts/alert_20260314_150404.gif (32 frames)
INFO:modules.table_service_monitor:[camera_6] 🎬 GIF recording completed!
INFO:modules.table_service_monitor:[camera_6] ✅ Updated violation 7 with GIF path: static/alerts/alert_20260314_150404.gif
INFO:modules.telegram_notifier:Sending Telegram alert with image: static/alerts/alert_20260314_150404.gif
INFO:modules.telegram_notifier:✅ Telegram document sent successfully: alert_20260314_150404.gif (3628.8KB)
INFO:modules.telegram_notifier:Sending Telegram alert with image: static/alerts/alert_20260314_150404.gif
INFO:modules.telegram_notifier:✅ Telegram document sent successfully: alert_20260314_150404.gif (3628.8KB)
INFO:modules.table_service_monitor:[camera_6] ✅ Telegram alert sent with GIF: alert_20260314_150404.gif
INFO:modules.table_service_monitor:[camera_6] ✅ Table service alert GIF saved to database: alert_20260314_150404.gif
INFO:modules.queue_monitor:[camera_17] Frame 60 detections:
INFO:modules.queue_monitor:  total=0, queue=0, counter=0, outside=0
INFO:modules.queue_monitor:  Queue ROI configured: False
INFO:modules.queue_monitor:  Counter ROI configured: False
INFO:modules.queue_monitor:[camera_17] Queue tracking debug (Frame 60):
INFO:modules.queue_monitor:  Detections passed to tracking: 0
INFO:modules.queue_monitor:  Active tracks in queue area: 0
INFO:modules.queue_monitor:  Dwell time threshold: 5.0s
INFO:modules.queue_monitor:  Final count: 0
INFO:modules.queue_monitor:[camera_17] Frame 60 tracking results:
INFO:modules.queue_monitor:  Counter detections passed to tracking: 0
INFO:modules.queue_monitor:  Counter count after tracking: 0
INFO:modules.queue_monitor:  Dwell time threshold: 0.0
INFO:modules.queue_monitor:  Uniform fallback enabled: True
INFO:modules.queue_monitor:[camera_17] 📊 Queue Monitor Status (Frame 60):
INFO:modules.queue_monitor:  Queue count: 0, Counter count: 0
INFO:modules.queue_monitor:  Settings: queue_threshold=3, wait_threshold=120.0s
INFO:modules.queue_monitor:  Last alert: Never
INFO:modules.service_discipline_monitor:[camera_7] 🪑 T_seated: Customer track 54 at table table_6
INFO:modules.table_service_monitor:[camera_6] Table table_592_636: Person present - suppressing unclean detection
INFO:modules.service_discipline_monitor:[camera_19] 🪑 T_seated: Customer track 5 at table table_11
INFO:modules.service_discipline_monitor:[camera_8] 🪑 T_seated: Customer track 3 at table table_7
INFO:modules.table_service_monitor:[camera_6] Table table_593_636: Person present - suppressing unclean detection
INFO:modules.cash_detection:💰 Cashdraw-open detected at 1773480896.5725224
INFO:modules.cash_detection:[camera_1] 💰🗄️ ALERT: Cashdraw-open detected! Starting GIF recording...
INFO:modules.gif_recorder:Started alert GIF recording for: ALERT: Cashdraw-open detected
INFO:modules.cash_detection:[camera_1] ✅ GIF recording started, _pending_alert_info set: message='ALERT: Cashdraw-open detected', timestamp='2026-03-14T15:04:59.280284'
INFO:modules.cash_detection:[camera_1] 📊 GIF recorder state: is_recording_alert=True
INFO:modules.database:Cash snapshot saved to database: ID 20
WARNING:modules.telegram_notifier:Could not resolve image path: static/cash_snapshots/cash_camera_1_20260314_150459.gif
WARNING:modules.telegram_notifier:Skipping Telegram alert - image file not found: static/cash_snapshots/cash_camera_1_20260314_150459.gif (resolved: None)
INFO:modules.cash_detection:[camera_1] Cash snapshot record created in database: ID 20 (GIF recording in progress)
INFO:modules.cash_detection:💰 Cashdraw-open detected at 1773480902.0019803
INFO:modules.gif_recorder:GIF saved: static/alerts/alert_20260314_150459.gif (33 frames, 200ms/frame)
INFO:modules.gif_recorder:Alert GIF created: static/alerts/alert_20260314_150459.gif (33 frames)
INFO:modules.cash_detection:[camera_1] 🎬 GIF recording completed! Previous state: True, Current state: False
INFO:modules.cash_detection:[camera_1] 📊 GIF recorder state check: was_recording=True, is_recording_now=False, _was_recording_alert=True
INFO:modules.cash_detection:[camera_1] ✅ Retrieved GIF info: path=static/alerts/alert_20260314_150459.gif, frames=33
INFO:modules.cash_detection:[camera_1] ✅ _pending_alert_info available: message='ALERT: Cashdraw-open detected'
INFO:modules.cash_detection:[camera_1] ✅ Updated cash snapshot 20 with GIF path: static/alerts/alert_20260314_150459.gif
INFO:modules.telegram_notifier:Sending Telegram alert with image: static/alerts/alert_20260314_150459.gif
WARNING:modules.telegram_notifier:Telegram API error: 429 - {"ok":false,"error_code":429,"description":"Too Many Requests: retry after 33","parameters":{"retry_after":33}}
INFO:modules.cash_detection:[camera_1] ✅ Cash alert GIF saved to database: alert_20260314_150459.gif (path: static/alerts/alert_20260314_150459.gif)
INFO:modules.table_service_monitor:[camera_6] Table table_592_636: State changed to unclean (no person present, 5 consecutive detections, conf=0.872)
WARNING:modules.service_discipline_monitor:[camera_4] ⚠️ APPROACHING THRESHOLD: Table table_3, customer 4: Order wait 271.6s (threshold: 300.0s, remaining: 28.4s)
WARNING:modules.service_discipline_monitor:[camera_4] ⚠️ APPROACHING THRESHOLD: Table table_3, customer 7: Order wait 271.6s (threshold: 300.0s, remaining: 28.4s)
WARNING:modules.service_discipline_monitor:[camera_6] ⚠️ APPROACHING THRESHOLD: Table table_5, customer 1: Order wait 271.7s (threshold: 300.0s, remaining: 28.3s)
WARNING:modules.service_discipline_monitor:[camera_6] ⚠️ APPROACHING THRESHOLD: Table table_5, customer 4: Order wait 271.7s (threshold: 300.0s, remaining: 28.3s)
WARNING:modules.service_discipline_monitor:[camera_7] ⚠️ APPROACHING THRESHOLD: Table table_6, customer 2: Order wait 271.7s (threshold: 300.0s, remaining: 28.3s)
WARNING:modules.service_discipline_monitor:[camera_8] ⚠️ APPROACHING THRESHOLD: Table table_7, customer 1: Order wait 271.7s (threshold: 300.0s, remaining: 28.3s)
WARNING:modules.service_discipline_monitor:[camera_8] ⚠️ APPROACHING THRESHOLD: Table table_7, customer 10: Order wait 271.7s (threshold: 300.0s, remaining: 28.3s)
WARNING:modules.service_discipline_monitor:[camera_4] ⚠️ APPROACHING THRESHOLD: Table table_3, customer 4: Order wait 274.4s (threshold: 300.0s, remaining: 25.6s)
WARNING:modules.service_discipline_monitor:[camera_4] ⚠️ APPROACHING THRESHOLD: Table table_3, customer 7: Order wait 274.4s (threshold: 300.0s, remaining: 25.6s)
WARNING:modules.service_discipline_monitor:[camera_6] ⚠️ APPROACHING THRESHOLD: Table table_5, customer 1: Order wait 274.4s (threshold: 300.0s, remaining: 25.6s)
WARNING:modules.service_discipline_monitor:[camera_6] ⚠️ APPROACHING THRESHOLD: Table table_5, customer 4: Order wait 274.4s (threshold: 300.0s, remaining: 25.6s)
WARNING:modules.service_discipline_monitor:[camera_7] ⚠️ APPROACHING THRESHOLD: Table table_6, customer 2: Order wait 274.4s (threshold: 300.0s, remaining: 25.6s)
WARNING:modules.service_discipline_monitor:[camera_8] ⚠️ APPROACHING THRESHOLD: Table table_7, customer 1: Order wait 274.4s (threshold: 300.0s, remaining: 25.6s)
WARNING:modules.service_discipline_monitor:[camera_8] ⚠️ APPROACHING THRESHOLD: Table table_7, customer 10: Order wait 274.4s (threshold: 300.0s, remaining: 25.6s)
WARNING:modules.service_discipline_monitor:[camera_4] ⚠️ APPROACHING THRESHOLD: Table table_3, customer 4: Order wait 277.2s (threshold: 300.0s, remaining: 22.8s)
WARNING:modules.service_discipline_monitor:[camera_4] ⚠️ APPROACHING THRESHOLD: Table table_3, customer 7: Order wait 277.2s (threshold: 300.0s, remaining: 22.8s)
WARNING:modules.service_discipline_monitor:[camera_6] ⚠️ APPROACHING THRESHOLD: Table table_5, customer 1: Order wait 277.2s (threshold: 300.0s, remaining: 22.8s)
WARNING:modules.service_discipline_monitor:[camera_6] ⚠️ APPROACHING THRESHOLD: Table table_5, customer 4: Order wait 277.2s (threshold: 300.0s, remaining: 22.8s)
WARNING:modules.service_discipline_monitor:[camera_7] ⚠️ APPROACHING THRESHOLD: Table table_6, customer 2: Order wait 277.2s (threshold: 300.0s, remaining: 22.8s)
WARNING:modules.service_discipline_monitor:[camera_8] ⚠️ APPROACHING THRESHOLD: Table table_7, customer 1: Order wait 277.2s (threshold: 300.0s, remaining: 22.8s)
WARNING:modules.service_discipline_monitor:[camera_8] ⚠️ APPROACHING THRESHOLD: Table table_7, customer 10: Order wait 277.2s (threshold: 300.0s, remaining: 22.8s)
INFO:modules.service_discipline_monitor:[camera_19] 🪑 T_seated: Customer track 14 at table table_11
WARNING:modules.service_discipline_monitor:[camera_4] ⚠️ APPROACHING THRESHOLD: Table table_3, customer 4: Order wait 279.9s (threshold: 300.0s, remaining: 20.1s)
WARNING:modules.service_discipline_monitor:[camera_4] ⚠️ APPROACHING THRESHOLD: Table table_3, customer 7: Order wait 279.9s (threshold: 300.0s, remaining: 20.1s)
WARNING:modules.service_discipline_monitor:[camera_6] ⚠️ APPROACHING THRESHOLD: Table table_5, customer 1: Order wait 279.9s (threshold: 300.0s, remaining: 20.1s)
WARNING:modules.service_discipline_monitor:[camera_6] ⚠️ APPROACHING THRESHOLD: Table table_5, customer 4: Order wait 279.9s (threshold: 300.0s, remaining: 20.1s)
WARNING:modules.service_discipline_monitor:[camera_7] ⚠️ APPROACHING THRESHOLD: Table table_6, customer 2: Order wait 279.9s (threshold: 300.0s, remaining: 20.1s)
WARNING:modules.service_discipline_monitor:[camera_8] ⚠️ APPROACHING THRESHOLD: Table table_7, customer 1: Order wait 279.9s (threshold: 300.0s, remaining: 20.1s)
WARNING:modules.service_discipline_monitor:[camera_8] ⚠️ APPROACHING THRESHOLD: Table table_7, customer 10: Order wait 279.9s (threshold: 300.0s, remaining: 20.1s)
INFO:modules.cash_detection:💰 Cashdraw-open detected at 1773480924.1729844
WARNING:modules.service_discipline_monitor:[camera_4] ⚠️ APPROACHING THRESHOLD: Table table_3, customer 4: Order wait 282.6s (threshold: 300.0s, remaining: 17.4s)
WARNING:modules.service_discipline_monitor:[camera_4] ⚠️ APPROACHING THRESHOLD: Table table_3, customer 7: Order wait 282.6s (threshold: 300.0s, remaining: 17.4s)
WARNING:modules.service_discipline_monitor:[camera_6] ⚠️ APPROACHING THRESHOLD: Table table_5, customer 1: Order wait 282.6s (threshold: 300.0s, remaining: 17.4s)
WARNING:modules.service_discipline_monitor:[camera_6] ⚠️ APPROACHING THRESHOLD: Table table_5, customer 4: Order wait 282.6s (threshold: 300.0s, remaining: 17.4s)
WARNING:modules.service_discipline_monitor:[camera_7] ⚠️ APPROACHING THRESHOLD: Table table_6, customer 2: Order wait 282.6s (threshold: 300.0s, remaining: 17.4s)
WARNING:modules.service_discipline_monitor:[camera_8] ⚠️ APPROACHING THRESHOLD: Table table_7, customer 1: Order wait 282.6s (threshold: 300.0s, remaining: 17.4s)
WARNING:modules.service_discipline_monitor:[camera_8] ⚠️ APPROACHING THRESHOLD: Table table_7, customer 10: Order wait 282.6s (threshold: 300.0s, remaining: 17.4s)
WARNING:modules.service_discipline_monitor:[camera_4] ⚠️ APPROACHING THRESHOLD: Table table_3, customer 4: Order wait 285.3s (threshold: 300.0s, remaining: 14.7s)
WARNING:modules.service_discipline_monitor:[camera_4] ⚠️ APPROACHING THRESHOLD: Table table_3, customer 7: Order wait 285.3s (threshold: 300.0s, remaining: 14.7s)
WARNING:modules.service_discipline_monitor:[camera_6] ⚠️ APPROACHING THRESHOLD: Table table_5, customer 1: Order wait 285.4s (threshold: 300.0s, remaining: 14.6s)
WARNING:modules.service_discipline_monitor:[camera_6] ⚠️ APPROACHING THRESHOLD: Table table_5, customer 4: Order wait 285.4s (threshold: 300.0s, remaining: 14.6s)
WARNING:modules.service_discipline_monitor:[camera_7] ⚠️ APPROACHING THRESHOLD: Table table_6, customer 2: Order wait 285.4s (threshold: 300.0s, remaining: 14.6s)
WARNING:modules.service_discipline_monitor:[camera_8] ⚠️ APPROACHING THRESHOLD: Table table_7, customer 1: Order wait 285.5s (threshold: 300.0s, remaining: 14.5s)
WARNING:modules.service_discipline_monitor:[camera_8] ⚠️ APPROACHING THRESHOLD: Table table_7, customer 10: Order wait 285.5s (threshold: 300.0s, remaining: 14.5s)
WARNING:modules.service_discipline_monitor:[camera_8] ⚠️ APPROACHING THRESHOLD: Table table_7, customer 15: Order wait 272.5s (threshold: 300.0s, remaining: 27.5s)
WARNING:modules.service_discipline_monitor:[camera_4] ⚠️ APPROACHING THRESHOLD: Table table_3, customer 4: Order wait 288.1s (threshold: 300.0s, remaining: 11.9s)
WARNING:modules.service_discipline_monitor:[camera_4] ⚠️ APPROACHING THRESHOLD: Table table_3, customer 7: Order wait 288.1s (threshold: 300.0s, remaining: 11.9s)
WARNING:modules.service_discipline_monitor:[camera_6] ⚠️ APPROACHING THRESHOLD: Table table_5, customer 1: Order wait 288.1s (threshold: 300.0s, remaining: 11.9s)
WARNING:modules.service_discipline_monitor:[camera_6] ⚠️ APPROACHING THRESHOLD: Table table_5, customer 4: Order wait 288.1s (threshold: 300.0s, remaining: 11.9s)
WARNING:modules.service_discipline_monitor:[camera_7] ⚠️ APPROACHING THRESHOLD: Table table_6, customer 2: Order wait 288.1s (threshold: 300.0s, remaining: 11.9s)
WARNING:modules.service_discipline_monitor:[camera_8] ⚠️ APPROACHING THRESHOLD: Table table_7, customer 1: Order wait 288.1s (threshold: 300.0s, remaining: 11.9s)
WARNING:modules.service_discipline_monitor:[camera_8] ⚠️ APPROACHING THRESHOLD: Table table_7, customer 10: Order wait 288.1s (threshold: 300.0s, remaining: 11.9s)
WARNING:modules.service_discipline_monitor:[camera_8] ⚠️ APPROACHING THRESHOLD: Table table_7, customer 15: Order wait 275.2s (threshold: 300.0s, remaining: 24.8s)
INFO:modules.cash_detection:💰 Cashdraw-open detected at 1773480932.496251
WARNING:modules.service_discipline_monitor:[camera_4] ⚠️ APPROACHING THRESHOLD: Table table_3, customer 4: Order wait 290.9s (threshold: 300.0s, remaining: 9.1s)
WARNING:modules.service_discipline_monitor:[camera_4] ⚠️ APPROACHING THRESHOLD: Table table_3, customer 7: Order wait 290.9s (threshold: 300.0s, remaining: 9.1s)
WARNING:modules.service_discipline_monitor:[camera_6] ⚠️ APPROACHING THRESHOLD: Table table_5, customer 1: Order wait 290.9s (threshold: 300.0s, remaining: 9.1s)
WARNING:modules.service_discipline_monitor:[camera_6] ⚠️ APPROACHING THRESHOLD: Table table_5, customer 4: Order wait 290.9s (threshold: 300.0s, remaining: 9.1s)
WARNING:modules.service_discipline_monitor:[camera_7] ⚠️ APPROACHING THRESHOLD: Table table_6, customer 2: Order wait 290.9s (threshold: 300.0s, remaining: 9.1s)
WARNING:modules.service_discipline_monitor:[camera_8] ⚠️ APPROACHING THRESHOLD: Table table_7, customer 1: Order wait 290.9s (threshold: 300.0s, remaining: 9.1s)
WARNING:modules.service_discipline_monitor:[camera_8] ⚠️ APPROACHING THRESHOLD: Table table_7, customer 10: Order wait 290.9s (threshold: 300.0s, remaining: 9.1s)
WARNING:modules.service_discipline_monitor:[camera_8] ⚠️ APPROACHING THRESHOLD: Table table_7, customer 15: Order wait 278.0s (threshold: 300.0s, remaining: 22.0s)
INFO:modules.cash_detection:[camera_2] 💰🗄️ ALERT: Cashdraw-open detected! Starting GIF recording...
INFO:modules.gif_recorder:Started alert GIF recording for: ALERT: Cashdraw-open detected
INFO:modules.cash_detection:[camera_2] ✅ GIF recording started, _pending_alert_info set: message='ALERT: Cashdraw-open detected', timestamp='2026-03-14T15:05:35.232913'
INFO:modules.cash_detection:[camera_2] 📊 GIF recorder state: is_recording_alert=True
INFO:modules.database:Cash snapshot saved to database: ID 21
WARNING:modules.telegram_notifier:Could not resolve image path: static/cash_snapshots/cash_camera_2_20260314_150535.gif
WARNING:modules.telegram_notifier:Skipping Telegram alert - image file not found: static/cash_snapshots/cash_camera_2_20260314_150535.gif (resolved: None)
INFO:modules.cash_detection:[camera_2] Cash snapshot record created in database: ID 21 (GIF recording in progress)
WARNING:modules.service_discipline_monitor:[camera_4] ⚠️ APPROACHING THRESHOLD: Table table_3, customer 4: Order wait 293.6s (threshold: 300.0s, remaining: 6.4s)
WARNING:modules.service_discipline_monitor:[camera_4] ⚠️ APPROACHING THRESHOLD: Table table_3, customer 7: Order wait 293.6s (threshold: 300.0s, remaining: 6.4s)
WARNING:modules.service_discipline_monitor:[camera_6] ⚠️ APPROACHING THRESHOLD: Table table_5, customer 1: Order wait 293.7s (threshold: 300.0s, remaining: 6.3s)
WARNING:modules.service_discipline_monitor:[camera_6] ⚠️ APPROACHING THRESHOLD: Table table_5, customer 4: Order wait 293.7s (threshold: 300.0s, remaining: 6.3s)
WARNING:modules.service_discipline_monitor:[camera_7] ⚠️ APPROACHING THRESHOLD: Table table_6, customer 2: Order wait 293.7s (threshold: 300.0s, remaining: 6.3s)
WARNING:modules.service_discipline_monitor:[camera_8] ⚠️ APPROACHING THRESHOLD: Table table_7, customer 1: Order wait 293.7s (threshold: 300.0s, remaining: 6.3s)
WARNING:modules.service_discipline_monitor:[camera_8] ⚠️ APPROACHING THRESHOLD: Table table_7, customer 10: Order wait 293.7s (threshold: 300.0s, remaining: 6.3s)
WARNING:modules.service_discipline_monitor:[camera_8] ⚠️ APPROACHING THRESHOLD: Table table_7, customer 15: Order wait 280.8s (threshold: 300.0s, remaining: 19.2s)
INFO:modules.cash_detection:💰 Cashdraw-open detected at 1773480938.0092163
WARNING:modules.service_discipline_monitor:[camera_4] ⚠️ APPROACHING THRESHOLD: Table table_3, customer 4: Order wait 296.4s (threshold: 300.0s, remaining: 3.6s)
WARNING:modules.service_discipline_monitor:[camera_4] ⚠️ APPROACHING THRESHOLD: Table table_3, customer 7: Order wait 296.4s (threshold: 300.0s, remaining: 3.6s)
WARNING:modules.service_discipline_monitor:[camera_6] ⚠️ APPROACHING THRESHOLD: Table table_5, customer 1: Order wait 296.4s (threshold: 300.0s, remaining: 3.6s)
WARNING:modules.service_discipline_monitor:[camera_6] ⚠️ APPROACHING THRESHOLD: Table table_5, customer 4: Order wait 296.4s (threshold: 300.0s, remaining: 3.6s)
WARNING:modules.service_discipline_monitor:[camera_7] ⚠️ APPROACHING THRESHOLD: Table table_6, customer 2: Order wait 296.4s (threshold: 300.0s, remaining: 3.6s)
WARNING:modules.service_discipline_monitor:[camera_8] ⚠️ APPROACHING THRESHOLD: Table table_7, customer 1: Order wait 296.4s (threshold: 300.0s, remaining: 3.6s)
WARNING:modules.service_discipline_monitor:[camera_8] ⚠️ APPROACHING THRESHOLD: Table table_7, customer 10: Order wait 296.4s (threshold: 300.0s, remaining: 3.6s)
WARNING:modules.service_discipline_monitor:[camera_8] ⚠️ APPROACHING THRESHOLD: Table table_7, customer 15: Order wait 283.5s (threshold: 300.0s, remaining: 16.5s)
INFO:modules.yolo_detector:🔍 YOLO Detection Debug (call #30):
INFO:modules.yolo_detector:   - Model: models/yolo11n.pt
INFO:modules.yolo_detector:   - Person class ID expected: 0
INFO:modules.yolo_detector:   - Confidence threshold: 0.25
INFO:modules.yolo_detector:   - All detections (conf>=0.25): 1
INFO:modules.yolo_detector:   - All classes found: [(0, 0.3270178735256195)]
INFO:modules.yolo_detector:   - Person detections (class=0, conf>=0.25): 1
INFO:modules.yolo_detector:   - Sample person detection: bbox=[729, 81, 844, 217], conf=0.33, center=(786, 149)
INFO:modules.material_theft_monitor:[camera_15] MaterialTheft Frame 90: item_detected=False, prev_detected=False, persons_nearby=False, cooldown_remaining=0.0s
INFO:modules.yolo_detector:🔍 YOLO Detection Debug (call #90):
INFO:modules.yolo_detector:   - Model: models/yolo11n.pt
INFO:modules.yolo_detector:   - Person class ID expected: 0
INFO:modules.yolo_detector:   - Confidence threshold: 0.25
INFO:modules.yolo_detector:   - All detections (conf>=0.25): 4
INFO:modules.yolo_detector:   - All classes found: [(0, 0.32890284061431885), (0, 0.37438952922821045), (0, 0.4166775047779083), (0, 0.4926803410053253)]
INFO:modules.yolo_detector:   - Person detections (class=0, conf>=0.25): 4
INFO:modules.yolo_detector:   - Sample person detection: bbox=[662, 182, 716, 283], conf=0.49, center=(689, 232)
INFO:modules.yolo_detector:🔍 YOLO Detection Debug (call #90):
INFO:modules.yolo_detector:   - Model: models/yolo11n.pt
INFO:modules.yolo_detector:   - Person class ID expected: 0
INFO:modules.yolo_detector:   - Confidence threshold: 0.25
INFO:modules.yolo_detector:   - All detections (conf>=0.25): 2
INFO:modules.yolo_detector:   - All classes found: [(0, 0.4041104018688202), (0, 0.7004478573799133)]
INFO:modules.yolo_detector:   - Person detections (class=0, conf>=0.25): 2
INFO:modules.yolo_detector:   - Sample person detection: bbox=[682, 159, 780, 575], conf=0.70, center=(731, 367)
INFO:modules.yolo_detector:🔍 YOLO Detection Debug (call #90):
INFO:modules.yolo_detector:   - Model: models/yolo11n.pt
INFO:modules.yolo_detector:   - Person class ID expected: 0
INFO:modules.yolo_detector:   - Confidence threshold: 0.25
INFO:modules.yolo_detector:   - All detections (conf>=0.25): 1
INFO:modules.yolo_detector:   - All classes found: [(0, 0.42187100648880005)]
INFO:modules.yolo_detector:   - Person detections (class=0, conf>=0.25): 1
INFO:modules.yolo_detector:   - Sample person detection: bbox=[587, 131, 691, 298], conf=0.42, center=(639, 214)
INFO:modules.queue_monitor:[camera_1] Frame 90 detections:
INFO:modules.queue_monitor:  total=5, queue=0, counter=0, outside=5
INFO:modules.queue_monitor:  Queue ROI configured: False
INFO:modules.queue_monitor:  Counter ROI configured: False
INFO:modules.queue_monitor:  All detections classification:
INFO:modules.queue_monitor:    Det 1: bbox=[834, 207, 1270, 713], center=(1052, 460), area=none
INFO:modules.queue_monitor:    Det 2: bbox=[0, 144, 277, 670], center=(138, 407), area=none
INFO:modules.queue_monitor:    Det 3: bbox=[505, 58, 836, 554], center=(670, 306), area=none
INFO:modules.queue_monitor:    Det 4: bbox=[565, 1, 678, 267], center=(621, 134), area=none
INFO:modules.queue_monitor:    Det 5: bbox=[640, 1, 827, 161], center=(733, 81), area=none
INFO:modules.queue_monitor:[camera_1] Queue tracking debug (Frame 90):
INFO:modules.queue_monitor:  Detections passed to tracking: 0
INFO:modules.queue_monitor:  Active tracks in queue area: 0
INFO:modules.queue_monitor:  Dwell time threshold: 5.0s
INFO:modules.queue_monitor:  Final count: 0
INFO:modules.queue_monitor:[camera_1] Frame 90 tracking results:
INFO:modules.queue_monitor:  Counter detections passed to tracking: 0
INFO:modules.queue_monitor:  Counter count after tracking: 0
INFO:modules.queue_monitor:  Dwell time threshold: 0.0
INFO:modules.queue_monitor:  Uniform fallback enabled: True
INFO:modules.cash_detection:💰 Cashdraw-open detected at 1773480940.6212466
INFO:modules.queue_monitor:[camera_2] Frame 90 detections:
INFO:modules.queue_monitor:  total=4, queue=0, counter=0, outside=4
INFO:modules.queue_monitor:  Queue ROI configured: False
INFO:modules.queue_monitor:  Counter ROI configured: False
INFO:modules.queue_monitor:  All detections classification:
INFO:modules.queue_monitor:    Det 1: bbox=[396, 43, 491, 230], center=(443, 136), area=none
INFO:modules.queue_monitor:    Det 2: bbox=[69, 415, 370, 642], center=(219, 528), area=none
INFO:modules.queue_monitor:    Det 3: bbox=[261, 59, 437, 244], center=(349, 151), area=none
INFO:modules.queue_monitor:    Det 4: bbox=[828, 353, 1267, 714], center=(1047, 533), area=none
INFO:modules.queue_monitor:[camera_2] Queue tracking debug (Frame 90):
INFO:modules.queue_monitor:  Detections passed to tracking: 0
INFO:modules.queue_monitor:  Active tracks in queue area: 0
INFO:modules.queue_monitor:  Dwell time threshold: 5.0s
INFO:modules.queue_monitor:  Final count: 0
INFO:modules.queue_monitor:[camera_2] Frame 90 tracking results:
INFO:modules.queue_monitor:  Counter detections passed to tracking: 0
INFO:modules.queue_monitor:  Counter count after tracking: 0
INFO:modules.queue_monitor:  Dwell time threshold: 0.0
INFO:modules.queue_monitor:  Uniform fallback enabled: True
INFO:modules.gif_recorder:GIF saved: static/alerts/alert_20260314_150535.gif (33 frames, 200ms/frame)
INFO:modules.gif_recorder:Alert GIF created: static/alerts/alert_20260314_150535.gif (33 frames)
INFO:modules.cash_detection:[camera_2] 📹 GIF recording in progress: 8.4s / 3.0s, alert_frames=0, is_recording=False
INFO:modules.cash_detection:[camera_2] 🎬 GIF recording completed! Previous state: True, Current state: False
INFO:modules.cash_detection:[camera_2] 📊 GIF recorder state check: was_recording=True, is_recording_now=False, _was_recording_alert=True
INFO:modules.cash_detection:[camera_2] ✅ Retrieved GIF info: path=static/alerts/alert_20260314_150535.gif, frames=33
INFO:modules.cash_detection:[camera_2] ✅ _pending_alert_info available: message='ALERT: Cashdraw-open detected'
INFO:modules.cash_detection:[camera_2] ✅ Updated cash snapshot 21 with GIF path: static/alerts/alert_20260314_150535.gif
INFO:modules.telegram_notifier:Sending Telegram alert with image: static/alerts/alert_20260314_150535.gif
INFO:modules.telegram_notifier:✅ Telegram document sent successfully: alert_20260314_150535.gif (3755.8KB)
INFO:modules.cash_detection:[camera_2] ✅ Cash alert GIF saved to database: alert_20260314_150535.gif (path: static/alerts/alert_20260314_150535.gif)
INFO:modules.yolo_detector:🔍 YOLO Detection Debug (call #90):
INFO:modules.yolo_detector:   - Model: models/yolo11n.pt
INFO:modules.yolo_detector:   - Person class ID expected: 0
INFO:modules.yolo_detector:   - Confidence threshold: 0.25
INFO:modules.yolo_detector:   - All detections (conf>=0.25): 7
INFO:modules.yolo_detector:   - All classes found: [(0, 0.2855660021305084), (0, 0.36627477407455444), (0, 0.39813289046287537), (0, 0.48316821455955505), (0, 0.6310220956802368), (0, 0.6587963700294495), (0, 0.7588121891021729)]
INFO:modules.yolo_detector:   - Person detections (class=0, conf>=0.25): 7
INFO:modules.yolo_detector:   - Sample person detection: bbox=[360, 88, 468, 269], conf=0.76, center=(414, 178)
WARNING:modules.service_discipline_monitor:[camera_4] ⚠️ Order wait violation: Table table_3, customer 4 waiting 304.5s (threshold: 300.0s)
INFO:modules.service_discipline_monitor:[camera_4] 🔔 Triggering alert: order_wait=304.5s, threshold=300.0s, cooldown=300.0s, time_since_last_alert=infs
INFO:modules.service_discipline_monitor:[camera_4] 📊 Violation details: T_seated=1773480641.769833, T_order_start=None, order_wait=304.5s
INFO:modules.service_discipline_monitor:[camera_4] 📸 Starting GIF recording: frame shape=(720, 1280, 3), table=table_3, violation=order_wait
INFO:modules.service_discipline_monitor:[camera_4] 🎬 Starting GIF recording for table table_3, violation=order_wait
INFO:modules.gif_recorder:Started alert GIF recording for: Unknown alert
INFO:modules.service_discipline_monitor:Service discipline snapshot saved: static/service_discipline/service_table_table_3_camera_4_20260314_150546.jpg
INFO:modules.service_discipline_monitor:[camera_4] 📸 Service discipline snapshot saved: static/service_discipline/service_table_table_3_camera_4_20260314_150546.jpg
INFO:modules.service_discipline_monitor:[camera_4] 📊 Calculated wait times for violation: order_wait_time=304.4758439064026, service_wait_time=None, violation_type=order_wait
INFO:modules.service_discipline_monitor:[camera_4] 💾 Saving violation to database: Table table_3, order_wait = 304.5s
INFO:modules.database:📊 Extracted wait times from alert_data: order_wait_time=304.4758439064026, service_wait_time=None
INFO:modules.database:✅ Table service violation saved: ID=35, Table table_3 in channel camera_4, waiting time: 304.5s, order wait: 304.5s, service wait: N/A, snapshot_path=static/service_discipline/service_table_table_3_camera_4_20260314_150546.jpg
INFO:modules.database:✅ Resolved snapshot path (direct): static/service_discipline/service_table_table_3_camera_4_20260314_150546.jpg -> /home/ubuntu/Niyaaz_biryani/niyaaz/static/service_discipline/service_table_table_3_camera_4_20260314_150546.jpg
INFO:modules.telegram_notifier:Sending Telegram alert with image: /home/ubuntu/Niyaaz_biryani/niyaaz/static/service_discipline/service_table_table_3_camera_4_20260314_150546.jpg
INFO:modules.telegram_notifier:✅ Telegram photo sent successfully: service_table_table_3_camera_4_20260314_150546.jpg (319.2KB)
INFO:modules.service_discipline_monitor:[camera_4] ✅ Violation saved to table_service_violations: ID=35, order_wait=304.4758439064026, service_wait=None (GIF recording in progress)
INFO:modules.service_discipline_monitor:[camera_4] ✅ Alert logged to general alerts table: Service discipline violation: Table table_3 order_wait = 304.5s (threshold: 300.0s)
WARNING:modules.service_discipline_monitor:[camera_4] ⚠️ Order wait violation: Table table_3, customer 7 waiting 304.5s (threshold: 300.0s)
INFO:modules.service_discipline_monitor:[camera_4] 🔔 Triggering alert: order_wait=304.5s, threshold=300.0s, cooldown=300.0s, time_since_last_alert=infs
INFO:modules.service_discipline_monitor:[camera_4] 📊 Violation details: T_seated=1773480641.769833, T_order_start=None, order_wait=304.5s
INFO:modules.service_discipline_monitor:[camera_4] 📸 Starting GIF recording: frame shape=(720, 1280, 3), table=table_3, violation=order_wait
INFO:modules.service_discipline_monitor:[camera_4] 🎬 Starting GIF recording for table table_3, violation=order_wait
WARNING:modules.service_discipline_monitor:[camera_4] ⚠️ GIF recording already in progress - skipping GIF for this violation
INFO:modules.service_discipline_monitor:Service discipline snapshot saved: static/service_discipline/service_table_table_3_camera_4_20260314_150546.jpg
INFO:modules.service_discipline_monitor:[camera_4] 📸 Service discipline snapshot saved: static/service_discipline/service_table_table_3_camera_4_20260314_150546.jpg
INFO:modules.service_discipline_monitor:[camera_4] 📊 Calculated wait times for violation: order_wait_time=304.4758439064026, service_wait_time=None, violation_type=order_wait
INFO:modules.service_discipline_monitor:[camera_4] 💾 Saving violation to database: Table table_3, order_wait = 304.5s
INFO:modules.database:📊 Extracted wait times from alert_data: order_wait_time=304.4758439064026, service_wait_time=None
INFO:modules.database:✅ Table service violation saved: ID=36, Table table_3 in channel camera_4, waiting time: 304.5s, order wait: 304.5s, service wait: N/A, snapshot_path=static/service_discipline/service_table_table_3_camera_4_20260314_150546.jpg
INFO:modules.database:✅ Resolved snapshot path (direct): static/service_discipline/service_table_table_3_camera_4_20260314_150546.jpg -> /home/ubuntu/Niyaaz_biryani/niyaaz/static/service_discipline/service_table_table_3_camera_4_20260314_150546.jpg
INFO:modules.telegram_notifier:Sending Telegram alert with image: /home/ubuntu/Niyaaz_biryani/niyaaz/static/service_discipline/service_table_table_3_camera_4_20260314_150546.jpg
INFO:modules.telegram_notifier:✅ Telegram photo sent successfully: service_table_table_3_camera_4_20260314_150546.jpg (319.3KB)
INFO:modules.service_discipline_monitor:[camera_4] ✅ Violation saved to table_service_violations: ID=36, order_wait=304.4758439064026, service_wait=None (GIF recording skipped)
INFO:modules.service_discipline_monitor:[camera_4] ✅ Alert logged to general alerts table: Service discipline violation: Table table_3 order_wait = 304.5s (threshold: 300.0s)
INFO:modules.yolo_detector:🔍 YOLO Detection Debug (call #90):
INFO:modules.yolo_detector:   - Model: models/yolo11n.pt
INFO:modules.yolo_detector:   - Person class ID expected: 0
INFO:modules.yolo_detector:   - Confidence threshold: 0.25
INFO:modules.yolo_detector:   - All detections (conf>=0.25): 1
INFO:modules.yolo_detector:   - All classes found: [(0, 0.7846410274505615)]
INFO:modules.yolo_detector:   - Person detections (class=0, conf>=0.25): 1
INFO:modules.yolo_detector:   - Sample person detection: bbox=[394, 50, 442, 181], conf=0.78, center=(418, 115)
INFO:modules.yolo_detector:🔍 YOLO Detection Debug (call #90):
INFO:modules.yolo_detector:   - Model: models/yolo11n.pt
INFO:modules.yolo_detector:   - Person class ID expected: 0
INFO:modules.yolo_detector:   - Confidence threshold: 0.25
INFO:modules.yolo_detector:   - All detections (conf>=0.25): 7
INFO:modules.yolo_detector:   - All classes found: [(0, 0.2522689700126648), (0, 0.33482763171195984), (0, 0.3959152400493622), (0, 0.49564316868782043), (0, 0.7324045896530151), (0, 0.7444272041320801), (0, 0.8485989570617676)]
INFO:modules.yolo_detector:   - Person detections (class=0, conf>=0.25): 7
INFO:modules.yolo_detector:   - Sample person detection: bbox=[828, 210, 973, 473], conf=0.85, center=(900, 341)
WARNING:modules.service_discipline_monitor:[camera_6] ⚠️ Order wait violation: Table table_5, customer 1 waiting 306.4s (threshold: 300.0s)
INFO:modules.service_discipline_monitor:[camera_6] 🔔 Triggering alert: order_wait=306.4s, threshold=300.0s, cooldown=300.0s, time_since_last_alert=infs
INFO:modules.service_discipline_monitor:[camera_6] 📊 Violation details: T_seated=1773480642.09588, T_order_start=None, order_wait=306.4s
INFO:modules.service_discipline_monitor:[camera_6] 📸 Starting GIF recording: frame shape=(720, 1280, 3), table=table_5, violation=order_wait
INFO:modules.service_discipline_monitor:[camera_6] 🎬 Starting GIF recording for table table_5, violation=order_wait
INFO:modules.gif_recorder:Started alert GIF recording for: Unknown alert
INFO:modules.service_discipline_monitor:Service discipline snapshot saved: static/service_discipline/service_table_table_5_camera_6_20260314_150548.jpg
INFO:modules.service_discipline_monitor:[camera_6] 📸 Service discipline snapshot saved: static/service_discipline/service_table_table_5_camera_6_20260314_150548.jpg
INFO:modules.service_discipline_monitor:[camera_6] 📊 Calculated wait times for violation: order_wait_time=306.4104268550873, service_wait_time=None, violation_type=order_wait
INFO:modules.service_discipline_monitor:[camera_6] 💾 Saving violation to database: Table table_5, order_wait = 306.4s
INFO:modules.database:📊 Extracted wait times from alert_data: order_wait_time=306.4104268550873, service_wait_time=None
INFO:modules.database:✅ Table service violation saved: ID=37, Table table_5 in channel camera_6, waiting time: 306.4s, order wait: 306.4s, service wait: N/A, snapshot_path=static/service_discipline/service_table_table_5_camera_6_20260314_150548.jpg
INFO:modules.database:✅ Resolved snapshot path (direct): static/service_discipline/service_table_table_5_camera_6_20260314_150548.jpg -> /home/ubuntu/Niyaaz_biryani/niyaaz/static/service_discipline/service_table_table_5_camera_6_20260314_150548.jpg
INFO:modules.telegram_notifier:Sending Telegram alert with image: /home/ubuntu/Niyaaz_biryani/niyaaz/static/service_discipline/service_table_table_5_camera_6_20260314_150548.jpg
INFO:modules.telegram_notifier:✅ Telegram photo sent successfully: service_table_table_5_camera_6_20260314_150548.jpg (349.6KB)
INFO:modules.service_discipline_monitor:[camera_6] ✅ Violation saved to table_service_violations: ID=37, order_wait=306.4104268550873, service_wait=None (GIF recording in progress)
INFO:modules.service_discipline_monitor:[camera_6] ✅ Alert logged to general alerts table: Service discipline violation: Table table_5 order_wait = 306.4s (threshold: 300.0s)
WARNING:modules.service_discipline_monitor:[camera_6] ⚠️ Order wait violation: Table table_5, customer 4 waiting 306.4s (threshold: 300.0s)
INFO:modules.service_discipline_monitor:[camera_6] 🔔 Triggering alert: order_wait=306.4s, threshold=300.0s, cooldown=300.0s, time_since_last_alert=infs
INFO:modules.service_discipline_monitor:[camera_6] 📊 Violation details: T_seated=1773480642.09588, T_order_start=None, order_wait=306.4s
INFO:modules.service_discipline_monitor:[camera_6] 📸 Starting GIF recording: frame shape=(720, 1280, 3), table=table_5, violation=order_wait
INFO:modules.service_discipline_monitor:[camera_6] 🎬 Starting GIF recording for table table_5, violation=order_wait
WARNING:modules.service_discipline_monitor:[camera_6] ⚠️ GIF recording already in progress - skipping GIF for this violation
INFO:modules.service_discipline_monitor:Service discipline snapshot saved: static/service_discipline/service_table_table_5_camera_6_20260314_150548.jpg
INFO:modules.service_discipline_monitor:[camera_6] 📸 Service discipline snapshot saved: static/service_discipline/service_table_table_5_camera_6_20260314_150548.jpg
INFO:modules.service_discipline_monitor:[camera_6] 📊 Calculated wait times for violation: order_wait_time=306.4104268550873, service_wait_time=None, violation_type=order_wait
INFO:modules.service_discipline_monitor:[camera_6] 💾 Saving violation to database: Table table_5, order_wait = 306.4s
INFO:modules.database:📊 Extracted wait times from alert_data: order_wait_time=306.4104268550873, service_wait_time=None
INFO:modules.database:✅ Table service violation saved: ID=38, Table table_5 in channel camera_6, waiting time: 306.4s, order wait: 306.4s, service wait: N/A, snapshot_path=static/service_discipline/service_table_table_5_camera_6_20260314_150548.jpg
INFO:modules.database:✅ Resolved snapshot path (direct): static/service_discipline/service_table_table_5_camera_6_20260314_150548.jpg -> /home/ubuntu/Niyaaz_biryani/niyaaz/static/service_discipline/service_table_table_5_camera_6_20260314_150548.jpg
INFO:modules.telegram_notifier:Sending Telegram alert with image: /home/ubuntu/Niyaaz_biryani/niyaaz/static/service_discipline/service_table_table_5_camera_6_20260314_150548.jpg
INFO:modules.telegram_notifier:✅ Telegram photo sent successfully: service_table_table_5_camera_6_20260314_150548.jpg (350.5KB)
INFO:modules.service_discipline_monitor:[camera_6] ✅ Violation saved to table_service_violations: ID=38, order_wait=306.4104268550873, service_wait=None (GIF recording skipped)
INFO:modules.service_discipline_monitor:[camera_6] ✅ Alert logged to general alerts table: Service discipline violation: Table table_5 order_wait = 306.4s (threshold: 300.0s)
INFO:modules.yolo_detector:🔍 YOLO Detection Debug (call #90):
INFO:modules.yolo_detector:   - Model: models/yolo11n.pt
INFO:modules.yolo_detector:   - Person class ID expected: 0
INFO:modules.yolo_detector:   - Confidence threshold: 0.25
INFO:modules.yolo_detector:   - All detections (conf>=0.25): 11
INFO:modules.yolo_detector:   - All classes found: [(0, 0.2808288633823395), (0, 0.33315110206604004), (0, 0.33733463287353516), (0, 0.34812238812446594), (0, 0.3493603765964508), (0, 0.7322444915771484), (0, 0.7600714564323425), (0, 0.8054236173629761), (0, 0.8116135597229004), (0, 0.8507758378982544), (0, 0.8690462708473206)]
INFO:modules.yolo_detector:   - Person detections (class=0, conf>=0.25): 11
INFO:modules.yolo_detector:   - Sample person detection: bbox=[772, 322, 1001, 546], conf=0.87, center=(886, 434)
WARNING:modules.service_discipline_monitor:[camera_7] ⚠️ Order wait violation: Table table_6, customer 2 waiting 308.4s (threshold: 300.0s)
INFO:modules.service_discipline_monitor:[camera_7] 🔔 Triggering alert: order_wait=308.4s, threshold=300.0s, cooldown=300.0s, time_since_last_alert=infs
INFO:modules.service_discipline_monitor:[camera_7] 📊 Violation details: T_seated=1773480642.2596, T_order_start=None, order_wait=308.4s
INFO:modules.service_discipline_monitor:[camera_7] 📸 Starting GIF recording: frame shape=(720, 1280, 3), table=table_6, violation=order_wait
INFO:modules.service_discipline_monitor:[camera_7] 🎬 Starting GIF recording for table table_6, violation=order_wait
INFO:modules.gif_recorder:Started alert GIF recording for: Unknown alert
INFO:modules.service_discipline_monitor:Service discipline snapshot saved: static/service_discipline/service_table_table_6_camera_7_20260314_150550.jpg
INFO:modules.service_discipline_monitor:[camera_7] 📸 Service discipline snapshot saved: static/service_discipline/service_table_table_6_camera_7_20260314_150550.jpg
INFO:modules.service_discipline_monitor:[camera_7] 📊 Calculated wait times for violation: order_wait_time=308.40554904937744, service_wait_time=None, violation_type=order_wait
INFO:modules.service_discipline_monitor:[camera_7] 💾 Saving violation to database: Table table_6, order_wait = 308.4s
INFO:modules.database:📊 Extracted wait times from alert_data: order_wait_time=308.40554904937744, service_wait_time=None
INFO:modules.database:✅ Table service violation saved: ID=39, Table table_6 in channel camera_7, waiting time: 308.4s, order wait: 308.4s, service wait: N/A, snapshot_path=static/service_discipline/service_table_table_6_camera_7_20260314_150550.jpg
INFO:modules.database:✅ Resolved snapshot path (direct): static/service_discipline/service_table_table_6_camera_7_20260314_150550.jpg -> /home/ubuntu/Niyaaz_biryani/niyaaz/static/service_discipline/service_table_table_6_camera_7_20260314_150550.jpg
INFO:modules.telegram_notifier:Sending Telegram alert with image: /home/ubuntu/Niyaaz_biryani/niyaaz/static/service_discipline/service_table_table_6_camera_7_20260314_150550.jpg
INFO:modules.telegram_notifier:✅ Telegram photo sent successfully: service_table_table_6_camera_7_20260314_150550.jpg (405.9KB)
INFO:modules.service_discipline_monitor:[camera_7] ✅ Violation saved to table_service_violations: ID=39, order_wait=308.40554904937744, service_wait=None (GIF recording in progress)
INFO:modules.service_discipline_monitor:[camera_7] ✅ Alert logged to general alerts table: Service discipline violation: Table table_6 order_wait = 308.4s (threshold: 300.0s)
INFO:modules.yolo_detector:🔍 YOLO Detection Debug (call #90):
INFO:modules.yolo_detector:   - Model: models/yolo11n.pt
INFO:modules.yolo_detector:   - Person class ID expected: 0
INFO:modules.yolo_detector:   - Confidence threshold: 0.25
INFO:modules.yolo_detector:   - All detections (conf>=0.25): 2
INFO:modules.yolo_detector:   - All classes found: [(0, 0.26776525378227234), (0, 0.5720167756080627)]
INFO:modules.yolo_detector:   - Person detections (class=0, conf>=0.25): 2
INFO:modules.yolo_detector:   - Sample person detection: bbox=[1080, 156, 1177, 369], conf=0.57, center=(1128, 262)
WARNING:modules.service_discipline_monitor:[camera_8] ⚠️ Order wait violation: Table table_7, customer 1 waiting 309.6s (threshold: 300.0s)
INFO:modules.service_discipline_monitor:[camera_8] 🔔 Triggering alert: order_wait=309.6s, threshold=300.0s, cooldown=300.0s, time_since_last_alert=infs
INFO:modules.service_discipline_monitor:[camera_8] 📊 Violation details: T_seated=1773480642.427568, T_order_start=None, order_wait=309.6s
INFO:modules.service_discipline_monitor:[camera_8] 📸 Starting GIF recording: frame shape=(720, 1280, 3), table=table_7, violation=order_wait
INFO:modules.service_discipline_monitor:[camera_8] 🎬 Starting GIF recording for table table_7, violation=order_wait
INFO:modules.gif_recorder:Started alert GIF recording for: Unknown alert
INFO:modules.service_discipline_monitor:Service discipline snapshot saved: static/service_discipline/service_table_table_7_camera_8_20260314_150552.jpg
INFO:modules.service_discipline_monitor:[camera_8] 📸 Service discipline snapshot saved: static/service_discipline/service_table_table_7_camera_8_20260314_150552.jpg
INFO:modules.service_discipline_monitor:[camera_8] 📊 Calculated wait times for violation: order_wait_time=309.6020541191101, service_wait_time=None, violation_type=order_wait
INFO:modules.service_discipline_monitor:[camera_8] 💾 Saving violation to database: Table table_7, order_wait = 309.6s
INFO:modules.database:📊 Extracted wait times from alert_data: order_wait_time=309.6020541191101, service_wait_time=None
INFO:modules.database:✅ Table service violation saved: ID=40, Table table_7 in channel camera_8, waiting time: 309.6s, order wait: 309.6s, service wait: N/A, snapshot_path=static/service_discipline/service_table_table_7_camera_8_20260314_150552.jpg
INFO:modules.database:✅ Resolved snapshot path (direct): static/service_discipline/service_table_table_7_camera_8_20260314_150552.jpg -> /home/ubuntu/Niyaaz_biryani/niyaaz/static/service_discipline/service_table_table_7_camera_8_20260314_150552.jpg
INFO:modules.telegram_notifier:Sending Telegram alert with image: /home/ubuntu/Niyaaz_biryani/niyaaz/static/service_discipline/service_table_table_7_camera_8_20260314_150552.jpg
INFO:modules.telegram_notifier:✅ Telegram photo sent successfully: service_table_table_7_camera_8_20260314_150552.jpg (436.1KB)
INFO:modules.service_discipline_monitor:[camera_8] ✅ Violation saved to table_service_violations: ID=40, order_wait=309.6020541191101, service_wait=None (GIF recording in progress)
INFO:modules.service_discipline_monitor:[camera_8] ✅ Alert logged to general alerts table: Service discipline violation: Table table_7 order_wait = 309.6s (threshold: 300.0s)
WARNING:modules.service_discipline_monitor:[camera_8] ⚠️ Order wait violation: Table table_7, customer 10 waiting 309.6s (threshold: 300.0s)
INFO:modules.service_discipline_monitor:[camera_8] 🔔 Triggering alert: order_wait=309.6s, threshold=300.0s, cooldown=300.0s, time_since_last_alert=infs
INFO:modules.service_discipline_monitor:[camera_8] 📊 Violation details: T_seated=1773480642.427568, T_order_start=None, order_wait=309.6s
INFO:modules.service_discipline_monitor:[camera_8] 📸 Starting GIF recording: frame shape=(720, 1280, 3), table=table_7, violation=order_wait
INFO:modules.service_discipline_monitor:[camera_8] 🎬 Starting GIF recording for table table_7, violation=order_wait
WARNING:modules.service_discipline_monitor:[camera_8] ⚠️ GIF recording already in progress - skipping GIF for this violation
INFO:modules.service_discipline_monitor:Service discipline snapshot saved: static/service_discipline/service_table_table_7_camera_8_20260314_150552.jpg
INFO:modules.service_discipline_monitor:[camera_8] 📸 Service discipline snapshot saved: static/service_discipline/service_table_table_7_camera_8_20260314_150552.jpg
INFO:modules.service_discipline_monitor:[camera_8] 📊 Calculated wait times for violation: order_wait_time=309.6020541191101, service_wait_time=None, violation_type=order_wait
INFO:modules.service_discipline_monitor:[camera_8] 💾 Saving violation to database: Table table_7, order_wait = 309.6s
INFO:modules.database:📊 Extracted wait times from alert_data: order_wait_time=309.6020541191101, service_wait_time=None
INFO:modules.database:✅ Table service violation saved: ID=41, Table table_7 in channel camera_8, waiting time: 309.6s, order wait: 309.6s, service wait: N/A, snapshot_path=static/service_discipline/service_table_table_7_camera_8_20260314_150552.jpg
INFO:modules.database:✅ Resolved snapshot path (direct): static/service_discipline/service_table_table_7_camera_8_20260314_150552.jpg -> /home/ubuntu/Niyaaz_biryani/niyaaz/static/service_discipline/service_table_table_7_camera_8_20260314_150552.jpg
INFO:modules.telegram_notifier:Sending Telegram alert with image: /home/ubuntu/Niyaaz_biryani/niyaaz/static/service_discipline/service_table_table_7_camera_8_20260314_150552.jpg
INFO:modules.telegram_notifier:✅ Telegram photo sent successfully: service_table_table_7_camera_8_20260314_150552.jpg (434.7KB)
INFO:modules.service_discipline_monitor:[camera_8] ✅ Violation saved to table_service_violations: ID=41, order_wait=309.6020541191101, service_wait=None (GIF recording skipped)
INFO:modules.service_discipline_monitor:[camera_8] ✅ Alert logged to general alerts table: Service discipline violation: Table table_7 order_wait = 309.6s (threshold: 300.0s)
WARNING:modules.service_discipline_monitor:[camera_8] ⚠️ APPROACHING THRESHOLD: Table table_7, customer 15: Order wait 296.7s (threshold: 300.0s, remaining: 3.3s)
INFO:modules.yolo_detector:🔍 YOLO Detection Debug (call #90):
INFO:modules.yolo_detector:   - Model: models/yolo11n.pt
INFO:modules.yolo_detector:   - Person class ID expected: 0
INFO:modules.yolo_detector:   - Confidence threshold: 0.25
INFO:modules.yolo_detector:   - All detections (conf>=0.25): 1
INFO:modules.yolo_detector:   - All classes found: [(0, 0.49426427483558655)]
INFO:modules.yolo_detector:   - Person detections (class=0, conf>=0.25): 1
INFO:modules.yolo_detector:   - Sample person detection: bbox=[631, 408, 775, 699], conf=0.49, center=(703, 553)
INFO:modules.gif_recorder:GIF saved: static/alerts/alert_20260314_150546.gif (32 frames, 200ms/frame)
INFO:modules.gif_recorder:Alert GIF created: static/alerts/alert_20260314_150546.gif (32 frames)
INFO:modules.service_discipline_monitor:[camera_4] 🎬 GIF recording completed!
INFO:modules.service_discipline_monitor:[camera_4] ✅ Updated violation 35 with GIF path: static/alerts/alert_20260314_150546.gif
INFO:modules.telegram_notifier:Sending Telegram alert with image: static/alerts/alert_20260314_150546.gif
INFO:modules.telegram_notifier:✅ Telegram document sent successfully: alert_20260314_150546.gif (3479.9KB)
INFO:modules.telegram_notifier:Sending Telegram alert with image: static/alerts/alert_20260314_150546.gif
INFO:modules.telegram_notifier:✅ Telegram document sent successfully: alert_20260314_150546.gif (3479.9KB)
INFO:modules.service_discipline_monitor:[camera_4] ✅ Telegram alert sent with GIF: alert_20260314_150546.gif
INFO:modules.service_discipline_monitor:[camera_4] ✅ Service discipline alert GIF saved to database: alert_20260314_150546.gif
INFO:modules.gif_recorder:GIF saved: static/alerts/alert_20260314_150548.gif (32 frames, 200ms/frame)
INFO:modules.gif_recorder:Alert GIF created: static/alerts/alert_20260314_150548.gif (32 frames)
INFO:modules.service_discipline_monitor:[camera_6] 🎬 GIF recording completed!
INFO:modules.service_discipline_monitor:[camera_6] ✅ Updated violation 37 with GIF path: static/alerts/alert_20260314_150548.gif
INFO:modules.telegram_notifier:Sending Telegram alert with image: static/alerts/alert_20260314_150548.gif
INFO:modules.telegram_notifier:✅ Telegram document sent successfully: alert_20260314_150548.gif (3747.6KB)
INFO:modules.telegram_notifier:Sending Telegram alert with image: static/alerts/alert_20260314_150548.gif
INFO:modules.telegram_notifier:✅ Telegram document sent successfully: alert_20260314_150548.gif (3747.6KB)
INFO:modules.service_discipline_monitor:[camera_6] ✅ Telegram alert sent with GIF: alert_20260314_150548.gif
INFO:modules.service_discipline_monitor:[camera_6] ✅ Service discipline alert GIF saved to database: alert_20260314_150548.gif
INFO:modules.gif_recorder:GIF saved: static/alerts/alert_20260314_150550.gif (32 frames, 200ms/frame)
INFO:modules.gif_recorder:Alert GIF created: static/alerts/alert_20260314_150550.gif (32 frames)
INFO:modules.service_discipline_monitor:[camera_7] 🎬 GIF recording completed!
INFO:modules.service_discipline_monitor:[camera_7] ✅ Updated violation 39 with GIF path: static/alerts/alert_20260314_150550.gif
INFO:modules.telegram_notifier:Sending Telegram alert with image: static/alerts/alert_20260314_150550.gif
INFO:modules.telegram_notifier:✅ Telegram document sent successfully: alert_20260314_150550.gif (4286.0KB)
INFO:modules.telegram_notifier:Sending Telegram alert with image: static/alerts/alert_20260314_150550.gif
INFO:modules.telegram_notifier:✅ Telegram document sent successfully: alert_20260314_150550.gif (4286.0KB)
INFO:modules.service_discipline_monitor:[camera_7] ✅ Telegram alert sent with GIF: alert_20260314_150550.gif
INFO:modules.service_discipline_monitor:[camera_7] ✅ Service discipline alert GIF saved to database: alert_20260314_150550.gif
INFO:modules.gif_recorder:GIF saved: static/alerts/alert_20260314_150552.gif (32 frames, 200ms/frame)
INFO:modules.gif_recorder:Alert GIF created: static/alerts/alert_20260314_150552.gif (32 frames)
INFO:modules.service_discipline_monitor:[camera_8] 🎬 GIF recording completed!
INFO:modules.service_discipline_monitor:[camera_8] ✅ Updated violation 40 with GIF path: static/alerts/alert_20260314_150552.gif
INFO:modules.telegram_notifier:Sending Telegram alert with image: static/alerts/alert_20260314_150552.gif
INFO:modules.telegram_notifier:✅ Telegram document sent successfully: alert_20260314_150552.gif (4455.1KB)
INFO:modules.telegram_notifier:Sending Telegram alert with image: static/alerts/alert_20260314_150552.gif
INFO:modules.telegram_notifier:✅ Telegram document sent successfully: alert_20260314_150552.gif (4455.1KB)
INFO:modules.service_discipline_monitor:[camera_8] ✅ Telegram alert sent with GIF: alert_20260314_150552.gif
INFO:modules.service_discipline_monitor:[camera_8] ✅ Service discipline alert GIF saved to database: alert_20260314_150552.gif
INFO:modules.queue_monitor:[camera_17] Frame 90 detections:
INFO:modules.queue_monitor:  total=1, queue=0, counter=0, outside=1
INFO:modules.queue_monitor:  Queue ROI configured: False
INFO:modules.queue_monitor:  Counter ROI configured: False
INFO:modules.queue_monitor:  All detections classification:
INFO:modules.queue_monitor:    Det 1: bbox=[525, 101, 591, 314], center=(558, 207), area=none
INFO:modules.queue_monitor:[camera_17] Queue tracking debug (Frame 90):
INFO:modules.queue_monitor:  Detections passed to tracking: 0
INFO:modules.queue_monitor:  Active tracks in queue area: 0
INFO:modules.queue_monitor:  Dwell time threshold: 5.0s
INFO:modules.queue_monitor:  Final count: 0
INFO:modules.queue_monitor:[camera_17] Frame 90 tracking results:
INFO:modules.queue_monitor:  Counter detections passed to tracking: 0
INFO:modules.queue_monitor:  Counter count after tracking: 0
INFO:modules.queue_monitor:  Dwell time threshold: 0.0
INFO:modules.queue_monitor:  Uniform fallback enabled: True
WARNING:modules.service_discipline_monitor:[camera_18] ⚠️ APPROACHING THRESHOLD: Table table_8, customer 4: Order wait 274.7s (threshold: 300.0s, remaining: 25.3s)
WARNING:modules.service_discipline_monitor:[camera_18] ⚠️ APPROACHING THRESHOLD: Table table_8, customer 4: Order wait 277.6s (threshold: 300.0s, remaining: 22.4s)
INFO:modules.cash_detection:💰 Cashdraw-open detected at 1773480992.6838481
WARNING:modules.service_discipline_monitor:[camera_18] ⚠️ APPROACHING THRESHOLD: Table table_8, customer 4: Order wait 280.4s (threshold: 300.0s, remaining: 19.6s)
INFO:modules.cash_detection:💰 Cashdraw-open detected at 1773480995.6266062
INFO:modules.table_service_monitor:[camera_6] Table table_571_636: State changed to unclean (no person present, 5 consecutive detections, conf=0.856)
WARNING:modules.service_discipline_monitor:[camera_18] ⚠️ APPROACHING THRESHOLD: Table table_8, customer 4: Order wait 283.2s (threshold: 300.0s, remaining: 16.8s)
WARNING:modules.service_discipline_monitor:[camera_18] ⚠️ APPROACHING THRESHOLD: Table table_8, customer 4: Order wait 286.1s (threshold: 300.0s, remaining: 13.9s)
WARNING:modules.service_discipline_monitor:[camera_18] ⚠️ APPROACHING THRESHOLD: Table table_8, customer 4: Order wait 288.8s (threshold: 300.0s, remaining: 11.2s)
INFO:modules.ppe_monitoring:🔍 PPE Compliance Check Frame 97: is_compliant=False, violations=['Gloves not detected']
WARNING:modules.ppe_monitoring:⚠️ PPE violation STARTED for employee_0: ['Gloves not detected'] (threshold: 0.5s)
nvstreammux: Successfully handled EOS for source_id=20
WARNING:modules.service_discipline_monitor:[camera_18] ⚠️ APPROACHING THRESHOLD: Table table_8, customer 4: Order wait 291.6s (threshold: 300.0s, remaining: 8.4s)
INFO:modules.ppe_monitoring:✅ PPE violation cleared for employee_0 (was tracked for 2.75s)
WARNING:modules.service_discipline_monitor:[camera_18] ⚠️ APPROACHING THRESHOLD: Table table_8, customer 4: Order wait 294.4s (threshold: 300.0s, remaining: 5.6s)
ERROR from src: Could not read from resource.
Debug info: ../gst/rtsp/gstrtspsrc.c(6009): gst_rtspsrc_loop_interleaved (): /GstPipeline:sakshiai-pipeline/GstDsNvUriSrcBin:src_20/GstRTSPSrc:src:
Could not receive message. (Parse error)
ERROR from src: Internal data stream error.
Debug info: ../gst/rtsp/gstrtspsrc.c(6511): gst_rtspsrc_loop (): /GstPipeline:sakshiai-pipeline/GstDsNvUriSrcBin:src_20/GstRTSPSrc:src:
streaming stopped, reason error (-5)
INFO:modules.service_discipline_monitor:[camera_7] 🪑 T_seated: Customer track 76 at table table_6
INFO:modules.smoking_detection:🔍 Smoke & Fire Detection Frame 100 - Detected: Hairnet(0.42)
INFO:modules.person_smoking_detection:🔍 Smoking Detection Frame 100 - Detected: Hairnet(0.42)
WARNING:modules.service_discipline_monitor:[camera_18] ⚠️ APPROACHING THRESHOLD: Table table_8, customer 4: Order wait 297.1s (threshold: 300.0s, remaining: 2.9s)
INFO:modules.dress_code_monitoring:📊 [camera_20] DressCode Frame 100: Total detections: 0
INFO:modules.dress_code_monitoring:   Counter ROI configured: False, Queue ROI configured: False
INFO:modules.dress_code_monitoring:   Allowed uniforms in counter: []
INFO:modules.dress_code_monitoring:📊 [camera_1] DressCode Frame 100: Total detections: 1
INFO:modules.dress_code_monitoring:   Counter ROI configured: False, Queue ROI configured: False
INFO:modules.dress_code_monitoring:   Allowed uniforms in counter: []
INFO:modules.dress_code_monitoring:   Detected classes: {'Hairnet': 1}
INFO:modules.dress_code_monitoring:   Detections by area: {'counter': 0, 'queue': 0, 'unknown': 0, 'everywhere': 1}
INFO:modules.dress_code_monitoring:   👔 Compliance items detected: ['Hairnet']
INFO:modules.smoking_detection:🔍 Smoke & Fire Detection Frame 100 - Detected: Hairnet(0.66), Uniform_grey(0.50), Uniform_black(0.42)
INFO:modules.dress_code_monitoring:📊 [camera_2] DressCode Frame 100: Total detections: 0
INFO:modules.dress_code_monitoring:   Counter ROI configured: False, Queue ROI configured: False
INFO:modules.dress_code_monitoring:   Allowed uniforms in counter: []
INFO:modules.smoking_detection:🔍 Smoke & Fire Detection Frame 100 - Detected: Cashdraw-open(0.66)
INFO:modules.dress_code_monitoring:📊 [camera_4] DressCode Frame 100: Total detections: 0
INFO:modules.dress_code_monitoring:   Counter ROI configured: False, Queue ROI configured: False
INFO:modules.dress_code_monitoring:   Allowed uniforms in counter: []
INFO:modules.smoking_detection:🔍 Smoke & Fire Detection Frame 100 - Detected: Table_unclean(0.64), Table_unclean(0.59)
INFO:modules.dress_code_monitoring:📊 [camera_5] DressCode Frame 100: Total detections: 0
INFO:modules.dress_code_monitoring:   Counter ROI configured: False, Queue ROI configured: False
INFO:modules.dress_code_monitoring:   Allowed uniforms in counter: []
INFO:modules.smoking_detection:🔍 Smoke & Fire Detection Frame 100 - Detected: Table_clean(0.92), Table_clean(0.91), Table_clean(0.82), Table_clean(0.80), Table_clean(0.66), Table_clean(0.65), Hairnet(0.43), Uniform_grey(0.41)
INFO:modules.dress_code_monitoring:[camera_6] Raw uniform detections from best.pt: ['Uniform_grey']
INFO:modules.dress_code_monitoring:📊 [camera_6] DressCode Frame 100: Total detections: 1
INFO:modules.dress_code_monitoring:   Counter ROI configured: False, Queue ROI configured: False
INFO:modules.dress_code_monitoring:   Allowed uniforms in counter: []
INFO:modules.dress_code_monitoring:   Detected classes: {'Uniform_grey': 1}
INFO:modules.dress_code_monitoring:   Detections by area: {'counter': 0, 'queue': 0, 'unknown': 0, 'everywhere': 1}
INFO:modules.dress_code_monitoring:   👔 Uniforms everywhere: ['Uniform_grey']
INFO:modules.dress_code_monitoring:[camera_6] Compliance check: Uniform=Uniform_grey, In counter=False
INFO:modules.dress_code_monitoring:   Is compliant: True, Violations: []
INFO:modules.dress_code_monitoring:   Allowed uniforms: []
INFO:modules.dress_code_monitoring:   Position key: Uniform_grey_900_200
INFO:modules.smoking_detection:🔍 Smoke & Fire Detection Frame 100 - Detected: Table_unclean(0.85), Uniform_grey(0.78), Table_clean(0.75)
INFO:modules.dress_code_monitoring:[camera_7] Raw uniform detections from best.pt: ['Uniform_grey']
INFO:modules.dress_code_monitoring:📊 [camera_7] DressCode Frame 100: Total detections: 2
INFO:modules.dress_code_monitoring:   Counter ROI configured: False, Queue ROI configured: False
INFO:modules.dress_code_monitoring:   Allowed uniforms in counter: []
INFO:modules.dress_code_monitoring:   Detected classes: {'Hairnet': 1, 'Uniform_grey': 1}
INFO:modules.dress_code_monitoring:   Detections by area: {'counter': 0, 'queue': 0, 'unknown': 0, 'everywhere': 2}
INFO:modules.dress_code_monitoring:   👔 Uniforms everywhere: ['Uniform_grey']
INFO:modules.dress_code_monitoring:   👔 Compliance items detected: ['Hairnet']
INFO:modules.dress_code_monitoring:[camera_7] Compliance check: Uniform=Uniform_grey, In counter=False
INFO:modules.dress_code_monitoring:   Is compliant: True, Violations: []
INFO:modules.dress_code_monitoring:   Allowed uniforms: []
INFO:modules.dress_code_monitoring:   Position key: Uniform_grey_1200_200
INFO:modules.smoking_detection:🔍 Smoke & Fire Detection Frame 100 - Detected: Table_unclean(0.69), Table_unclean(0.66), Hairnet(0.61), Table_unclean(0.56), Uniform_grey(0.53), Table_unclean(0.50), Hairnet(0.44)
INFO:modules.dress_code_monitoring:[camera_8] Raw uniform detections from best.pt: ['Uniform_grey', 'Uniform_grey', 'Uniform_grey']
INFO:modules.dress_code_monitoring:📊 [camera_8] DressCode Frame 100: Total detections: 6
INFO:modules.dress_code_monitoring:   Counter ROI configured: False, Queue ROI configured: False
INFO:modules.dress_code_monitoring:   Allowed uniforms in counter: []
INFO:modules.dress_code_monitoring:   Detected classes: {'Uniform_grey': 3, 'Hairnet': 3}
INFO:modules.dress_code_monitoring:   Detections by area: {'counter': 0, 'queue': 0, 'unknown': 0, 'everywhere': 6}
INFO:modules.dress_code_monitoring:   👔 Uniforms everywhere: ['Uniform_grey', 'Uniform_grey', 'Uniform_grey']
INFO:modules.dress_code_monitoring:   👔 Compliance items detected: ['Hairnet']
INFO:modules.dress_code_monitoring:[camera_8] Compliance check: Uniform=Uniform_grey, In counter=False
INFO:modules.dress_code_monitoring:   Is compliant: True, Violations: []
INFO:modules.dress_code_monitoring:   Allowed uniforms: []
INFO:modules.dress_code_monitoring:   Position key: Uniform_grey_600_100
INFO:modules.dress_code_monitoring:[camera_8] Compliance check: Uniform=Uniform_grey, In counter=False
INFO:modules.dress_code_monitoring:   Is compliant: True, Violations: []
INFO:modules.dress_code_monitoring:   Allowed uniforms: []
INFO:modules.dress_code_monitoring:   Position key: Uniform_grey_300_100
INFO:modules.dress_code_monitoring:[camera_8] Compliance check: Uniform=Uniform_grey, In counter=False
INFO:modules.dress_code_monitoring:   Is compliant: True, Violations: []
INFO:modules.dress_code_monitoring:   Allowed uniforms: []
INFO:modules.dress_code_monitoring:   Position key: Uniform_grey_200_100
INFO:modules.smoking_detection:🔍 Smoke & Fire Detection Frame 100 - Detected: Table_unclean(0.76), Uniform_grey(0.66), Uniform_grey(0.66), Table_unclean(0.65), Hairnet(0.65), Hairnet(0.63), Uniform_grey(0.57), Hairnet(0.51), No_hairnet(0.43), Uniform_black(0.42)
INFO:modules.dress_code_monitoring:📊 [camera_9] DressCode Frame 100: Total detections: 1
INFO:modules.dress_code_monitoring:   Counter ROI configured: False, Queue ROI configured: False
INFO:modules.dress_code_monitoring:   Allowed uniforms in counter: []
INFO:modules.dress_code_monitoring:   Detected classes: {'Hairnet': 1}
INFO:modules.dress_code_monitoring:   Detections by area: {'counter': 0, 'queue': 0, 'unknown': 0, 'everywhere': 1}
INFO:modules.dress_code_monitoring:   👔 Compliance items detected: ['Hairnet']
INFO:modules.smoking_detection:🔍 Smoke & Fire Detection Frame 100 - Detected: Hairnet(0.58), Shoe(0.48)
INFO:modules.dress_code_monitoring:📊 [camera_10] DressCode Frame 100: Total detections: 6
INFO:modules.dress_code_monitoring:   Counter ROI configured: False, Queue ROI configured: False
INFO:modules.dress_code_monitoring:   Allowed uniforms in counter: []
INFO:modules.dress_code_monitoring:   Detected classes: {'Hairnet': 5, 'Apron': 1}
INFO:modules.dress_code_monitoring:   Detections by area: {'counter': 0, 'queue': 0, 'unknown': 0, 'everywhere': 6}
INFO:modules.dress_code_monitoring:   👔 Compliance items detected: ['Hairnet', 'Apron']
INFO:modules.smoking_detection:🔍 Smoke & Fire Detection Frame 100 - Detected: Hairnet(0.69), Apron(0.68), Hairnet(0.63), Hairnet(0.63), Hairnet(0.57), Hairnet(0.57), No_hairnet(0.55)
INFO:modules.dress_code_monitoring:📊 [camera_12] DressCode Frame 100: Total detections: 1
INFO:modules.dress_code_monitoring:   Counter ROI configured: False, Queue ROI configured: False
INFO:modules.dress_code_monitoring:   Allowed uniforms in counter: []
INFO:modules.dress_code_monitoring:   Detected classes: {'Hairnet': 1}
INFO:modules.dress_code_monitoring:   Detections by area: {'counter': 0, 'queue': 0, 'unknown': 0, 'everywhere': 1}
INFO:modules.dress_code_monitoring:   👔 Compliance items detected: ['Hairnet']
INFO:modules.smoking_detection:🔍 Smoke & Fire Detection Frame 100 - Detected: Hairnet(0.56)
nvstreammux: Successfully handled EOS for source_id=23
nvstreammux: Successfully handled EOS for source_id=24
WARNING:modules.service_discipline_monitor:[camera_18] ⚠️ APPROACHING THRESHOLD: Table table_8, customer 4: Order wait 299.8s (threshold: 300.0s, remaining: 0.2s)
INFO:modules.dress_code_monitoring:📊 [camera_17] DressCode Frame 100: Total detections: 0
INFO:modules.dress_code_monitoring:   Counter ROI configured: False, Queue ROI configured: False
INFO:modules.dress_code_monitoring:   Allowed uniforms in counter: []
WARNING:modules.service_discipline_monitor:[camera_18] ⚠️ Order wait violation: Table table_8, customer 4 waiting 302.3s (threshold: 300.0s)
INFO:modules.service_discipline_monitor:[camera_18] 🔔 Triggering alert: order_wait=302.3s, threshold=300.0s, cooldown=300.0s, time_since_last_alert=infs
INFO:modules.service_discipline_monitor:[camera_18] 📊 Violation details: T_seated=1773480714.184469, T_order_start=None, order_wait=302.3s
INFO:modules.service_discipline_monitor:[camera_18] 📸 Starting GIF recording: frame shape=(720, 1280, 3), table=table_8, violation=order_wait
INFO:modules.service_discipline_monitor:[camera_18] 🎬 Starting GIF recording for table table_8, violation=order_wait
INFO:modules.gif_recorder:Started alert GIF recording for: Unknown alert
INFO:modules.service_discipline_monitor:Service discipline snapshot saved: static/service_discipline/service_table_table_8_camera_18_20260314_150656.jpg
INFO:modules.service_discipline_monitor:[camera_18] 📸 Service discipline snapshot saved: static/service_discipline/service_table_table_8_camera_18_20260314_150656.jpg
INFO:modules.service_discipline_monitor:[camera_18] 📊 Calculated wait times for violation: order_wait_time=302.3408029079437, service_wait_time=None, violation_type=order_wait
INFO:modules.service_discipline_monitor:[camera_18] 💾 Saving violation to database: Table table_8, order_wait = 302.3s
INFO:modules.database:📊 Extracted wait times from alert_data: order_wait_time=302.3408029079437, service_wait_time=None
INFO:modules.database:✅ Table service violation saved: ID=42, Table table_8 in channel camera_18, waiting time: 302.3s, order wait: 302.3s, service wait: N/A, snapshot_path=static/service_discipline/service_table_table_8_camera_18_20260314_150656.jpg
INFO:modules.database:✅ Resolved snapshot path (direct): static/service_discipline/service_table_table_8_camera_18_20260314_150656.jpg -> /home/ubuntu/Niyaaz_biryani/niyaaz/static/service_discipline/service_table_table_8_camera_18_20260314_150656.jpg
INFO:modules.telegram_notifier:Sending Telegram alert with image: /home/ubuntu/Niyaaz_biryani/niyaaz/static/service_discipline/service_table_table_8_camera_18_20260314_150656.jpg
INFO:modules.telegram_notifier:✅ Telegram photo sent successfully: service_table_table_8_camera_18_20260314_150656.jpg (213.7KB)
INFO:modules.service_discipline_monitor:[camera_18] ✅ Violation saved to table_service_violations: ID=42, order_wait=302.3408029079437, service_wait=None (GIF recording in progress)
INFO:modules.service_discipline_monitor:[camera_18] ✅ Alert logged to general alerts table: Service discipline violation: Table table_8 order_wait = 302.3s (threshold: 300.0s)
INFO:modules.gif_recorder:GIF saved: static/alerts/alert_20260314_150656.gif (32 frames, 200ms/frame)
INFO:modules.gif_recorder:Alert GIF created: static/alerts/alert_20260314_150656.gif (32 frames)
INFO:modules.service_discipline_monitor:[camera_18] 🎬 GIF recording completed!
INFO:modules.service_discipline_monitor:[camera_18] ✅ Updated violation 42 with GIF path: static/alerts/alert_20260314_150656.gif
INFO:modules.telegram_notifier:Sending Telegram alert with image: static/alerts/alert_20260314_150656.gif
INFO:modules.telegram_notifier:✅ Telegram document sent successfully: alert_20260314_150656.gif (2320.9KB)
INFO:modules.telegram_notifier:Sending Telegram alert with image: static/alerts/alert_20260314_150656.gif
WARNING:modules.telegram_notifier:Telegram API error: 429 - {"ok":false,"error_code":429,"description":"Too Many Requests: retry after 219","parameters":{"retry_after":219}}
INFO:modules.service_discipline_monitor:[camera_18] ✅ Telegram alert sent with GIF: alert_20260314_150656.gif
INFO:modules.service_discipline_monitor:[camera_18] ✅ Service discipline alert GIF saved to database: alert_20260314_150656.gif
INFO:modules.service_discipline_monitor:[camera_19] 🪑 T_seated: Customer track 21 at table table_11
INFO:modules.service_discipline_monitor:[camera_4] 🪑 T_seated: Customer track 64 at table table_3
INFO:modules.service_discipline_monitor:[camera_7] 🪑 T_seated: Customer track 63 at table table_6
nvstreammux: Successfully handled EOS for source_id=8
INFO:modules.service_discipline_monitor:[camera_7] 🪑 T_seated: Customer track 80 at table table_6
INFO:modules.table_service_monitor:[camera_6] Table table_593_635: State changed to unclean (no person present, 5 consecutive detections, conf=0.856)
INFO:werkzeug:127.0.0.1 - - [14/Mar/2026 15:07:32] "GET /dashboard HTTP/1.1" 200 -
INFO:werkzeug:127.0.0.1 - - [14/Mar/2026 15:07:32] "[33mGET /static/images/sakshi-logo.png HTTP/1.1[0m" 404 -
INFO:werkzeug:127.0.0.1 - - [14/Mar/2026 15:07:32] "[33mGET /static/images/sakshi-logo.png HTTP/1.1[0m" 404 -
INFO:werkzeug:127.0.0.1 - - [14/Mar/2026 15:07:32] "GET /socket.io/?EIO=4&transport=polling&t=PphjKYZ HTTP/1.1" 200 -
ERROR:__main__:Error reading legacy stores.json: Expecting value: line 1 column 1 (char 0)
INFO:werkzeug:127.0.0.1 - - [14/Mar/2026 15:07:32] "GET /api/get_channels/PeopleCounter HTTP/1.1" 200 -
INFO:werkzeug:127.0.0.1 - - [14/Mar/2026 15:07:32] "GET /api/get_stores HTTP/1.1" 200 -
INFO:__main__:Client connected
INFO:werkzeug:127.0.0.1 - - [14/Mar/2026 15:07:32] "POST /socket.io/?EIO=4&transport=polling&t=PphjKYr&sid=hzq8a1HWkIwbTrh4AAAA HTTP/1.1" 200 -
INFO:werkzeug:127.0.0.1 - - [14/Mar/2026 15:07:32] "GET /socket.io/?EIO=4&transport=polling&t=PphjKYr.0&sid=hzq8a1HWkIwbTrh4AAAA HTTP/1.1" 200 -
INFO:werkzeug:127.0.0.1 - - [14/Mar/2026 15:07:32] "GET /api/get_smoking_snapshots?limit=50&store_id=store_1 HTTP/1.1" 200 -
INFO:werkzeug:127.0.0.1 - - [14/Mar/2026 15:07:32] "GET /api/get_alert_gifs?alert_type=queue_alert&limit=20&store_id=store_1 HTTP/1.1" 200 -
ERROR:__main__:Error reading legacy stores.json: Expecting value: line 1 column 1 (char 0)
INFO:werkzeug:127.0.0.1 - - [14/Mar/2026 15:07:32] "GET /api/get_stores HTTP/1.1" 200 -
INFO:werkzeug:127.0.0.1 - - [14/Mar/2026 15:07:32] "GET /socket.io/?EIO=4&transport=polling&t=PphjKZ7&sid=hzq8a1HWkIwbTrh4AAAA HTTP/1.1" 200 -
INFO:werkzeug:127.0.0.1 - - [14/Mar/2026 15:07:32] "GET /api/get_cash_snapshots?limit=50&days=7&store_id=store_1 HTTP/1.1" 200 -
INFO:werkzeug:127.0.0.1 - - [14/Mar/2026 15:07:32] "GET /api/get_alert_gifs?alert_type=cash_detection_alert&limit=50&days=7&store_id=store_1 HTTP/1.1" 200 -
INFO:werkzeug:127.0.0.1 - - [14/Mar/2026 15:07:32] "GET /api/get_module_analytics/QueueMonitor?store_id=store_1 HTTP/1.1" 200 -
INFO:werkzeug:127.0.0.1 - - [14/Mar/2026 15:07:32] "GET /api/get_module_analytics/DressCodeMonitoring?store_id=store_1 HTTP/1.1" 200 -
INFO:werkzeug:127.0.0.1 - - [14/Mar/2026 15:07:32] "GET /api/get_module_analytics/PPEMonitoring?store_id=store_1 HTTP/1.1" 200 -
INFO:werkzeug:127.0.0.1 - - [14/Mar/2026 15:07:32] "GET /api/get_module_analytics/CashDetection?store_id=store_1 HTTP/1.1" 200 -
INFO:werkzeug:127.0.0.1 - - [14/Mar/2026 15:07:32] "GET /api/get_module_analytics/TableServiceMonitor?store_id=store_1 HTTP/1.1" 200 -
INFO:__main__:📊 Service Discipline Analytics: Querying violations from last 7 days (since 2026-03-07 15:07:32.410085+05:30 IST)
INFO:__main__:📊 Service Discipline Analytics: Found 42 total violations in database (last 7 days)
INFO:__main__:📊 Service Discipline Analytics: 42 relevant violations after filtering (excluded types: {'unclean_table', 'wrong_uniform', 'slow_reset'})
INFO:__main__:📊 Wait times found: 42 total, 42 order, 0 service
INFO:werkzeug:127.0.0.1 - - [14/Mar/2026 15:07:32] "GET /api/get_module_analytics/ServiceDisciplineMonitor?store_id=store_1 HTTP/1.1" 200 -
INFO:werkzeug:127.0.0.1 - - [14/Mar/2026 15:07:32] "GET /api/get_module_analytics/UnauthorizedEntryMonitor?store_id=store_1 HTTP/1.1" 200 -
INFO:werkzeug:127.0.0.1 - - [14/Mar/2026 15:07:32] "GET /api/get_module_analytics/MaterialTheftMonitor?store_id=store_1 HTTP/1.1" 200 -
INFO:werkzeug:127.0.0.1 - - [14/Mar/2026 15:07:32] "GET /api/get_module_analytics/FallDetection?store_id=store_1 HTTP/1.1" 200 -
INFO:werkzeug:127.0.0.1 - - [14/Mar/2026 15:07:32] "GET /api/get_module_analytics/SmokingDetection?store_id=store_1 HTTP/1.1" 200 -
INFO:werkzeug:127.0.0.1 - - [14/Mar/2026 15:07:32] "GET /api/get_module_analytics/PersonSmokingDetection?store_id=store_1 HTTP/1.1" 200 -
INFO:werkzeug:127.0.0.1 - - [14/Mar/2026 15:07:32] "GET /api/get_module_analytics/CrowdDetection?store_id=store_1 HTTP/1.1" 200 -
INFO:werkzeug:127.0.0.1 - - [14/Mar/2026 15:07:32] "GET /api/get_module_analytics/IdleTimeMonitor?store_id=store_1 HTTP/1.1" 200 -
INFO:werkzeug:127.0.0.1 - - [14/Mar/2026 15:07:32] "[33mGET /static/images/icons/queue.png HTTP/1.1[0m" 404 -
INFO:werkzeug:127.0.0.1 - - [14/Mar/2026 15:07:32] "[33mGET /static/images/icons/ppe.png HTTP/1.1[0m" 404 -
INFO:werkzeug:127.0.0.1 - - [14/Mar/2026 15:07:32] "[33mGET /static/images/icons/uniform.png HTTP/1.1[0m" 404 -
INFO:werkzeug:127.0.0.1 - - [14/Mar/2026 15:07:32] "[33mGET /static/images/icons/cash.png HTTP/1.1[0m" 404 -
INFO:werkzeug:127.0.0.1 - - [14/Mar/2026 15:07:32] "[33mGET /static/images/icons/table_service.jpg HTTP/1.1[0m" 404 -
INFO:werkzeug:127.0.0.1 - - [14/Mar/2026 15:07:32] "[33mGET /static/images/icons/clean.jpg HTTP/1.1[0m" 404 -
INFO:werkzeug:127.0.0.1 - - [14/Mar/2026 15:07:32] "[33mGET /static/images/icons/un.png HTTP/1.1[0m" 404 -
INFO:werkzeug:127.0.0.1 - - [14/Mar/2026 15:07:32] "[33mGET /static/images/icons/theft.jpg HTTP/1.1[0m" 404 -
INFO:werkzeug:127.0.0.1 - - [14/Mar/2026 15:07:32] "[33mGET /static/images/icons/cig.jpg HTTP/1.1[0m" 404 -
INFO:werkzeug:127.0.0.1 - - [14/Mar/2026 15:07:32] "[33mGET /static/images/icons/crowd.jpg HTTP/1.1[0m" 404 -
INFO:werkzeug:127.0.0.1 - - [14/Mar/2026 15:07:32] "[33mGET /static/images/icons/fall.jpg HTTP/1.1[0m" 404 -
INFO:werkzeug:127.0.0.1 - - [14/Mar/2026 15:07:32] "[33mGET /static/images/icons/smoking.jpg HTTP/1.1[0m" 404 -
INFO:werkzeug:127.0.0.1 - - [14/Mar/2026 15:07:32] "[33mGET /static/images/icons/ideal.png HTTP/1.1[0m" 404 -
INFO:modules.cash_detection:💰 Cashdraw-open detected at 1773481052.7475564
INFO:__main__:Client disconnected
INFO:werkzeug:127.0.0.1 - - [14/Mar/2026 15:07:33] "GET /socket.io/?EIO=4&transport=websocket&sid=hzq8a1HWkIwbTrh4AAAA HTTP/1.1" 200 -
INFO:werkzeug:127.0.0.1 - - [14/Mar/2026 15:07:33] "GET /dashboard HTTP/1.1" 200 -
INFO:werkzeug:127.0.0.1 - - [14/Mar/2026 15:07:33] "[33mGET /static/images/sakshi-logo.png HTTP/1.1[0m" 404 -
INFO:werkzeug:127.0.0.1 - - [14/Mar/2026 15:07:33] "[33mGET /static/images/sakshi-logo.png HTTP/1.1[0m" 404 -
INFO:werkzeug:127.0.0.1 - - [14/Mar/2026 15:07:33] "GET /socket.io/?EIO=4&transport=polling&t=PphjKnW HTTP/1.1" 200 -
ERROR:__main__:Error reading legacy stores.json: Expecting value: line 1 column 1 (char 0)
INFO:werkzeug:127.0.0.1 - - [14/Mar/2026 15:07:33] "GET /api/get_channels/PeopleCounter HTTP/1.1" 200 -
INFO:werkzeug:127.0.0.1 - - [14/Mar/2026 15:07:33] "GET /api/get_stores HTTP/1.1" 200 -
INFO:werkzeug:127.0.0.1 - - [14/Mar/2026 15:07:33] "GET /api/get_smoking_snapshots?limit=50&store_id=store_1 HTTP/1.1" 200 -
INFO:__main__:Client connected
INFO:werkzeug:127.0.0.1 - - [14/Mar/2026 15:07:33] "POST /socket.io/?EIO=4&transport=polling&t=PphjKnc&sid=E8v-frTf402yWwxYAAAC HTTP/1.1" 200 -
INFO:werkzeug:127.0.0.1 - - [14/Mar/2026 15:07:33] "GET /socket.io/?EIO=4&transport=polling&t=PphjKnc.0&sid=E8v-frTf402yWwxYAAAC HTTP/1.1" 200 -
INFO:werkzeug:127.0.0.1 - - [14/Mar/2026 15:07:33] "GET /api/get_alert_gifs?alert_type=queue_alert&limit=20&store_id=store_1 HTTP/1.1" 200 -
INFO:werkzeug:127.0.0.1 - - [14/Mar/2026 15:07:33] "GET /api/get_cash_snapshots?limit=50&days=7&store_id=store_1 HTTP/1.1" 200 -
ERROR:__main__:Error reading legacy stores.json: Expecting value: line 1 column 1 (char 0)
INFO:werkzeug:127.0.0.1 - - [14/Mar/2026 15:07:33] "GET /socket.io/?EIO=4&transport=polling&t=PphjKnl&sid=E8v-frTf402yWwxYAAAC HTTP/1.1" 200 -
INFO:werkzeug:127.0.0.1 - - [14/Mar/2026 15:07:33] "GET /api/get_stores HTTP/1.1" 200 -
INFO:werkzeug:127.0.0.1 - - [14/Mar/2026 15:07:33] "GET /api/get_alert_gifs?alert_type=cash_detection_alert&limit=50&days=7&store_id=store_1 HTTP/1.1" 200 -
INFO:modules.service_discipline_monitor:[camera_6] 🪑 T_seated: Customer track 43 at table table_5
INFO:werkzeug:127.0.0.1 - - [14/Mar/2026 15:07:33] "GET /api/get_module_analytics/QueueMonitor?store_id=store_1 HTTP/1.1" 200 -
INFO:werkzeug:127.0.0.1 - - [14/Mar/2026 15:07:33] "GET /api/get_module_analytics/DressCodeMonitoring?store_id=store_1 HTTP/1.1" 200 -
INFO:werkzeug:127.0.0.1 - - [14/Mar/2026 15:07:33] "GET /api/get_module_analytics/PPEMonitoring?store_id=store_1 HTTP/1.1" 200 -
INFO:werkzeug:127.0.0.1 - - [14/Mar/2026 15:07:33] "GET /api/get_module_analytics/CashDetection?store_id=store_1 HTTP/1.1" 200 -
INFO:werkzeug:127.0.0.1 - - [14/Mar/2026 15:07:33] "GET /api/get_module_analytics/TableServiceMonitor?store_id=store_1 HTTP/1.1" 200 -
INFO:__main__:📊 Service Discipline Analytics: Querying violations from last 7 days (since 2026-03-07 15:07:33.328416+05:30 IST)
INFO:__main__:📊 Service Discipline Analytics: Found 42 total violations in database (last 7 days)
INFO:__main__:📊 Service Discipline Analytics: 42 relevant violations after filtering (excluded types: {'unclean_table', 'wrong_uniform', 'slow_reset'})
INFO:__main__:📊 Wait times found: 42 total, 42 order, 0 service
INFO:werkzeug:127.0.0.1 - - [14/Mar/2026 15:07:33] "GET /api/get_module_analytics/ServiceDisciplineMonitor?store_id=store_1 HTTP/1.1" 200 -
INFO:werkzeug:127.0.0.1 - - [14/Mar/2026 15:07:33] "GET /api/get_module_analytics/UnauthorizedEntryMonitor?store_id=store_1 HTTP/1.1" 200 -
INFO:werkzeug:127.0.0.1 - - [14/Mar/2026 15:07:33] "GET /api/get_module_analytics/MaterialTheftMonitor?store_id=store_1 HTTP/1.1" 200 -
INFO:werkzeug:127.0.0.1 - - [14/Mar/2026 15:07:33] "GET /api/get_module_analytics/FallDetection?store_id=store_1 HTTP/1.1" 200 -
INFO:werkzeug:127.0.0.1 - - [14/Mar/2026 15:07:33] "GET /api/get_module_analytics/SmokingDetection?store_id=store_1 HTTP/1.1" 200 -
INFO:werkzeug:127.0.0.1 - - [14/Mar/2026 15:07:33] "GET /api/get_module_analytics/PersonSmokingDetection?store_id=store_1 HTTP/1.1" 200 -
INFO:werkzeug:127.0.0.1 - - [14/Mar/2026 15:07:33] "GET /api/get_module_analytics/CrowdDetection?store_id=store_1 HTTP/1.1" 200 -
INFO:werkzeug:127.0.0.1 - - [14/Mar/2026 15:07:33] "GET /api/get_module_analytics/IdleTimeMonitor?store_id=store_1 HTTP/1.1" 200 -
INFO:werkzeug:127.0.0.1 - - [14/Mar/2026 15:07:33] "[33mGET /static/images/icons/queue.png HTTP/1.1[0m" 404 -
INFO:werkzeug:127.0.0.1 - - [14/Mar/2026 15:07:33] "[33mGET /static/images/icons/ppe.png HTTP/1.1[0m" 404 -
INFO:werkzeug:127.0.0.1 - - [14/Mar/2026 15:07:33] "[33mGET /static/images/icons/uniform.png HTTP/1.1[0m" 404 -
INFO:werkzeug:127.0.0.1 - - [14/Mar/2026 15:07:33] "[33mGET /static/images/icons/cash.png HTTP/1.1[0m" 404 -
INFO:werkzeug:127.0.0.1 - - [14/Mar/2026 15:07:33] "[33mGET /static/images/icons/clean.jpg HTTP/1.1[0m" 404 -
INFO:werkzeug:127.0.0.1 - - [14/Mar/2026 15:07:33] "[33mGET /static/images/icons/table_service.jpg HTTP/1.1[0m" 404 -
INFO:werkzeug:127.0.0.1 - - [14/Mar/2026 15:07:33] "[33mGET /static/images/icons/un.png HTTP/1.1[0m" 404 -
INFO:werkzeug:127.0.0.1 - - [14/Mar/2026 15:07:33] "[33mGET /static/images/icons/theft.jpg HTTP/1.1[0m" 404 -
INFO:werkzeug:127.0.0.1 - - [14/Mar/2026 15:07:33] "[33mGET /static/images/icons/fall.jpg HTTP/1.1[0m" 404 -
INFO:werkzeug:127.0.0.1 - - [14/Mar/2026 15:07:33] "[33mGET /static/images/icons/smoking.jpg HTTP/1.1[0m" 404 -
INFO:werkzeug:127.0.0.1 - - [14/Mar/2026 15:07:33] "[33mGET /static/images/icons/cig.jpg HTTP/1.1[0m" 404 -
INFO:werkzeug:127.0.0.1 - - [14/Mar/2026 15:07:33] "[33mGET /static/images/icons/crowd.jpg HTTP/1.1[0m" 404 -
INFO:werkzeug:127.0.0.1 - - [14/Mar/2026 15:07:33] "[33mGET /static/images/icons/ideal.png HTTP/1.1[0m" 404 -
INFO:modules.service_discipline_monitor:[camera_7] 🪑 T_seated: Customer track 82 at table table_6
INFO:modules.service_discipline_monitor:[camera_7] 🪑 T_seated: Customer track 85 at table table_6
INFO:modules.table_service_monitor:[camera_6] Table table_587_637: State changed to unclean (no person present, 5 consecutive detections, conf=0.868)
INFO:modules.cash_detection:💰 Cashdraw-open detected at 1773481057.562029
INFO:modules.service_discipline_monitor:[camera_4] 🪑 T_seated: Customer track 57 at table table_3
INFO:modules.dress_code_monitoring:📊 [camera_27] DressCode Frame 50: Total detections: 5
INFO:modules.dress_code_monitoring:   Counter ROI configured: False, Queue ROI configured: False
INFO:modules.dress_code_monitoring:   Allowed uniforms in counter: []
INFO:modules.dress_code_monitoring:   Detected classes: {'Hairnet': 5}
INFO:modules.dress_code_monitoring:   Detections by area: {'counter': 0, 'queue': 0, 'unknown': 0, 'everywhere': 5}
INFO:modules.dress_code_monitoring:   👔 Compliance items detected: ['Hairnet']
INFO:modules.yolo_detector:🔍 YOLO Detection Debug (call #60):
INFO:modules.yolo_detector:   - Model: models/yolo11n.pt
INFO:modules.yolo_detector:   - Person class ID expected: 0
INFO:modules.yolo_detector:   - Confidence threshold: 0.5
INFO:modules.yolo_detector:   - All detections (conf>=0.25): 6
INFO:modules.yolo_detector:   - All classes found: [(0, 0.5175801515579224), (0, 0.6475920081138611), (0, 0.6938273906707764), (0, 0.8000637292861938), (0, 0.8404444456100464), (0, 0.9226239919662476)]
INFO:modules.yolo_detector:   - Person detections (class=0, conf>=0.5): 6
INFO:modules.yolo_detector:   - Sample person detection: bbox=[1, 141, 271, 670], conf=0.92, center=(136, 405)
INFO:modules.yolo_detector:🔍 YOLO Detection Debug (call #60):
INFO:modules.yolo_detector:   - Model: models/yolo11n.pt
INFO:modules.yolo_detector:   - Person class ID expected: 0
INFO:modules.yolo_detector:   - Confidence threshold: 0.5
INFO:modules.yolo_detector:   - All detections (conf>=0.25): 6
INFO:modules.yolo_detector:   - All classes found: [(0, 0.32516103982925415), (0, 0.34651172161102295), (0, 0.5639792084693909), (0, 0.7270622253417969), (0, 0.8020833730697632), (0, 0.9054980278015137)]
INFO:modules.yolo_detector:   - Person detections (class=0, conf>=0.5): 4
INFO:modules.yolo_detector:   - Sample person detection: bbox=[832, 266, 1262, 716], conf=0.91, center=(1047, 491)
INFO:modules.table_service_monitor:[camera_6] Table table_578_637: State changed to unclean (no person present, 5 consecutive detections, conf=0.876)
INFO:modules.yolo_detector:🔍 YOLO Detection Debug (call #30):
INFO:modules.yolo_detector:   - Model: models/yolo11n.pt
INFO:modules.yolo_detector:   - Person class ID expected: 0
INFO:modules.yolo_detector:   - Confidence threshold: 0.4
INFO:modules.yolo_detector:   - All detections (conf>=0.25): 0
WARNING:modules.yolo_detector:   - ⚠️ No detections found at all (conf>=0.25)!
INFO:modules.yolo_detector:   - Person detections (class=0, conf>=0.4): 0
WARNING:modules.yolo_detector:   - ⚠️ No detections found - model may not be detecting anything in this frame
INFO:modules.material_theft_monitor:[camera_15] Person detection: Found 1 person(s) in frame
INFO:modules.material_theft_monitor:[camera_15] MaterialTheft Frame 120: item_detected=False, prev_detected=False, persons_nearby=False, cooldown_remaining=0.0s
INFO:modules.yolo_detector:🔍 YOLO Detection Debug (call #120):
INFO:modules.yolo_detector:   - Model: models/yolo11n.pt
INFO:modules.yolo_detector:   - Person class ID expected: 0
INFO:modules.yolo_detector:   - Confidence threshold: 0.25
INFO:modules.yolo_detector:   - All detections (conf>=0.25): 7
INFO:modules.yolo_detector:   - All classes found: [(0, 0.2593104839324951), (0, 0.31458091735839844), (0, 0.3265864849090576), (0, 0.35427403450012207), (0, 0.4490489363670349), (0, 0.5460160374641418), (0, 0.6166092157363892)]
INFO:modules.yolo_detector:   - Person detections (class=0, conf>=0.25): 7
INFO:modules.yolo_detector:   - Sample person detection: bbox=[625, 130, 711, 422], conf=0.62, center=(668, 276)
INFO:modules.yolo_detector:🔍 YOLO Detection Debug (call #120):
INFO:modules.yolo_detector:   - Model: models/yolo11n.pt
INFO:modules.yolo_detector:   - Person class ID expected: 0
INFO:modules.yolo_detector:   - Confidence threshold: 0.25
INFO:modules.yolo_detector:   - All detections (conf>=0.25): 2
INFO:modules.yolo_detector:   - All classes found: [(0, 0.3510783314704895), (0, 0.6949924826622009)]
INFO:modules.yolo_detector:   - Person detections (class=0, conf>=0.25): 2
INFO:modules.yolo_detector:   - Sample person detection: bbox=[683, 137, 758, 467], conf=0.69, center=(720, 302)
INFO:modules.queue_monitor:[camera_1] Frame 120 detections:
INFO:modules.queue_monitor:  total=6, queue=0, counter=0, outside=6
INFO:modules.queue_monitor:  Queue ROI configured: False
INFO:modules.queue_monitor:  Counter ROI configured: False
INFO:modules.queue_monitor:  All detections classification:
INFO:modules.queue_monitor:    Det 1: bbox=[1, 141, 271, 670], center=(136, 405), area=none
INFO:modules.queue_monitor:    Det 2: bbox=[499, 60, 805, 452], center=(652, 256), area=none
INFO:modules.queue_monitor:    Det 3: bbox=[808, 2, 963, 306], center=(885, 154), area=none
INFO:modules.queue_monitor:    Det 4: bbox=[80, 77, 242, 368], center=(161, 222), area=none
INFO:modules.queue_monitor:    Det 5: bbox=[1018, 262, 1279, 684], center=(1148, 473), area=none
INFO:modules.queue_monitor:[camera_1] Queue tracking debug (Frame 120):
INFO:modules.queue_monitor:  Detections passed to tracking: 0
INFO:modules.queue_monitor:  Active tracks in queue area: 0
INFO:modules.queue_monitor:  Dwell time threshold: 5.0s
INFO:modules.queue_monitor:  Final count: 0
INFO:modules.queue_monitor:[camera_1] Frame 120 tracking results:
INFO:modules.queue_monitor:  Counter detections passed to tracking: 0
INFO:modules.queue_monitor:  Counter count after tracking: 0
INFO:modules.queue_monitor:  Dwell time threshold: 0.0
INFO:modules.queue_monitor:  Uniform fallback enabled: True
INFO:modules.queue_monitor:[camera_1] 📊 Queue Monitor Status (Frame 120):
INFO:modules.queue_monitor:  Queue count: 0, Counter count: 0
INFO:modules.queue_monitor:  Settings: queue_threshold=3, wait_threshold=120.0s
INFO:modules.queue_monitor:  Last alert: Never
INFO:modules.queue_monitor:[camera_2] Frame 120 detections:
INFO:modules.queue_monitor:  total=4, queue=0, counter=0, outside=4
INFO:modules.queue_monitor:  Queue ROI configured: False
INFO:modules.queue_monitor:  Counter ROI configured: False
INFO:modules.queue_monitor:  All detections classification:
INFO:modules.queue_monitor:    Det 1: bbox=[832, 266, 1262, 716], center=(1047, 491), area=none
INFO:modules.queue_monitor:    Det 2: bbox=[261, 60, 408, 243], center=(334, 151), area=none
INFO:modules.queue_monitor:    Det 3: bbox=[70, 408, 366, 641], center=(218, 524), area=none
INFO:modules.queue_monitor:    Det 4: bbox=[394, 41, 476, 155], center=(435, 98), area=none
INFO:modules.queue_monitor:[camera_2] Queue tracking debug (Frame 120):
INFO:modules.queue_monitor:  Detections passed to tracking: 0
INFO:modules.queue_monitor:  Active tracks in queue area: 0
INFO:modules.queue_monitor:  Dwell time threshold: 5.0s
INFO:modules.queue_monitor:  Final count: 0
INFO:modules.queue_monitor:[camera_2] Frame 120 tracking results:
INFO:modules.queue_monitor:  Counter detections passed to tracking: 0
INFO:modules.queue_monitor:  Counter count after tracking: 0
INFO:modules.queue_monitor:  Dwell time threshold: 0.0
INFO:modules.queue_monitor:  Uniform fallback enabled: True
INFO:modules.queue_monitor:[camera_2] 📊 Queue Monitor Status (Frame 120):
INFO:modules.queue_monitor:  Queue count: 0, Counter count: 0
INFO:modules.queue_monitor:  Settings: queue_threshold=3, wait_threshold=120.0s
INFO:modules.queue_monitor:  Last alert: Never
INFO:modules.yolo_detector:🔍 YOLO Detection Debug (call #120):
INFO:modules.yolo_detector:   - Model: models/yolo11n.pt
INFO:modules.yolo_detector:   - Person class ID expected: 0
INFO:modules.yolo_detector:   - Confidence threshold: 0.25
INFO:modules.yolo_detector:   - All detections (conf>=0.25): 6
INFO:modules.yolo_detector:   - All classes found: [(0, 0.26893413066864014), (0, 0.2775510847568512), (0, 0.5321639776229858), (0, 0.662152111530304), (0, 0.7688303589820862), (0, 0.900116503238678)]
INFO:modules.yolo_detector:   - Person detections (class=0, conf>=0.25): 6
INFO:modules.yolo_detector:   - Sample person detection: bbox=[404, 182, 548, 462], conf=0.90, center=(476, 322)
INFO:modules.yolo_detector:🔍 YOLO Detection Debug (call #120):
INFO:modules.yolo_detector:   - Model: models/yolo11n.pt
INFO:modules.yolo_detector:   - Person class ID expected: 0
INFO:modules.yolo_detector:   - Confidence threshold: 0.25
INFO:modules.yolo_detector:   - All detections (conf>=0.25): 3
INFO:modules.yolo_detector:   - All classes found: [(0, 0.2551177144050598), (0, 0.44125550985336304), (0, 0.651084303855896)]
INFO:modules.yolo_detector:   - Person detections (class=0, conf>=0.25): 3
INFO:modules.yolo_detector:   - Sample person detection: bbox=[503, 47, 558, 106], conf=0.65, center=(530, 76)
INFO:modules.yolo_detector:🔍 YOLO Detection Debug (call #120):
INFO:modules.yolo_detector:   - Model: models/yolo11n.pt
INFO:modules.yolo_detector:   - Person class ID expected: 0
INFO:modules.yolo_detector:   - Confidence threshold: 0.25
INFO:modules.yolo_detector:   - All detections (conf>=0.25): 5
INFO:modules.yolo_detector:   - All classes found: [(0, 0.34137168526649475), (0, 0.37610459327697754), (0, 0.4622702896595001), (0, 0.6690980792045593), (0, 0.8313241600990295)]
INFO:modules.yolo_detector:   - Person detections (class=0, conf>=0.25): 5
INFO:modules.yolo_detector:   - Sample person detection: bbox=[854, 210, 1016, 476], conf=0.83, center=(935, 343)
INFO:modules.yolo_detector:🔍 YOLO Detection Debug (call #120):
INFO:modules.yolo_detector:   - Model: models/yolo11n.pt
INFO:modules.yolo_detector:   - Person class ID expected: 0
INFO:modules.yolo_detector:   - Confidence threshold: 0.25
INFO:modules.yolo_detector:   - All detections (conf>=0.25): 4
INFO:modules.yolo_detector:   - All classes found: [(0, 0.29756683111190796), (0, 0.48018109798431396), (0, 0.5004856586456299), (0, 0.5421117544174194)]
INFO:modules.yolo_detector:   - Person detections (class=0, conf>=0.25): 4
INFO:modules.yolo_detector:   - Sample person detection: bbox=[65, 255, 139, 406], conf=0.54, center=(102, 330)
INFO:modules.yolo_detector:🔍 YOLO Detection Debug (call #120):
INFO:modules.yolo_detector:   - Model: models/yolo11n.pt
INFO:modules.yolo_detector:   - Person class ID expected: 0
INFO:modules.yolo_detector:   - Confidence threshold: 0.25
INFO:modules.yolo_detector:   - All detections (conf>=0.25): 15
INFO:modules.yolo_detector:   - All classes found: [(0, 0.3041623532772064), (0, 0.3087972104549408), (0, 0.3319584131240845), (0, 0.3962651491165161), (0, 0.42729344964027405), (0, 0.49043652415275574), (0, 0.5090288519859314), (0, 0.5254719257354736), (0, 0.5775153636932373), (0, 0.6106788516044617), (0, 0.6446317434310913), (0, 0.6971626877784729), (0, 0.7466035485267639), (0, 0.8252365589141846), (0, 0.8307161927223206)]
INFO:modules.yolo_detector:   - Person detections (class=0, conf>=0.25): 15
INFO:modules.yolo_detector:   - Sample person detection: bbox=[81, 458, 329, 689], conf=0.83, center=(205, 573)
INFO:modules.yolo_detector:🔍 YOLO Detection Debug (call #60):
INFO:modules.yolo_detector:   - Model: models/yolo11n.pt
INFO:modules.yolo_detector:   - Person class ID expected: 0
INFO:modules.yolo_detector:   - Confidence threshold: 0.5
INFO:modules.yolo_detector:   - All detections (conf>=0.25): 2
INFO:modules.yolo_detector:   - All classes found: [(0, 0.2554250955581665), (0, 0.4926220774650574)]
INFO:modules.yolo_detector:   - Person detections (class=0, conf>=0.5): 0
WARNING:modules.yolo_detector:   - ⚠️ Found 2 detections but NONE are person class 0!
INFO:modules.yolo_detector:🔍 YOLO Detection Debug (call #120):
INFO:modules.yolo_detector:   - Model: models/yolo11n.pt
INFO:modules.yolo_detector:   - Person class ID expected: 0
INFO:modules.yolo_detector:   - Confidence threshold: 0.25
INFO:modules.yolo_detector:   - All detections (conf>=0.25): 3
INFO:modules.yolo_detector:   - All classes found: [(0, 0.2599073648452759), (0, 0.3658812642097473), (0, 0.41659045219421387)]
INFO:modules.yolo_detector:   - Person detections (class=0, conf>=0.25): 3
INFO:modules.yolo_detector:   - Sample person detection: bbox=[645, 137, 704, 243], conf=0.42, center=(674, 190)
INFO:modules.service_discipline_monitor:[camera_6] 🪑 T_seated: Customer track 49 at table table_5
INFO:modules.queue_monitor:[camera_17] Frame 120 detections:
INFO:modules.queue_monitor:  total=0, queue=0, counter=0, outside=0
INFO:modules.queue_monitor:  Queue ROI configured: False
INFO:modules.queue_monitor:  Counter ROI configured: False
INFO:modules.queue_monitor:[camera_17] Queue tracking debug (Frame 120):
INFO:modules.queue_monitor:  Detections passed to tracking: 0
INFO:modules.queue_monitor:  Active tracks in queue area: 0
INFO:modules.queue_monitor:  Dwell time threshold: 5.0s
INFO:modules.queue_monitor:  Final count: 0
INFO:modules.queue_monitor:[camera_17] Frame 120 tracking results:
INFO:modules.queue_monitor:  Counter detections passed to tracking: 0
INFO:modules.queue_monitor:  Counter count after tracking: 0
INFO:modules.queue_monitor:  Dwell time threshold: 0.0
INFO:modules.queue_monitor:  Uniform fallback enabled: True
INFO:modules.queue_monitor:[camera_17] 📊 Queue Monitor Status (Frame 120):
INFO:modules.queue_monitor:  Queue count: 0, Counter count: 0
INFO:modules.queue_monitor:  Settings: queue_threshold=3, wait_threshold=120.0s
INFO:modules.queue_monitor:  Last alert: Never
INFO:modules.table_service_monitor:[camera_6] Table table_586_637: State changed to unclean (no person present, 5 consecutive detections, conf=0.866)
INFO:__main__:Client disconnected
INFO:werkzeug:127.0.0.1 - - [14/Mar/2026 15:08:12] "GET /socket.io/?EIO=4&transport=websocket&sid=E8v-frTf402yWwxYAAAC HTTP/1.1" 200 -
INFO:werkzeug:127.0.0.1 - - [14/Mar/2026 15:08:12] "GET /dashboard HTTP/1.1" 200 -
INFO:werkzeug:127.0.0.1 - - [14/Mar/2026 15:08:12] "[33mGET /static/images/sakshi-logo.png HTTP/1.1[0m" 404 -
INFO:werkzeug:127.0.0.1 - - [14/Mar/2026 15:08:12] "[33mGET /static/images/sakshi-logo.png HTTP/1.1[0m" 404 -
INFO:werkzeug:127.0.0.1 - - [14/Mar/2026 15:08:12] "GET /socket.io/?EIO=4&transport=polling&t=PphjUHl HTTP/1.1" 200 -
INFO:werkzeug:127.0.0.1 - - [14/Mar/2026 15:08:12] "GET /api/get_channels/PeopleCounter HTTP/1.1" 200 -
ERROR:__main__:Error reading legacy stores.json: Expecting value: line 1 column 1 (char 0)
INFO:werkzeug:127.0.0.1 - - [14/Mar/2026 15:08:12] "GET /api/get_alert_gifs?alert_type=queue_alert&limit=20&store_id=store_1 HTTP/1.1" 200 -
INFO:__main__:Client connected
INFO:werkzeug:127.0.0.1 - - [14/Mar/2026 15:08:12] "GET /api/get_stores HTTP/1.1" 200 -
INFO:werkzeug:127.0.0.1 - - [14/Mar/2026 15:08:12] "GET /api/get_smoking_snapshots?limit=50&store_id=store_1 HTTP/1.1" 200 -
INFO:werkzeug:127.0.0.1 - - [14/Mar/2026 15:08:12] "POST /socket.io/?EIO=4&transport=polling&t=PphjUHt&sid=R2uPS9PZK0LKtdHPAAAE HTTP/1.1" 200 -
INFO:werkzeug:127.0.0.1 - - [14/Mar/2026 15:08:12] "GET /socket.io/?EIO=4&transport=polling&t=PphjUHu&sid=R2uPS9PZK0LKtdHPAAAE HTTP/1.1" 200 -
INFO:werkzeug:127.0.0.1 - - [14/Mar/2026 15:08:12] "GET /api/get_cash_snapshots?limit=50&days=7&store_id=store_1 HTTP/1.1" 200 -
ERROR:__main__:Error reading legacy stores.json: Expecting value: line 1 column 1 (char 0)
INFO:werkzeug:127.0.0.1 - - [14/Mar/2026 15:08:12] "GET /api/get_stores HTTP/1.1" 200 -
INFO:werkzeug:127.0.0.1 - - [14/Mar/2026 15:08:12] "GET /api/get_alert_gifs?alert_type=cash_detection_alert&limit=50&days=7&store_id=store_1 HTTP/1.1" 200 -
INFO:werkzeug:127.0.0.1 - - [14/Mar/2026 15:08:12] "GET /api/get_module_analytics/QueueMonitor?store_id=store_1 HTTP/1.1" 200 -
INFO:modules.table_service_monitor:[camera_6] Table table_592_636: State changed to unclean (no person present, 5 consecutive detections, conf=0.861)
INFO:werkzeug:127.0.0.1 - - [14/Mar/2026 15:08:12] "GET /api/get_module_analytics/DressCodeMonitoring?store_id=store_1 HTTP/1.1" 200 -
INFO:werkzeug:127.0.0.1 - - [14/Mar/2026 15:08:12] "GET /api/get_module_analytics/PPEMonitoring?store_id=store_1 HTTP/1.1" 200 -
INFO:werkzeug:127.0.0.1 - - [14/Mar/2026 15:08:12] "GET /api/get_module_analytics/CashDetection?store_id=store_1 HTTP/1.1" 200 -
INFO:werkzeug:127.0.0.1 - - [14/Mar/2026 15:08:12] "GET /api/get_module_analytics/TableServiceMonitor?store_id=store_1 HTTP/1.1" 200 -
INFO:__main__:📊 Service Discipline Analytics: Querying violations from last 7 days (since 2026-03-07 15:08:12.268081+05:30 IST)
INFO:__main__:📊 Service Discipline Analytics: Found 42 total violations in database (last 7 days)
INFO:__main__:📊 Service Discipline Analytics: 42 relevant violations after filtering (excluded types: {'unclean_table', 'wrong_uniform', 'slow_reset'})
INFO:__main__:📊 Wait times found: 42 total, 42 order, 0 service
INFO:werkzeug:127.0.0.1 - - [14/Mar/2026 15:08:12] "GET /api/get_module_analytics/ServiceDisciplineMonitor?store_id=store_1 HTTP/1.1" 200 -
INFO:werkzeug:127.0.0.1 - - [14/Mar/2026 15:08:12] "GET /api/get_module_analytics/UnauthorizedEntryMonitor?store_id=store_1 HTTP/1.1" 200 -
INFO:werkzeug:127.0.0.1 - - [14/Mar/2026 15:08:12] "GET /api/get_module_analytics/MaterialTheftMonitor?store_id=store_1 HTTP/1.1" 200 -
INFO:werkzeug:127.0.0.1 - - [14/Mar/2026 15:08:12] "GET /api/get_module_analytics/FallDetection?store_id=store_1 HTTP/1.1" 200 -
INFO:werkzeug:127.0.0.1 - - [14/Mar/2026 15:08:12] "GET /api/get_module_analytics/SmokingDetection?store_id=store_1 HTTP/1.1" 200 -
INFO:werkzeug:127.0.0.1 - - [14/Mar/2026 15:08:12] "GET /api/get_module_analytics/PersonSmokingDetection?store_id=store_1 HTTP/1.1" 200 -
INFO:werkzeug:127.0.0.1 - - [14/Mar/2026 15:08:12] "GET /api/get_module_analytics/CrowdDetection?store_id=store_1 HTTP/1.1" 200 -
INFO:werkzeug:127.0.0.1 - - [14/Mar/2026 15:08:12] "GET /api/get_module_analytics/IdleTimeMonitor?store_id=store_1 HTTP/1.1" 200 -
INFO:werkzeug:127.0.0.1 - - [14/Mar/2026 15:08:12] "[33mGET /static/images/icons/queue.png HTTP/1.1[0m" 404 -
INFO:werkzeug:127.0.0.1 - - [14/Mar/2026 15:08:12] "[33mGET /static/images/icons/uniform.png HTTP/1.1[0m" 404 -
INFO:werkzeug:127.0.0.1 - - [14/Mar/2026 15:08:12] "[33mGET /static/images/icons/ppe.png HTTP/1.1[0m" 404 -
INFO:werkzeug:127.0.0.1 - - [14/Mar/2026 15:08:12] "[33mGET /static/images/icons/cash.png HTTP/1.1[0m" 404 -
INFO:werkzeug:127.0.0.1 - - [14/Mar/2026 15:08:12] "[33mGET /static/images/icons/clean.jpg HTTP/1.1[0m" 404 -
INFO:werkzeug:127.0.0.1 - - [14/Mar/2026 15:08:12] "[33mGET /static/images/icons/table_service.jpg HTTP/1.1[0m" 404 -
INFO:werkzeug:127.0.0.1 - - [14/Mar/2026 15:08:12] "[33mGET /static/images/icons/theft.jpg HTTP/1.1[0m" 404 -
INFO:werkzeug:127.0.0.1 - - [14/Mar/2026 15:08:12] "[33mGET /static/images/icons/un.png HTTP/1.1[0m" 404 -
INFO:werkzeug:127.0.0.1 - - [14/Mar/2026 15:08:12] "[33mGET /static/images/icons/fall.jpg HTTP/1.1[0m" 404 -
INFO:werkzeug:127.0.0.1 - - [14/Mar/2026 15:08:12] "[33mGET /static/images/icons/smoking.jpg HTTP/1.1[0m" 404 -
INFO:werkzeug:127.0.0.1 - - [14/Mar/2026 15:08:12] "[33mGET /static/images/icons/cig.jpg HTTP/1.1[0m" 404 -
INFO:werkzeug:127.0.0.1 - - [14/Mar/2026 15:08:12] "[33mGET /static/images/icons/crowd.jpg HTTP/1.1[0m" 404 -
INFO:werkzeug:127.0.0.1 - - [14/Mar/2026 15:08:12] "[33mGET /static/images/icons/ideal.png HTTP/1.1[0m" 404 -
WARNING:modules.table_service_monitor:[camera_6] Table table_592_636 unclean violation: Table has been unclean for 2.6s
INFO:modules.table_service_monitor:[camera_6] 🎬 Starting GIF recording for unclean table table_592_636
INFO:modules.gif_recorder:Started alert GIF recording for: Unclean table table_592_636 detected (unclean for 2.6s)
INFO:modules.table_service_monitor:Unclean table violation snapshot saved: static/table_service_violations/unclean_table_table_592_636_camera_6_20260314_150814.jpg
INFO:modules.table_service_monitor:[camera_6] 📸 Unclean table snapshot saved: static/table_service_violations/unclean_table_table_592_636_camera_6_20260314_150814.jpg
INFO:modules.database:Table cleanliness violation saved: type=unclean_table, table=table_592_636, channel=camera_6
INFO:modules.telegram_notifier:Sending Telegram alert with image: static/table_service_violations/unclean_table_table_592_636_camera_6_20260314_150814.jpg
INFO:modules.telegram_notifier:✅ Telegram photo sent successfully: unclean_table_table_592_636_camera_6_20260314_150814.jpg (362.3KB)
INFO:modules.table_service_monitor:[camera_6] ✅ Table cleanliness saved: unclean_table for table_592_636 (GIF recording in progress)
INFO:modules.gif_recorder:GIF saved: static/alerts/alert_20260314_150814.gif (32 frames, 200ms/frame)
INFO:modules.gif_recorder:Alert GIF created: static/alerts/alert_20260314_150814.gif (32 frames)
INFO:modules.table_service_monitor:[camera_6] 🎬 GIF recording completed!
INFO:modules.table_service_monitor:[camera_6] ✅ Updated violation 8 with GIF path: static/alerts/alert_20260314_150814.gif
INFO:modules.telegram_notifier:Sending Telegram alert with image: static/alerts/alert_20260314_150814.gif
WARNING:modules.telegram_notifier:Telegram API error: 429 - {"ok":false,"error_code":429,"description":"Too Many Requests: retry after 143","parameters":{"retry_after":143}}
INFO:modules.telegram_notifier:Sending Telegram alert with image: static/alerts/alert_20260314_150814.gif
WARNING:modules.telegram_notifier:Telegram API error: 429 - {"ok":false,"error_code":429,"description":"Too Many Requests: retry after 141","parameters":{"retry_after":141}}
INFO:modules.table_service_monitor:[camera_6] ✅ Telegram alert sent with GIF: alert_20260314_150814.gif
INFO:modules.table_service_monitor:[camera_6] ✅ Table service alert GIF saved to database: alert_20260314_150814.gif
WARNING:modules.service_discipline_monitor:[camera_8] ⚠️ APPROACHING THRESHOLD: Table table_7, customer 69: Order wait 271.0s (threshold: 300.0s, remaining: 29.0s)
INFO:modules.service_discipline_monitor:[camera_18] 🪑 T_seated: Customer track 17 at table table_8
WARNING:modules.service_discipline_monitor:[camera_8] ⚠️ APPROACHING THRESHOLD: Table table_7, customer 69: Order wait 273.5s (threshold: 300.0s, remaining: 26.5s)
INFO:modules.service_discipline_monitor:[camera_4] 🪑 T_seated: Customer track 78 at table table_2
WARNING:modules.service_discipline_monitor:[camera_8] ⚠️ APPROACHING THRESHOLD: Table table_7, customer 69: Order wait 275.8s (threshold: 300.0s, remaining: 24.2s)
INFO:modules.service_discipline_monitor:[camera_8] 🪑 T_seated: Customer track 116 at table table_7
WARNING:modules.service_discipline_monitor:[camera_8] ⚠️ APPROACHING THRESHOLD: Table table_7, customer 69: Order wait 278.1s (threshold: 300.0s, remaining: 21.9s)
WARNING:modules.service_discipline_monitor:[camera_8] ⚠️ APPROACHING THRESHOLD: Table table_7, customer 69: Order wait 280.4s (threshold: 300.0s, remaining: 19.6s)
INFO:modules.table_service_monitor:[camera_6] Table table_582_636: State changed to unclean (no person present, 5 consecutive detections, conf=0.855)
WARNING:modules.service_discipline_monitor:[camera_8] ⚠️ APPROACHING THRESHOLD: Table table_7, customer 69: Order wait 282.7s (threshold: 300.0s, remaining: 17.3s)
WARNING:modules.service_discipline_monitor:[camera_8] ⚠️ APPROACHING THRESHOLD: Table table_7, customer 69: Order wait 285.3s (threshold: 300.0s, remaining: 14.7s)
WARNING:modules.service_discipline_monitor:[camera_8] ⚠️ APPROACHING THRESHOLD: Table table_7, customer 69: Order wait 287.7s (threshold: 300.0s, remaining: 12.3s)
WARNING:modules.service_discipline_monitor:[camera_8] ⚠️ APPROACHING THRESHOLD: Table table_7, customer 69: Order wait 290.0s (threshold: 300.0s, remaining: 10.0s)
WARNING:modules.service_discipline_monitor:[camera_8] ⚠️ APPROACHING THRESHOLD: Table table_7, customer 69: Order wait 292.3s (threshold: 300.0s, remaining: 7.7s)
INFO:modules.table_service_monitor:[camera_6] Table table_585_637: State changed to unclean (no person present, 5 consecutive detections, conf=0.866)
WARNING:modules.service_discipline_monitor:[camera_8] ⚠️ APPROACHING THRESHOLD: Table table_7, customer 69: Order wait 294.6s (threshold: 300.0s, remaining: 5.4s)
INFO:modules.yolo_detector:🔍 YOLO Detection Debug (call #30):
INFO:modules.yolo_detector:   - Model: models/yolo11n.pt
INFO:modules.yolo_detector:   - Person class ID expected: 0
INFO:modules.yolo_detector:   - Confidence threshold: 0.25
INFO:modules.yolo_detector:   - All detections (conf>=0.25): 3
INFO:modules.yolo_detector:   - All classes found: [(0, 0.35373106598854065), (0, 0.43849337100982666), (0, 0.5803723335266113)]
INFO:modules.yolo_detector:   - Person detections (class=0, conf>=0.25): 3
INFO:modules.yolo_detector:   - Sample person detection: bbox=[512, 473, 647, 718], conf=0.58, center=(579, 595)
INFO:modules.yolo_detector:🔍 YOLO Detection Debug (call #30):
INFO:modules.yolo_detector:   - Model: models/yolo11n.pt
INFO:modules.yolo_detector:   - Person class ID expected: 0
INFO:modules.yolo_detector:   - Confidence threshold: 0.25
INFO:modules.yolo_detector:   - All detections (conf>=0.25): 2
INFO:modules.yolo_detector:   - All classes found: [(0, 0.32186368107795715), (0, 0.5166172385215759)]
INFO:modules.yolo_detector:   - Person detections (class=0, conf>=0.25): 2
INFO:modules.yolo_detector:   - Sample person detection: bbox=[602, 164, 688, 462], conf=0.52, center=(645, 313)
INFO:modules.yolo_detector:🔍 YOLO Detection Debug (call #30):
INFO:modules.yolo_detector:   - Model: models/yolo11n.pt
INFO:modules.yolo_detector:   - Person class ID expected: 0
INFO:modules.yolo_detector:   - Confidence threshold: 0.25
INFO:modules.yolo_detector:   - All detections (conf>=0.25): 2
INFO:modules.yolo_detector:   - All classes found: [(0, 0.6368160843849182), (0, 0.7590211033821106)]
INFO:modules.yolo_detector:   - Person detections (class=0, conf>=0.25): 2
INFO:modules.yolo_detector:   - Sample person detection: bbox=[439, 90, 524, 240], conf=0.76, center=(481, 165)
INFO:modules.yolo_detector:🔍 YOLO Detection Debug (call #30):
INFO:modules.yolo_detector:   - Model: models/yolo11n.pt
INFO:modules.yolo_detector:   - Person class ID expected: 0
INFO:modules.yolo_detector:   - Confidence threshold: 0.25
INFO:modules.yolo_detector:   - All detections (conf>=0.25): 4
INFO:modules.yolo_detector:   - All classes found: [(0, 0.2681361138820648), (0, 0.2711440622806549), (0, 0.297435462474823), (0, 0.3295608162879944)]
INFO:modules.yolo_detector:   - Person detections (class=0, conf>=0.25): 4
INFO:modules.yolo_detector:   - Sample person detection: bbox=[267, 64, 312, 111], conf=0.33, center=(289, 87)
INFO:modules.yolo_detector:🔍 YOLO Detection Debug (call #30):
INFO:modules.yolo_detector:   - Model: models/yolo11n.pt
INFO:modules.yolo_detector:   - Person class ID expected: 0
INFO:modules.yolo_detector:   - Confidence threshold: 0.25
INFO:modules.yolo_detector:   - All detections (conf>=0.25): 5
INFO:modules.yolo_detector:   - All classes found: [(0, 0.2561633288860321), (0, 0.41326820850372314), (0, 0.4466377794742584), (0, 0.6503409147262573), (0, 0.8536010384559631)]
INFO:modules.yolo_detector:   - Person detections (class=0, conf>=0.25): 5
INFO:modules.yolo_detector:   - Sample person detection: bbox=[851, 232, 1002, 494], conf=0.85, center=(926, 363)
WARNING:modules.table_service_monitor:[camera_6] Table table_585_637 unclean violation: Table has been unclean for 2.4s
INFO:modules.table_service_monitor:[camera_6] 🎬 Starting GIF recording for unclean table table_585_637
INFO:modules.gif_recorder:Started alert GIF recording for: Unclean table table_585_637 detected (unclean for 2.4s)
INFO:modules.table_service_monitor:Unclean table violation snapshot saved: static/table_service_violations/unclean_table_table_585_637_camera_6_20260314_150858.jpg
INFO:modules.table_service_monitor:[camera_6] 📸 Unclean table snapshot saved: static/table_service_violations/unclean_table_table_585_637_camera_6_20260314_150858.jpg
INFO:modules.database:Table cleanliness violation saved: type=unclean_table, table=table_585_637, channel=camera_6
INFO:modules.telegram_notifier:Sending Telegram alert with image: static/table_service_violations/unclean_table_table_585_637_camera_6_20260314_150858.jpg
INFO:modules.telegram_notifier:✅ Telegram photo sent successfully: unclean_table_table_585_637_camera_6_20260314_150858.jpg (356.9KB)
INFO:modules.table_service_monitor:[camera_6] ✅ Table cleanliness saved: unclean_table for table_585_637 (GIF recording in progress)
INFO:modules.yolo_detector:🔍 YOLO Detection Debug (call #30):
INFO:modules.yolo_detector:   - Model: models/yolo11n.pt
INFO:modules.yolo_detector:   - Person class ID expected: 0
INFO:modules.yolo_detector:   - Confidence threshold: 0.25
INFO:modules.yolo_detector:   - All detections (conf>=0.25): 9
INFO:modules.yolo_detector:   - All classes found: [(0, 0.25293833017349243), (0, 0.27664464712142944), (0, 0.36497145891189575), (0, 0.3876694142818451), (0, 0.4282247722148895), (0, 0.539266049861908), (0, 0.7992562055587769), (0, 0.8127049207687378), (0, 0.8717195987701416)]
INFO:modules.yolo_detector:   - Person detections (class=0, conf>=0.25): 9
INFO:modules.yolo_detector:   - Sample person detection: bbox=[772, 321, 998, 547], conf=0.87, center=(885, 434)
INFO:modules.yolo_detector:🔍 YOLO Detection Debug (call #30):
INFO:modules.yolo_detector:   - Model: models/yolo11n.pt
INFO:modules.yolo_detector:   - Person class ID expected: 0
INFO:modules.yolo_detector:   - Confidence threshold: 0.25
INFO:modules.yolo_detector:   - All detections (conf>=0.25): 8
INFO:modules.yolo_detector:   - All classes found: [(0, 0.3414817750453949), (0, 0.35059669613838196), (0, 0.3668096363544464), (0, 0.6321547627449036), (0, 0.633276104927063), (0, 0.6898005604743958), (0, 0.8026233315467834), (0, 0.8461396098136902)]
INFO:modules.yolo_detector:   - Person detections (class=0, conf>=0.25): 8
INFO:modules.yolo_detector:   - Sample person detection: bbox=[622, 320, 883, 521], conf=0.85, center=(752, 420)
WARNING:modules.service_discipline_monitor:[camera_8] ⚠️ APPROACHING THRESHOLD: Table table_7, customer 69: Order wait 298.5s (threshold: 300.0s, remaining: 1.5s)
WARNING:modules.service_discipline_monitor:[camera_8] ⚠️ APPROACHING THRESHOLD: Table table_7, customer 3: Order wait 270.2s (threshold: 300.0s, remaining: 29.8s)
WARNING:modules.service_discipline_monitor:[camera_19] ⚠️ APPROACHING THRESHOLD: Table table_11, customer 5: Order wait 272.8s (threshold: 300.0s, remaining: 27.2s)
INFO:modules.yolo_detector:🔍 YOLO Detection Debug (call #30):
INFO:modules.yolo_detector:   - Model: models/yolo11n.pt
INFO:modules.yolo_detector:   - Person class ID expected: 0
INFO:modules.yolo_detector:   - Confidence threshold: 0.25
INFO:modules.yolo_detector:   - All detections (conf>=0.25): 1
INFO:modules.yolo_detector:   - All classes found: [(0, 0.37910348176956177)]
INFO:modules.yolo_detector:   - Person detections (class=0, conf>=0.25): 1
INFO:modules.yolo_detector:   - Sample person detection: bbox=[626, 404, 761, 695], conf=0.38, center=(693, 549)
INFO:modules.gif_recorder:GIF saved: static/alerts/alert_20260314_150858.gif (32 frames, 200ms/frame)
INFO:modules.gif_recorder:Alert GIF created: static/alerts/alert_20260314_150858.gif (32 frames)
INFO:modules.table_service_monitor:[camera_6] 🎬 GIF recording completed!
INFO:modules.table_service_monitor:[camera_6] ✅ Updated violation 9 with GIF path: static/alerts/alert_20260314_150858.gif
INFO:modules.telegram_notifier:Sending Telegram alert with image: static/alerts/alert_20260314_150858.gif
WARNING:modules.telegram_notifier:Telegram API error: 429 - {"ok":false,"error_code":429,"description":"Too Many Requests: retry after 99","parameters":{"retry_after":99}}
INFO:modules.telegram_notifier:Sending Telegram alert with image: static/alerts/alert_20260314_150858.gif
WARNING:modules.telegram_notifier:Telegram API error: 429 - {"ok":false,"error_code":429,"description":"Too Many Requests: retry after 98","parameters":{"retry_after":98}}
INFO:modules.table_service_monitor:[camera_6] ✅ Telegram alert sent with GIF: alert_20260314_150858.gif
INFO:modules.table_service_monitor:[camera_6] ✅ Table service alert GIF saved to database: alert_20260314_150858.gif
WARNING:modules.service_discipline_monitor:[camera_8] ⚠️ APPROACHING THRESHOLD: Table table_7, customer 3: Order wait 279.1s (threshold: 300.0s, remaining: 20.9s)
WARNING:modules.service_discipline_monitor:[camera_19] ⚠️ APPROACHING THRESHOLD: Table table_11, customer 5: Order wait 281.7s (threshold: 300.0s, remaining: 18.3s)
WARNING:modules.service_discipline_monitor:[camera_8] ⚠️ APPROACHING THRESHOLD: Table table_7, customer 3: Order wait 281.4s (threshold: 300.0s, remaining: 18.6s)
INFO:modules.service_discipline_monitor:[camera_19] 🪑 T_seated: Customer track 30 at table table_10
WARNING:modules.service_discipline_monitor:[camera_19] ⚠️ APPROACHING THRESHOLD: Table table_11, customer 5: Order wait 284.0s (threshold: 300.0s, remaining: 16.0s)
ERROR:__main__:Error reading legacy stores.json: Expecting value: line 1 column 1 (char 0)
INFO:werkzeug:127.0.0.1 - - [14/Mar/2026 15:09:12] "GET /api/get_stores HTTP/1.1" 200 -
INFO:werkzeug:127.0.0.1 - - [14/Mar/2026 15:09:12] "GET /api/get_module_analytics/QueueMonitor?store_id=store_1 HTTP/1.1" 200 -
INFO:werkzeug:127.0.0.1 - - [14/Mar/2026 15:09:12] "GET /api/get_module_analytics/DressCodeMonitoring?store_id=store_1 HTTP/1.1" 200 -
INFO:werkzeug:127.0.0.1 - - [14/Mar/2026 15:09:12] "GET /api/get_module_analytics/PPEMonitoring?store_id=store_1 HTTP/1.1" 200 -
INFO:werkzeug:127.0.0.1 - - [14/Mar/2026 15:09:12] "GET /api/get_module_analytics/CashDetection?store_id=store_1 HTTP/1.1" 200 -
INFO:werkzeug:127.0.0.1 - - [14/Mar/2026 15:09:12] "GET /api/get_module_analytics/TableServiceMonitor?store_id=store_1 HTTP/1.1" 200 -
INFO:__main__:📊 Service Discipline Analytics: Querying violations from last 7 days (since 2026-03-07 15:09:12.919737+05:30 IST)
INFO:__main__:📊 Service Discipline Analytics: Found 42 total violations in database (last 7 days)
INFO:__main__:📊 Service Discipline Analytics: 42 relevant violations after filtering (excluded types: {'unclean_table', 'wrong_uniform', 'slow_reset'})
INFO:__main__:📊 Wait times found: 42 total, 42 order, 0 service
INFO:werkzeug:127.0.0.1 - - [14/Mar/2026 15:09:12] "GET /api/get_module_analytics/ServiceDisciplineMonitor?store_id=store_1 HTTP/1.1" 200 -
INFO:werkzeug:127.0.0.1 - - [14/Mar/2026 15:09:12] "GET /api/get_module_analytics/UnauthorizedEntryMonitor?store_id=store_1 HTTP/1.1" 200 -
INFO:werkzeug:127.0.0.1 - - [14/Mar/2026 15:09:12] "GET /api/get_module_analytics/MaterialTheftMonitor?store_id=store_1 HTTP/1.1" 200 -
INFO:werkzeug:127.0.0.1 - - [14/Mar/2026 15:09:12] "GET /api/get_module_analytics/FallDetection?store_id=store_1 HTTP/1.1" 200 -
INFO:werkzeug:127.0.0.1 - - [14/Mar/2026 15:09:12] "GET /api/get_module_analytics/SmokingDetection?store_id=store_1 HTTP/1.1" 200 -
INFO:werkzeug:127.0.0.1 - - [14/Mar/2026 15:09:12] "GET /api/get_module_analytics/PersonSmokingDetection?store_id=store_1 HTTP/1.1" 200 -
INFO:werkzeug:127.0.0.1 - - [14/Mar/2026 15:09:12] "GET /api/get_module_analytics/CrowdDetection?store_id=store_1 HTTP/1.1" 200 -
INFO:werkzeug:127.0.0.1 - - [14/Mar/2026 15:09:12] "GET /api/get_module_analytics/IdleTimeMonitor?store_id=store_1 HTTP/1.1" 200 -
INFO:werkzeug:127.0.0.1 - - [14/Mar/2026 15:09:12] "[33mGET /static/images/icons/queue.png HTTP/1.1[0m" 404 -
INFO:werkzeug:127.0.0.1 - - [14/Mar/2026 15:09:12] "[33mGET /static/images/icons/uniform.png HTTP/1.1[0m" 404 -
INFO:werkzeug:127.0.0.1 - - [14/Mar/2026 15:09:12] "[33mGET /static/images/icons/ppe.png HTTP/1.1[0m" 404 -
INFO:werkzeug:127.0.0.1 - - [14/Mar/2026 15:09:12] "[33mGET /static/images/icons/cash.png HTTP/1.1[0m" 404 -
INFO:werkzeug:127.0.0.1 - - [14/Mar/2026 15:09:12] "[33mGET /static/images/icons/clean.jpg HTTP/1.1[0m" 404 -
INFO:werkzeug:127.0.0.1 - - [14/Mar/2026 15:09:12] "[33mGET /static/images/icons/table_service.jpg HTTP/1.1[0m" 404 -
INFO:werkzeug:127.0.0.1 - - [14/Mar/2026 15:09:12] "[33mGET /static/images/icons/un.png HTTP/1.1[0m" 404 -
INFO:werkzeug:127.0.0.1 - - [14/Mar/2026 15:09:12] "[33mGET /static/images/icons/theft.jpg HTTP/1.1[0m" 404 -
INFO:werkzeug:127.0.0.1 - - [14/Mar/2026 15:09:12] "[33mGET /static/images/icons/fall.jpg HTTP/1.1[0m" 404 -
INFO:werkzeug:127.0.0.1 - - [14/Mar/2026 15:09:12] "[33mGET /static/images/icons/smoking.jpg HTTP/1.1[0m" 404 -
INFO:werkzeug:127.0.0.1 - - [14/Mar/2026 15:09:12] "[33mGET /static/images/icons/cig.jpg HTTP/1.1[0m" 404 -
INFO:werkzeug:127.0.0.1 - - [14/Mar/2026 15:09:12] "[33mGET /static/images/icons/crowd.jpg HTTP/1.1[0m" 404 -
INFO:werkzeug:127.0.0.1 - - [14/Mar/2026 15:09:12] "[33mGET /static/images/icons/ideal.png HTTP/1.1[0m" 404 -
WARNING:modules.service_discipline_monitor:[camera_8] ⚠️ APPROACHING THRESHOLD: Table table_7, customer 3: Order wait 283.8s (threshold: 300.0s, remaining: 16.2s)
INFO:modules.service_discipline_monitor:[camera_19] 🪑 T_seated: Customer track 31 at table table_11
WARNING:modules.service_discipline_monitor:[camera_19] ⚠️ APPROACHING THRESHOLD: Table table_11, customer 5: Order wait 286.4s (threshold: 300.0s, remaining: 13.6s)
WARNING:modules.service_discipline_monitor:[camera_8] ⚠️ APPROACHING THRESHOLD: Table table_7, customer 3: Order wait 286.1s (threshold: 300.0s, remaining: 13.9s)
INFO:modules.material_theft_monitor:[camera_15] MaterialTheft Frame 150: item_detected=False, prev_detected=False, persons_nearby=False, cooldown_remaining=0.0s
INFO:modules.yolo_detector:🔍 YOLO Detection Debug (call #150):
INFO:modules.yolo_detector:   - Model: models/yolo11n.pt
INFO:modules.yolo_detector:   - Person class ID expected: 0
INFO:modules.yolo_detector:   - Confidence threshold: 0.25
INFO:modules.yolo_detector:   - All detections (conf>=0.25): 3
INFO:modules.yolo_detector:   - All classes found: [(0, 0.25069111585617065), (0, 0.2735740840435028), (0, 0.8578115105628967)]
INFO:modules.yolo_detector:   - Person detections (class=0, conf>=0.25): 3
INFO:modules.yolo_detector:   - Sample person detection: bbox=[502, 465, 661, 719], conf=0.86, center=(581, 592)
INFO:modules.yolo_detector:🔍 YOLO Detection Debug (call #150):
INFO:modules.yolo_detector:   - Model: models/yolo11n.pt
INFO:modules.yolo_detector:   - Person class ID expected: 0
INFO:modules.yolo_detector:   - Confidence threshold: 0.25
INFO:modules.yolo_detector:   - All detections (conf>=0.25): 3
INFO:modules.yolo_detector:   - All classes found: [(0, 0.390123188495636), (0, 0.45755377411842346), (0, 0.7751545906066895)]
INFO:modules.yolo_detector:   - Person detections (class=0, conf>=0.25): 3
INFO:modules.yolo_detector:   - Sample person detection: bbox=[512, 476, 648, 717], conf=0.78, center=(580, 596)
WARNING:modules.service_discipline_monitor:[camera_19] ⚠️ APPROACHING THRESHOLD: Table table_11, customer 5: Order wait 288.8s (threshold: 300.0s, remaining: 11.2s)
INFO:modules.dress_code_monitoring:📊 [camera_20] DressCode Frame 150: Total detections: 0
INFO:modules.dress_code_monitoring:   Counter ROI configured: False, Queue ROI configured: False
INFO:modules.dress_code_monitoring:   Allowed uniforms in counter: []
INFO:modules.queue_monitor:[camera_1] Frame 150 detections:
INFO:modules.queue_monitor:  total=6, queue=0, counter=0, outside=6
INFO:modules.queue_monitor:  Queue ROI configured: False
INFO:modules.queue_monitor:  Counter ROI configured: False
INFO:modules.queue_monitor:  All detections classification:
INFO:modules.queue_monitor:    Det 1: bbox=[386, 133, 1046, 708], center=(716, 420), area=none
INFO:modules.queue_monitor:    Det 2: bbox=[504, 40, 776, 491], center=(640, 265), area=none
INFO:modules.queue_monitor:    Det 3: bbox=[151, 68, 331, 501], center=(241, 284), area=none
INFO:modules.queue_monitor:    Det 4: bbox=[505, 28, 654, 263], center=(579, 145), area=none
INFO:modules.queue_monitor:    Det 5: bbox=[0, 148, 266, 650], center=(133, 399), area=none
INFO:modules.queue_monitor:[camera_1] Queue tracking debug (Frame 150):
INFO:modules.queue_monitor:  Detections passed to tracking: 0
INFO:modules.queue_monitor:  Active tracks in queue area: 0
INFO:modules.queue_monitor:  Dwell time threshold: 5.0s
INFO:modules.queue_monitor:  Final count: 0
INFO:modules.queue_monitor:[camera_1] Frame 150 tracking results:
INFO:modules.queue_monitor:  Counter detections passed to tracking: 0
INFO:modules.queue_monitor:  Counter count after tracking: 0
INFO:modules.queue_monitor:  Dwell time threshold: 0.0
INFO:modules.queue_monitor:  Uniform fallback enabled: True
INFO:modules.dress_code_monitoring:📊 [camera_1] DressCode Frame 150: Total detections: 4
INFO:modules.dress_code_monitoring:   Counter ROI configured: False, Queue ROI configured: False
INFO:modules.dress_code_monitoring:   Allowed uniforms in counter: []
INFO:modules.dress_code_monitoring:   Detected classes: {'Hairnet': 2, 'Uniform_cream': 1, 'Uniform_grey': 1}
INFO:modules.dress_code_monitoring:   Detections by area: {'counter': 0, 'queue': 0, 'unknown': 0, 'everywhere': 4}
INFO:modules.dress_code_monitoring:   👔 Uniforms everywhere: ['Uniform_cream', 'Uniform_grey']
INFO:modules.dress_code_monitoring:   👔 Compliance items detected: ['Hairnet']
INFO:modules.dress_code_monitoring:[camera_1] Compliance check: Uniform=Uniform_cream, In counter=False
INFO:modules.dress_code_monitoring:   Is compliant: True, Violations: []
INFO:modules.dress_code_monitoring:   Allowed uniforms: []
INFO:modules.dress_code_monitoring:   Position key: Uniform_cream_200_200
INFO:modules.dress_code_monitoring:[camera_1] Compliance check: Uniform=Uniform_grey, In counter=False
INFO:modules.dress_code_monitoring:   Is compliant: True, Violations: []
INFO:modules.dress_code_monitoring:   Allowed uniforms: []
INFO:modules.dress_code_monitoring:   Position key: Uniform_grey_800_500
INFO:modules.queue_monitor:[camera_2] Frame 150 detections:
INFO:modules.queue_monitor:  total=2, queue=0, counter=0, outside=2
INFO:modules.queue_monitor:  Queue ROI configured: False
INFO:modules.queue_monitor:  Counter ROI configured: False
INFO:modules.queue_monitor:  All detections classification:
INFO:modules.queue_monitor:    Det 1: bbox=[835, 273, 1274, 715], center=(1054, 494), area=none
INFO:modules.queue_monitor:    Det 2: bbox=[395, 44, 490, 227], center=(442, 135), area=none
INFO:modules.queue_monitor:[camera_2] Queue tracking debug (Frame 150):
INFO:modules.queue_monitor:  Detections passed to tracking: 0
INFO:modules.queue_monitor:  Active tracks in queue area: 0
INFO:modules.queue_monitor:  Dwell time threshold: 5.0s
INFO:modules.queue_monitor:  Final count: 0
INFO:modules.queue_monitor:[camera_2] Frame 150 tracking results:
INFO:modules.queue_monitor:  Counter detections passed to tracking: 0
INFO:modules.queue_monitor:  Counter count after tracking: 0
INFO:modules.queue_monitor:  Dwell time threshold: 0.0
INFO:modules.queue_monitor:  Uniform fallback enabled: True
INFO:modules.dress_code_monitoring:📊 [camera_2] DressCode Frame 150: Total detections: 1
INFO:modules.dress_code_monitoring:   Counter ROI configured: False, Queue ROI configured: False
INFO:modules.dress_code_monitoring:   Allowed uniforms in counter: []
INFO:modules.dress_code_monitoring:   Detected classes: {'Hairnet': 1}
INFO:modules.dress_code_monitoring:   Detections by area: {'counter': 0, 'queue': 0, 'unknown': 0, 'everywhere': 1}
INFO:modules.dress_code_monitoring:   👔 Compliance items detected: ['Hairnet']
INFO:modules.dress_code_monitoring:📊 [camera_4] DressCode Frame 150: Total detections: 5
INFO:modules.dress_code_monitoring:   Counter ROI configured: False, Queue ROI configured: False
INFO:modules.dress_code_monitoring:   Allowed uniforms in counter: []
INFO:modules.dress_code_monitoring:   Detected classes: {'Hairnet': 3, 'Uniform_grey': 2}
INFO:modules.dress_code_monitoring:   Detections by area: {'counter': 0, 'queue': 0, 'unknown': 0, 'everywhere': 5}
INFO:modules.dress_code_monitoring:   👔 Uniforms everywhere: ['Uniform_grey', 'Uniform_grey']
INFO:modules.dress_code_monitoring:   👔 Compliance items detected: ['Hairnet']
INFO:modules.dress_code_monitoring:[camera_4] Compliance check: Uniform=Uniform_grey, In counter=False
INFO:modules.dress_code_monitoring:   Is compliant: True, Violations: []
INFO:modules.dress_code_monitoring:   Allowed uniforms: []
INFO:modules.dress_code_monitoring:   Position key: Uniform_grey_600_100
INFO:modules.dress_code_monitoring:[camera_4] Compliance check: Uniform=Uniform_grey, In counter=False
INFO:modules.dress_code_monitoring:   Is compliant: True, Violations: []
INFO:modules.dress_code_monitoring:   Allowed uniforms: []
INFO:modules.dress_code_monitoring:   Position key: Uniform_grey_500_100
INFO:modules.yolo_detector:🔍 YOLO Detection Debug (call #150):
INFO:modules.yolo_detector:   - Model: models/yolo11n.pt
INFO:modules.yolo_detector:   - Person class ID expected: 0
INFO:modules.yolo_detector:   - Confidence threshold: 0.25
INFO:modules.yolo_detector:   - All detections (conf>=0.25): 8
INFO:modules.yolo_detector:   - All classes found: [(0, 0.315127968788147), (0, 0.3845806121826172), (0, 0.43495824933052063), (0, 0.4902532696723938), (0, 0.5400804281234741), (0, 0.5515797734260559), (0, 0.6505926847457886), (0, 0.6988701224327087)]
INFO:modules.yolo_detector:   - Person detections (class=0, conf>=0.25): 8
INFO:modules.yolo_detector:   - Sample person detection: bbox=[616, 76, 676, 206], conf=0.70, center=(646, 141)
INFO:modules.dress_code_monitoring:📊 [camera_5] DressCode Frame 150: Total detections: 0
INFO:modules.dress_code_monitoring:   Counter ROI configured: False, Queue ROI configured: False
INFO:modules.dress_code_monitoring:   Allowed uniforms in counter: []
INFO:modules.yolo_detector:🔍 YOLO Detection Debug (call #150):
INFO:modules.yolo_detector:   - Model: models/yolo11n.pt
INFO:modules.yolo_detector:   - Person class ID expected: 0
INFO:modules.yolo_detector:   - Confidence threshold: 0.25
INFO:modules.yolo_detector:   - All detections (conf>=0.25): 0
WARNING:modules.yolo_detector:   - ⚠️ No detections found at all (conf>=0.25)!
INFO:modules.yolo_detector:   - Person detections (class=0, conf>=0.25): 0
WARNING:modules.yolo_detector:   - ⚠️ No detections found - model may not be detecting anything in this frame
INFO:modules.dress_code_monitoring:📊 [camera_6] DressCode Frame 150: Total detections: 1
INFO:modules.dress_code_monitoring:   Counter ROI configured: False, Queue ROI configured: False
INFO:modules.dress_code_monitoring:   Allowed uniforms in counter: []
INFO:modules.dress_code_monitoring:   Detected classes: {'Uniform_grey': 1}
INFO:modules.dress_code_monitoring:   Detections by area: {'counter': 0, 'queue': 0, 'unknown': 0, 'everywhere': 1}
INFO:modules.dress_code_monitoring:   👔 Uniforms everywhere: ['Uniform_grey']
INFO:modules.dress_code_monitoring:[camera_6] Compliance check: Uniform=Uniform_grey, In counter=False
INFO:modules.dress_code_monitoring:   Is compliant: True, Violations: []
INFO:modules.dress_code_monitoring:   Allowed uniforms: []
INFO:modules.dress_code_monitoring:   Position key: Uniform_grey_900_300
INFO:modules.yolo_detector:🔍 YOLO Detection Debug (call #150):
INFO:modules.yolo_detector:   - Model: models/yolo11n.pt
INFO:modules.yolo_detector:   - Person class ID expected: 0
INFO:modules.yolo_detector:   - Confidence threshold: 0.25
INFO:modules.yolo_detector:   - All detections (conf>=0.25): 4
INFO:modules.yolo_detector:   - All classes found: [(0, 0.34576910734176636), (0, 0.3758460581302643), (0, 0.47391805052757263), (0, 0.8505755066871643)]
INFO:modules.yolo_detector:   - Person detections (class=0, conf>=0.25): 4
INFO:modules.yolo_detector:   - Sample person detection: bbox=[850, 232, 1002, 494], conf=0.85, center=(926, 363)
INFO:modules.dress_code_monitoring:📊 [camera_7] DressCode Frame 150: Total detections: 0
INFO:modules.dress_code_monitoring:   Counter ROI configured: False, Queue ROI configured: False
INFO:modules.dress_code_monitoring:   Allowed uniforms in counter: []
INFO:modules.yolo_detector:🔍 YOLO Detection Debug (call #150):
INFO:modules.yolo_detector:   - Model: models/yolo11n.pt
INFO:modules.yolo_detector:   - Person class ID expected: 0
INFO:modules.yolo_detector:   - Confidence threshold: 0.25
INFO:modules.yolo_detector:   - All detections (conf>=0.25): 6
INFO:modules.yolo_detector:   - All classes found: [(0, 0.32424649596214294), (0, 0.3919418752193451), (0, 0.4039938747882843), (0, 0.48537731170654297), (0, 0.5885319113731384), (0, 0.8463767170906067)]
INFO:modules.yolo_detector:   - Person detections (class=0, conf>=0.25): 6
INFO:modules.yolo_detector:   - Sample person detection: bbox=[769, 322, 997, 546], conf=0.85, center=(883, 434)
INFO:modules.dress_code_monitoring:📊 [camera_8] DressCode Frame 150: Total detections: 2
INFO:modules.dress_code_monitoring:   Counter ROI configured: False, Queue ROI configured: False
INFO:modules.dress_code_monitoring:   Allowed uniforms in counter: []
INFO:modules.dress_code_monitoring:   Detected classes: {'Hairnet': 1, 'Uniform_black': 1}
INFO:modules.dress_code_monitoring:   Detections by area: {'counter': 0, 'queue': 0, 'unknown': 0, 'everywhere': 2}
INFO:modules.dress_code_monitoring:   👔 Uniforms everywhere: ['Uniform_black']
INFO:modules.dress_code_monitoring:   👔 Compliance items detected: ['Hairnet']
INFO:modules.dress_code_monitoring:[camera_8] Compliance check: Uniform=Uniform_black, In counter=False
INFO:modules.dress_code_monitoring:   Is compliant: True, Violations: []
INFO:modules.dress_code_monitoring:   Allowed uniforms: []
INFO:modules.dress_code_monitoring:   Position key: Uniform_black_0_300
INFO:modules.yolo_detector:🔍 YOLO Detection Debug (call #150):
INFO:modules.yolo_detector:   - Model: models/yolo11n.pt
INFO:modules.yolo_detector:   - Person class ID expected: 0
INFO:modules.yolo_detector:   - Confidence threshold: 0.25
INFO:modules.yolo_detector:   - All detections (conf>=0.25): 10
INFO:modules.yolo_detector:   - All classes found: [(0, 0.2663302719593048), (0, 0.3599417507648468), (0, 0.3684532642364502), (0, 0.49468132853507996), (0, 0.5534887909889221), (0, 0.6146408319473267), (0, 0.6239332556724548), (0, 0.6662153601646423), (0, 0.7130097150802612), (0, 0.8431221842765808)]
INFO:modules.yolo_detector:   - Person detections (class=0, conf>=0.25): 10
INFO:modules.yolo_detector:   - Sample person detection: bbox=[621, 322, 885, 523], conf=0.84, center=(753, 422)
WARNING:modules.service_discipline_monitor:[camera_8] ⚠️ APPROACHING THRESHOLD: Table table_7, customer 3: Order wait 288.6s (threshold: 300.0s, remaining: 11.4s)
INFO:modules.dress_code_monitoring:📊 [camera_10] DressCode Frame 150: Total detections: 5
INFO:modules.dress_code_monitoring:   Counter ROI configured: False, Queue ROI configured: False
INFO:modules.dress_code_monitoring:   Allowed uniforms in counter: []
INFO:modules.dress_code_monitoring:   Detected classes: {'Hairnet': 5}
INFO:modules.dress_code_monitoring:   Detections by area: {'counter': 0, 'queue': 0, 'unknown': 0, 'everywhere': 5}
INFO:modules.dress_code_monitoring:   👔 Compliance items detected: ['Hairnet']
INFO:modules.dress_code_monitoring:📊 [camera_12] DressCode Frame 150: Total detections: 0
INFO:modules.dress_code_monitoring:   Counter ROI configured: False, Queue ROI configured: False
INFO:modules.dress_code_monitoring:   Allowed uniforms in counter: []
WARNING:modules.service_discipline_monitor:[camera_19] ⚠️ APPROACHING THRESHOLD: Table table_11, customer 5: Order wait 291.3s (threshold: 300.0s, remaining: 8.7s)
INFO:modules.yolo_detector:🔍 YOLO Detection Debug (call #150):
INFO:modules.yolo_detector:   - Model: models/yolo11n.pt
INFO:modules.yolo_detector:   - Person class ID expected: 0
INFO:modules.yolo_detector:   - Confidence threshold: 0.25
INFO:modules.yolo_detector:   - All detections (conf>=0.25): 1
INFO:modules.yolo_detector:   - All classes found: [(0, 0.6767503023147583)]
INFO:modules.yolo_detector:   - Person detections (class=0, conf>=0.25): 1
INFO:modules.yolo_detector:   - Sample person detection: bbox=[622, 409, 762, 714], conf=0.68, center=(692, 561)
WARNING:modules.service_discipline_monitor:[camera_8] ⚠️ APPROACHING THRESHOLD: Table table_7, customer 3: Order wait 291.2s (threshold: 300.0s, remaining: 8.8s)
INFO:modules.queue_monitor:[camera_17] Frame 150 detections:
INFO:modules.queue_monitor:  total=0, queue=0, counter=0, outside=0
INFO:modules.queue_monitor:  Queue ROI configured: False
INFO:modules.queue_monitor:  Counter ROI configured: False
INFO:modules.queue_monitor:[camera_17] Queue tracking debug (Frame 150):
INFO:modules.queue_monitor:  Detections passed to tracking: 0
INFO:modules.queue_monitor:  Active tracks in queue area: 0
INFO:modules.queue_monitor:  Dwell time threshold: 5.0s
INFO:modules.queue_monitor:  Final count: 0
INFO:modules.queue_monitor:[camera_17] Frame 150 tracking results:
INFO:modules.queue_monitor:  Counter detections passed to tracking: 0
INFO:modules.queue_monitor:  Counter count after tracking: 0
INFO:modules.queue_monitor:  Dwell time threshold: 0.0
INFO:modules.queue_monitor:  Uniform fallback enabled: True
INFO:modules.dress_code_monitoring:📊 [camera_17] DressCode Frame 150: Total detections: 0
INFO:modules.dress_code_monitoring:   Counter ROI configured: False, Queue ROI configured: False
INFO:modules.dress_code_monitoring:   Allowed uniforms in counter: []
WARNING:modules.service_discipline_monitor:[camera_19] ⚠️ APPROACHING THRESHOLD: Table table_11, customer 5: Order wait 293.7s (threshold: 300.0s, remaining: 6.3s)
INFO:modules.cash_detection:💰 Cashdraw-open detected at 1773481162.9016297
WARNING:modules.service_discipline_monitor:[camera_8] ⚠️ APPROACHING THRESHOLD: Table table_7, customer 3: Order wait 293.5s (threshold: 300.0s, remaining: 6.5s)
WARNING:modules.service_discipline_monitor:[camera_19] ⚠️ APPROACHING THRESHOLD: Table table_11, customer 5: Order wait 296.1s (threshold: 300.0s, remaining: 3.9s)
WARNING:modules.service_discipline_monitor:[camera_8] ⚠️ APPROACHING THRESHOLD: Table table_7, customer 3: Order wait 295.8s (threshold: 300.0s, remaining: 4.2s)
WARNING:modules.service_discipline_monitor:[camera_19] ⚠️ APPROACHING THRESHOLD: Table table_11, customer 5: Order wait 298.4s (threshold: 300.0s, remaining: 1.6s)
WARNING:modules.service_discipline_monitor:[camera_8] ⚠️ APPROACHING THRESHOLD: Table table_7, customer 3: Order wait 298.1s (threshold: 300.0s, remaining: 1.9s)
WARNING:modules.service_discipline_monitor:[camera_19] ⚠️ Order wait violation: Table table_11, customer 5 waiting 300.7s (threshold: 300.0s)
INFO:modules.service_discipline_monitor:[camera_19] 🔔 Triggering alert: order_wait=300.7s, threshold=300.0s, cooldown=300.0s, time_since_last_alert=infs
INFO:modules.service_discipline_monitor:[camera_19] 📊 Violation details: T_seated=1773480868.611108, T_order_start=None, order_wait=300.7s
INFO:modules.service_discipline_monitor:[camera_19] 📸 Starting GIF recording: frame shape=(720, 1280, 3), table=table_11, violation=order_wait
INFO:modules.service_discipline_monitor:[camera_19] 🎬 Starting GIF recording for table table_11, violation=order_wait
INFO:modules.gif_recorder:Started alert GIF recording for: Unknown alert
INFO:modules.service_discipline_monitor:Service discipline snapshot saved: static/service_discipline/service_table_table_11_camera_19_20260314_150929.jpg
INFO:modules.service_discipline_monitor:[camera_19] 📸 Service discipline snapshot saved: static/service_discipline/service_table_table_11_camera_19_20260314_150929.jpg
INFO:modules.service_discipline_monitor:[camera_19] 📊 Calculated wait times for violation: order_wait_time=300.7332880496979, service_wait_time=None, violation_type=order_wait
INFO:modules.service_discipline_monitor:[camera_19] 💾 Saving violation to database: Table table_11, order_wait = 300.7s
INFO:modules.database:📊 Extracted wait times from alert_data: order_wait_time=300.7332880496979, service_wait_time=None
INFO:modules.database:✅ Table service violation saved: ID=43, Table table_11 in channel camera_19, waiting time: 300.7s, order wait: 300.7s, service wait: N/A, snapshot_path=static/service_discipline/service_table_table_11_camera_19_20260314_150929.jpg
INFO:modules.database:✅ Resolved snapshot path (direct): static/service_discipline/service_table_table_11_camera_19_20260314_150929.jpg -> /home/ubuntu/Niyaaz_biryani/niyaaz/static/service_discipline/service_table_table_11_camera_19_20260314_150929.jpg
INFO:modules.telegram_notifier:Sending Telegram alert with image: /home/ubuntu/Niyaaz_biryani/niyaaz/static/service_discipline/service_table_table_11_camera_19_20260314_150929.jpg
INFO:modules.telegram_notifier:✅ Telegram photo sent successfully: service_table_table_11_camera_19_20260314_150929.jpg (181.1KB)
INFO:modules.service_discipline_monitor:[camera_19] ✅ Violation saved to table_service_violations: ID=43, order_wait=300.7332880496979, service_wait=None (GIF recording in progress)
INFO:modules.service_discipline_monitor:[camera_19] ✅ Alert logged to general alerts table: Service discipline violation: Table table_11 order_wait = 300.7s (threshold: 300.0s)
INFO:modules.service_discipline_monitor:[camera_19] 🪑 T_seated: Customer track 33 at table table_11
INFO:modules.gif_recorder:GIF saved: static/alerts/alert_20260314_150929.gif (32 frames, 200ms/frame)
INFO:modules.gif_recorder:Alert GIF created: static/alerts/alert_20260314_150929.gif (32 frames)
INFO:modules.service_discipline_monitor:[camera_19] 🎬 GIF recording completed!
INFO:modules.service_discipline_monitor:[camera_19] ✅ Updated violation 43 with GIF path: static/alerts/alert_20260314_150929.gif
INFO:modules.telegram_notifier:Sending Telegram alert with image: static/alerts/alert_20260314_150929.gif
WARNING:modules.telegram_notifier:Telegram API error: 429 - {"ok":false,"error_code":429,"description":"Too Many Requests: retry after 69","parameters":{"retry_after":69}}
INFO:modules.telegram_notifier:Sending Telegram alert with image: static/alerts/alert_20260314_150929.gif
WARNING:modules.telegram_notifier:Telegram API error: 429 - {"ok":false,"error_code":429,"description":"Too Many Requests: retry after 67","parameters":{"retry_after":67}}
INFO:modules.service_discipline_monitor:[camera_19] ✅ Telegram alert sent with GIF: alert_20260314_150929.gif
INFO:modules.service_discipline_monitor:[camera_19] ✅ Service discipline alert GIF saved to database: alert_20260314_150929.gif
INFO:modules.table_service_monitor:[camera_6] Table table_583_637: State changed to unclean (no person present, 5 consecutive detections, conf=0.866)
WARNING:modules.service_discipline_monitor:[camera_19] ⚠️ APPROACHING THRESHOLD: Table table_11, customer 14: Order wait 270.3s (threshold: 300.0s, remaining: 29.7s)
WARNING:modules.service_discipline_monitor:[camera_19] ⚠️ APPROACHING THRESHOLD: Table table_11, customer 14: Order wait 272.7s (threshold: 300.0s, remaining: 27.3s)
INFO:modules.cash_detection:💰 Cashdraw-open detected at 1773481193.8435185
INFO:modules.service_discipline_monitor:[camera_7] 🪑 T_seated: Customer track 101 at table table_6
WARNING:modules.service_discipline_monitor:[camera_19] ⚠️ APPROACHING THRESHOLD: Table table_11, customer 14: Order wait 275.0s (threshold: 300.0s, remaining: 25.0s)
WARNING:modules.service_discipline_monitor:[camera_19] ⚠️ APPROACHING THRESHOLD: Table table_11, customer 14: Order wait 277.4s (threshold: 300.0s, remaining: 22.6s)
INFO:modules.table_service_monitor:[camera_6] Table table_593_637: State changed to unclean (no person present, 5 consecutive detections, conf=0.862)
WARNING:modules.service_discipline_monitor:[camera_19] ⚠️ APPROACHING THRESHOLD: Table table_11, customer 14: Order wait 279.7s (threshold: 300.0s, remaining: 20.3s)
INFO:modules.cash_detection:💰 Cashdraw-open detected at 1773481200.926768
WARNING:modules.service_discipline_monitor:[camera_19] ⚠️ APPROACHING THRESHOLD: Table table_11, customer 14: Order wait 282.2s (threshold: 300.0s, remaining: 17.8s)
WARNING:modules.service_discipline_monitor:[camera_19] ⚠️ APPROACHING THRESHOLD: Table table_11, customer 14: Order wait 284.5s (threshold: 300.0s, remaining: 15.5s)
INFO:modules.material_theft_monitor:[camera_15] 👤 Person(s) detected near ROI: 1 person(s)
WARNING:modules.service_discipline_monitor:[camera_19] ⚠️ APPROACHING THRESHOLD: Table table_11, customer 14: Order wait 286.9s (threshold: 300.0s, remaining: 13.1s)
WARNING:modules.service_discipline_monitor:[camera_19] ⚠️ APPROACHING THRESHOLD: Table table_11, customer 14: Order wait 289.3s (threshold: 300.0s, remaining: 10.7s)
WARNING:modules.service_discipline_monitor:[camera_19] ⚠️ APPROACHING THRESHOLD: Table table_11, customer 14: Order wait 291.7s (threshold: 300.0s, remaining: 8.3s)
ERROR:__main__:Error reading legacy stores.json: Expecting value: line 1 column 1 (char 0)
INFO:werkzeug:127.0.0.1 - - [14/Mar/2026 15:10:12] "GET /api/get_stores HTTP/1.1" 200 -
INFO:werkzeug:127.0.0.1 - - [14/Mar/2026 15:10:12] "GET /api/get_module_analytics/QueueMonitor?store_id=store_1 HTTP/1.1" 200 -
INFO:werkzeug:127.0.0.1 - - [14/Mar/2026 15:10:12] "GET /api/get_module_analytics/DressCodeMonitoring?store_id=store_1 HTTP/1.1" 200 -
INFO:werkzeug:127.0.0.1 - - [14/Mar/2026 15:10:12] "GET /api/get_module_analytics/PPEMonitoring?store_id=store_1 HTTP/1.1" 200 -
INFO:modules.cash_detection:💰 Cashdraw-open detected at 1773481212.890329
INFO:werkzeug:127.0.0.1 - - [14/Mar/2026 15:10:12] "GET /api/get_module_analytics/CashDetection?store_id=store_1 HTTP/1.1" 200 -
INFO:werkzeug:127.0.0.1 - - [14/Mar/2026 15:10:12] "GET /api/get_module_analytics/TableServiceMonitor?store_id=store_1 HTTP/1.1" 200 -
INFO:__main__:📊 Service Discipline Analytics: Querying violations from last 7 days (since 2026-03-07 15:10:12.916778+05:30 IST)
INFO:__main__:📊 Service Discipline Analytics: Found 43 total violations in database (last 7 days)
INFO:__main__:📊 Service Discipline Analytics: 43 relevant violations after filtering (excluded types: {'unclean_table', 'wrong_uniform', 'slow_reset'})
INFO:__main__:📊 Wait times found: 43 total, 43 order, 0 service
INFO:werkzeug:127.0.0.1 - - [14/Mar/2026 15:10:12] "GET /api/get_module_analytics/ServiceDisciplineMonitor?store_id=store_1 HTTP/1.1" 200 -
INFO:werkzeug:127.0.0.1 - - [14/Mar/2026 15:10:12] "GET /api/get_module_analytics/UnauthorizedEntryMonitor?store_id=store_1 HTTP/1.1" 200 -
INFO:werkzeug:127.0.0.1 - - [14/Mar/2026 15:10:12] "GET /api/get_module_analytics/MaterialTheftMonitor?store_id=store_1 HTTP/1.1" 200 -
INFO:werkzeug:127.0.0.1 - - [14/Mar/2026 15:10:12] "GET /api/get_module_analytics/FallDetection?store_id=store_1 HTTP/1.1" 200 -
INFO:werkzeug:127.0.0.1 - - [14/Mar/2026 15:10:12] "GET /api/get_module_analytics/SmokingDetection?store_id=store_1 HTTP/1.1" 200 -
INFO:werkzeug:127.0.0.1 - - [14/Mar/2026 15:10:12] "GET /api/get_module_analytics/PersonSmokingDetection?store_id=store_1 HTTP/1.1" 200 -
INFO:werkzeug:127.0.0.1 - - [14/Mar/2026 15:10:12] "GET /api/get_module_analytics/CrowdDetection?store_id=store_1 HTTP/1.1" 200 -
INFO:werkzeug:127.0.0.1 - - [14/Mar/2026 15:10:12] "GET /api/get_module_analytics/IdleTimeMonitor?store_id=store_1 HTTP/1.1" 200 -
INFO:werkzeug:127.0.0.1 - - [14/Mar/2026 15:10:12] "[33mGET /static/images/icons/queue.png HTTP/1.1[0m" 404 -
INFO:werkzeug:127.0.0.1 - - [14/Mar/2026 15:10:12] "[33mGET /static/images/icons/uniform.png HTTP/1.1[0m" 404 -
INFO:werkzeug:127.0.0.1 - - [14/Mar/2026 15:10:12] "[33mGET /static/images/icons/ppe.png HTTP/1.1[0m" 404 -
INFO:werkzeug:127.0.0.1 - - [14/Mar/2026 15:10:12] "[33mGET /static/images/icons/clean.jpg HTTP/1.1[0m" 404 -
INFO:werkzeug:127.0.0.1 - - [14/Mar/2026 15:10:12] "[33mGET /static/images/icons/cash.png HTTP/1.1[0m" 404 -
INFO:werkzeug:127.0.0.1 - - [14/Mar/2026 15:10:12] "[33mGET /static/images/icons/table_service.jpg HTTP/1.1[0m" 404 -
INFO:werkzeug:127.0.0.1 - - [14/Mar/2026 15:10:12] "[33mGET /static/images/icons/un.png HTTP/1.1[0m" 404 -
INFO:werkzeug:127.0.0.1 - - [14/Mar/2026 15:10:12] "[33mGET /static/images/icons/theft.jpg HTTP/1.1[0m" 404 -
INFO:werkzeug:127.0.0.1 - - [14/Mar/2026 15:10:12] "[33mGET /static/images/icons/fall.jpg HTTP/1.1[0m" 404 -
INFO:werkzeug:127.0.0.1 - - [14/Mar/2026 15:10:12] "[33mGET /static/images/icons/smoking.jpg HTTP/1.1[0m" 404 -
INFO:werkzeug:127.0.0.1 - - [14/Mar/2026 15:10:12] "[33mGET /static/images/icons/cig.jpg HTTP/1.1[0m" 404 -
INFO:werkzeug:127.0.0.1 - - [14/Mar/2026 15:10:12] "[33mGET /static/images/icons/crowd.jpg HTTP/1.1[0m" 404 -
INFO:werkzeug:127.0.0.1 - - [14/Mar/2026 15:10:12] "[33mGET /static/images/icons/ideal.png HTTP/1.1[0m" 404 -
INFO:modules.service_discipline_monitor:[camera_8] 🪑 T_seated: Customer track 132 at table table_7
WARNING:modules.service_discipline_monitor:[camera_19] ⚠️ APPROACHING THRESHOLD: Table table_11, customer 14: Order wait 294.2s (threshold: 300.0s, remaining: 5.8s)
INFO:modules.cash_detection:[camera_2] 💰🗄️ ALERT: Cashdraw-open detected! Starting GIF recording...
INFO:modules.gif_recorder:Started alert GIF recording for: ALERT: Cashdraw-open detected
INFO:modules.cash_detection:[camera_2] ✅ GIF recording started, _pending_alert_info set: message='ALERT: Cashdraw-open detected', timestamp='2026-03-14T15:10:15.356822'
INFO:modules.cash_detection:[camera_2] 📊 GIF recorder state: is_recording_alert=True
INFO:modules.database:Cash snapshot saved to database: ID 22
WARNING:modules.telegram_notifier:Could not resolve image path: static/cash_snapshots/cash_camera_2_20260314_151015.gif
WARNING:modules.telegram_notifier:Skipping Telegram alert - image file not found: static/cash_snapshots/cash_camera_2_20260314_151015.gif (resolved: None)
INFO:modules.cash_detection:[camera_2] Cash snapshot record created in database: ID 22 (GIF recording in progress)
WARNING:modules.service_discipline_monitor:[camera_19] ⚠️ APPROACHING THRESHOLD: Table table_11, customer 14: Order wait 296.5s (threshold: 300.0s, remaining: 3.5s)
INFO:modules.cash_detection:💰 Cashdraw-open detected at 1773481217.6372404
WARNING:modules.service_discipline_monitor:[camera_19] ⚠️ APPROACHING THRESHOLD: Table table_11, customer 14: Order wait 298.7s (threshold: 300.0s, remaining: 1.3s)
INFO:modules.gif_recorder:GIF saved: static/alerts/alert_20260314_151015.gif (33 frames, 200ms/frame)
INFO:modules.gif_recorder:Alert GIF created: static/alerts/alert_20260314_151015.gif (33 frames)
INFO:modules.cash_detection:[camera_2] 🎬 GIF recording completed! Previous state: True, Current state: False
INFO:modules.cash_detection:[camera_2] 📊 GIF recorder state check: was_recording=True, is_recording_now=False, _was_recording_alert=True
INFO:modules.cash_detection:[camera_2] ✅ Retrieved GIF info: path=static/alerts/alert_20260314_151015.gif, frames=33
INFO:modules.cash_detection:[camera_2] ✅ _pending_alert_info available: message='ALERT: Cashdraw-open detected'
INFO:modules.cash_detection:[camera_2] ✅ Updated cash snapshot 22 with GIF path: static/alerts/alert_20260314_151015.gif
INFO:modules.telegram_notifier:Sending Telegram alert with image: static/alerts/alert_20260314_151015.gif
WARNING:modules.telegram_notifier:Telegram API error: 429 - {"ok":false,"error_code":429,"description":"Too Many Requests: retry after 22","parameters":{"retry_after":22}}
INFO:modules.cash_detection:[camera_2] ✅ Cash alert GIF saved to database: alert_20260314_151015.gif (path: static/alerts/alert_20260314_151015.gif)
INFO:modules.material_theft_monitor:[camera_15] 👤 Person(s) detected near ROI: 1 person(s)
INFO:modules.cash_detection:💰 Cashdraw-open detected at 1773481227.3785903
INFO:modules.table_service_monitor:[camera_6] Table table_591_635: State changed to unclean (no person present, 5 consecutive detections, conf=0.853)
INFO:modules.material_theft_monitor:[camera_15] 👤 Person(s) detected near ROI: 1 person(s)
INFO:modules.yolo_detector:🔍 YOLO Detection Debug (call #90):
INFO:modules.yolo_detector:   - Model: models/yolo11n.pt
INFO:modules.yolo_detector:   - Person class ID expected: 0
INFO:modules.yolo_detector:   - Confidence threshold: 0.5
INFO:modules.yolo_detector:   - All detections (conf>=0.25): 5
INFO:modules.yolo_detector:   - All classes found: [(0, 0.2718869745731354), (0, 0.2986523509025574), (0, 0.34370917081832886), (0, 0.43520739674568176), (0, 0.8179084658622742)]
INFO:modules.yolo_detector:   - Person detections (class=0, conf>=0.5): 1
INFO:modules.yolo_detector:   - Sample person detection: bbox=[438, 180, 1105, 707], conf=0.82, center=(771, 443)
INFO:modules.yolo_detector:🔍 YOLO Detection Debug (call #90):
INFO:modules.yolo_detector:   - Model: models/yolo11n.pt
INFO:modules.yolo_detector:   - Person class ID expected: 0
INFO:modules.yolo_detector:   - Confidence threshold: 0.5
INFO:modules.yolo_detector:   - All detections (conf>=0.25): 6
INFO:modules.yolo_detector:   - All classes found: [(0, 0.5942790508270264), (0, 0.7219330668449402), (0, 0.7476692795753479), (0, 0.7734038233757019), (0, 0.8333085775375366), (0, 0.8494203090667725)]
INFO:modules.yolo_detector:   - Person detections (class=0, conf>=0.5): 6
INFO:modules.yolo_detector:   - Sample person detection: bbox=[396, 43, 491, 231], conf=0.85, center=(443, 137)
INFO:modules.table_service_monitor:[camera_6] Table table_592_636: State changed to unclean (no person present, 5 consecutive detections, conf=0.853)
INFO:modules.yolo_detector:🔍 YOLO Detection Debug (call #60):
INFO:modules.yolo_detector:   - Model: models/yolo11n.pt
INFO:modules.yolo_detector:   - Person class ID expected: 0
INFO:modules.yolo_detector:   - Confidence threshold: 0.25
INFO:modules.yolo_detector:   - All detections (conf>=0.25): 2
INFO:modules.yolo_detector:   - All classes found: [(0, 0.4546326994895935), (0, 0.6538007855415344)]
INFO:modules.yolo_detector:   - Person detections (class=0, conf>=0.25): 2
INFO:modules.yolo_detector:   - Sample person detection: bbox=[544, 116, 672, 387], conf=0.65, center=(608, 251)
INFO:modules.material_theft_monitor:[camera_15] Person detection: Found 2 person(s) in frame
INFO:modules.material_theft_monitor:[camera_15] MaterialTheft Frame 180: item_detected=False, prev_detected=False, persons_nearby=False, cooldown_remaining=0.0s
INFO:modules.yolo_detector:🔍 YOLO Detection Debug (call #180):
INFO:modules.yolo_detector:   - Model: models/yolo11n.pt
INFO:modules.yolo_detector:   - Person class ID expected: 0
INFO:modules.yolo_detector:   - Confidence threshold: 0.25
INFO:modules.yolo_detector:   - All detections (conf>=0.25): 2
INFO:modules.yolo_detector:   - All classes found: [(0, 0.25332170724868774), (0, 0.8453047275543213)]
INFO:modules.yolo_detector:   - Person detections (class=0, conf>=0.25): 2
INFO:modules.yolo_detector:   - Sample person detection: bbox=[512, 469, 654, 719], conf=0.85, center=(583, 594)
INFO:modules.yolo_detector:🔍 YOLO Detection Debug (call #180):
INFO:modules.yolo_detector:   - Model: models/yolo11n.pt
INFO:modules.yolo_detector:   - Person class ID expected: 0
INFO:modules.yolo_detector:   - Confidence threshold: 0.25
INFO:modules.yolo_detector:   - All detections (conf>=0.25): 2
INFO:modules.yolo_detector:   - All classes found: [(0, 0.312067449092865), (0, 0.3486027121543884)]
INFO:modules.yolo_detector:   - Person detections (class=0, conf>=0.25): 2
INFO:modules.yolo_detector:   - Sample person detection: bbox=[478, 418, 610, 716], conf=0.35, center=(544, 567)
INFO:modules.queue_monitor:[camera_1] Frame 180 detections:
INFO:modules.queue_monitor:  total=1, queue=0, counter=0, outside=1
INFO:modules.queue_monitor:  Queue ROI configured: False
INFO:modules.queue_monitor:  Counter ROI configured: False
INFO:modules.queue_monitor:  All detections classification:
INFO:modules.queue_monitor:    Det 1: bbox=[438, 180, 1105, 707], center=(771, 443), area=none
INFO:modules.queue_monitor:[camera_1] Queue tracking debug (Frame 180):
INFO:modules.queue_monitor:  Detections passed to tracking: 0
INFO:modules.queue_monitor:  Active tracks in queue area: 0
INFO:modules.queue_monitor:  Dwell time threshold: 5.0s
INFO:modules.queue_monitor:  Final count: 0
INFO:modules.queue_monitor:[camera_1] Frame 180 tracking results:
INFO:modules.queue_monitor:  Counter detections passed to tracking: 0
INFO:modules.queue_monitor:  Counter count after tracking: 0
INFO:modules.queue_monitor:  Dwell time threshold: 0.0
INFO:modules.queue_monitor:  Uniform fallback enabled: True
INFO:modules.queue_monitor:[camera_1] 📊 Queue Monitor Status (Frame 180):
INFO:modules.queue_monitor:  Queue count: 0, Counter count: 0
INFO:modules.queue_monitor:  Settings: queue_threshold=3, wait_threshold=120.0s
INFO:modules.queue_monitor:  Last alert: Never
INFO:modules.queue_monitor:[camera_2] Frame 180 detections:
INFO:modules.queue_monitor:  total=6, queue=0, counter=0, outside=6
INFO:modules.queue_monitor:  Queue ROI configured: False
INFO:modules.queue_monitor:  Counter ROI configured: False
INFO:modules.queue_monitor:  All detections classification:
INFO:modules.queue_monitor:    Det 1: bbox=[396, 43, 491, 231], center=(443, 137), area=none
INFO:modules.queue_monitor:    Det 2: bbox=[832, 314, 1261, 714], center=(1046, 514), area=none
INFO:modules.queue_monitor:    Det 3: bbox=[261, 59, 436, 243], center=(348, 151), area=none
INFO:modules.queue_monitor:    Det 4: bbox=[1066, 90, 1196, 308], center=(1131, 199), area=none
INFO:modules.queue_monitor:    Det 5: bbox=[70, 417, 358, 645], center=(214, 531), area=none
INFO:modules.queue_monitor:[camera_2] Queue tracking debug (Frame 180):
INFO:modules.queue_monitor:  Detections passed to tracking: 0
INFO:modules.queue_monitor:  Active tracks in queue area: 0
INFO:modules.queue_monitor:  Dwell time threshold: 5.0s
INFO:modules.queue_monitor:  Final count: 0
INFO:modules.queue_monitor:[camera_2] Frame 180 tracking results:
INFO:modules.queue_monitor:  Counter detections passed to tracking: 0
INFO:modules.queue_monitor:  Counter count after tracking: 0
INFO:modules.queue_monitor:  Dwell time threshold: 0.0
INFO:modules.queue_monitor:  Uniform fallback enabled: True
INFO:modules.queue_monitor:[camera_2] 📊 Queue Monitor Status (Frame 180):
INFO:modules.queue_monitor:  Queue count: 0, Counter count: 0
INFO:modules.queue_monitor:  Settings: queue_threshold=3, wait_threshold=120.0s
INFO:modules.queue_monitor:  Last alert: Never
INFO:modules.yolo_detector:🔍 YOLO Detection Debug (call #180):
INFO:modules.yolo_detector:   - Model: models/yolo11n.pt
INFO:modules.yolo_detector:   - Person class ID expected: 0
INFO:modules.yolo_detector:   - Confidence threshold: 0.25
INFO:modules.yolo_detector:   - All detections (conf>=0.25): 5
INFO:modules.yolo_detector:   - All classes found: [(0, 0.28933602571487427), (0, 0.2942342758178711), (0, 0.4335494041442871), (0, 0.5242335200309753), (0, 0.8050556182861328)]
INFO:modules.yolo_detector:   - Person detections (class=0, conf>=0.25): 5
INFO:modules.yolo_detector:   - Sample person detection: bbox=[429, 91, 503, 275], conf=0.81, center=(466, 183)
INFO:modules.yolo_detector:🔍 YOLO Detection Debug (call #180):
INFO:modules.yolo_detector:   - Model: models/yolo11n.pt
INFO:modules.yolo_detector:   - Person class ID expected: 0
INFO:modules.yolo_detector:   - Confidence threshold: 0.25
INFO:modules.yolo_detector:   - All detections (conf>=0.25): 5
INFO:modules.yolo_detector:   - All classes found: [(0, 0.26036787033081055), (0, 0.42075228691101074), (0, 0.46121013164520264), (0, 0.7378615736961365), (0, 0.7418686747550964)]
INFO:modules.yolo_detector:   - Person detections (class=0, conf>=0.25): 5
INFO:modules.yolo_detector:   - Sample person detection: bbox=[90, 115, 181, 323], conf=0.74, center=(135, 219)
INFO:modules.yolo_detector:🔍 YOLO Detection Debug (call #180):
INFO:modules.yolo_detector:   - Model: models/yolo11n.pt
INFO:modules.yolo_detector:   - Person class ID expected: 0
INFO:modules.yolo_detector:   - Confidence threshold: 0.25
INFO:modules.yolo_detector:   - All detections (conf>=0.25): 4
INFO:modules.yolo_detector:   - All classes found: [(0, 0.40947994589805603), (0, 0.4425602853298187), (0, 0.5803717970848083), (0, 0.7007045745849609)]
INFO:modules.yolo_detector:   - Person detections (class=0, conf>=0.25): 4
INFO:modules.yolo_detector:   - Sample person detection: bbox=[479, 239, 656, 346], conf=0.70, center=(567, 292)
INFO:modules.yolo_detector:🔍 YOLO Detection Debug (call #180):
INFO:modules.yolo_detector:   - Model: models/yolo11n.pt
INFO:modules.yolo_detector:   - Person class ID expected: 0
INFO:modules.yolo_detector:   - Confidence threshold: 0.25
INFO:modules.yolo_detector:   - All detections (conf>=0.25): 8
INFO:modules.yolo_detector:   - All classes found: [(0, 0.2594015300273895), (0, 0.262761652469635), (0, 0.3080214858055115), (0, 0.3517926335334778), (0, 0.3861132264137268), (0, 0.418110728263855), (0, 0.639176070690155), (0, 0.8227810263633728)]
INFO:modules.yolo_detector:   - Person detections (class=0, conf>=0.25): 8
INFO:modules.yolo_detector:   - Sample person detection: bbox=[981, 152, 1146, 471], conf=0.82, center=(1063, 311)
INFO:modules.yolo_detector:🔍 YOLO Detection Debug (call #180):
INFO:modules.yolo_detector:   - Model: models/yolo11n.pt
INFO:modules.yolo_detector:   - Person class ID expected: 0
INFO:modules.yolo_detector:   - Confidence threshold: 0.25
INFO:modules.yolo_detector:   - All detections (conf>=0.25): 10
INFO:modules.yolo_detector:   - All classes found: [(0, 0.2888248562812805), (0, 0.29269322752952576), (0, 0.293941468000412), (0, 0.3619127571582794), (0, 0.4011474549770355), (0, 0.6326819658279419), (0, 0.6755754351615906), (0, 0.7074165940284729), (0, 0.7909454107284546), (0, 0.8832246661186218)]
INFO:modules.yolo_detector:   - Person detections (class=0, conf>=0.25): 10
INFO:modules.yolo_detector:   - Sample person detection: bbox=[625, 319, 883, 522], conf=0.88, center=(754, 420)
INFO:modules.yolo_detector:🔍 YOLO Detection Debug (call #90):
INFO:modules.yolo_detector:   - Model: models/yolo11n.pt
INFO:modules.yolo_detector:   - Person class ID expected: 0
INFO:modules.yolo_detector:   - Confidence threshold: 0.5
INFO:modules.yolo_detector:   - All detections (conf>=0.25): 0
WARNING:modules.yolo_detector:   - ⚠️ No detections found at all (conf>=0.25)!
INFO:modules.yolo_detector:   - Person detections (class=0, conf>=0.5): 0
WARNING:modules.yolo_detector:   - ⚠️ No detections found - model may not be detecting anything in this frame
INFO:modules.yolo_detector:🔍 YOLO Detection Debug (call #180):
INFO:modules.yolo_detector:   - Model: models/yolo11n.pt
INFO:modules.yolo_detector:   - Person class ID expected: 0
INFO:modules.yolo_detector:   - Confidence threshold: 0.25
INFO:modules.yolo_detector:   - All detections (conf>=0.25): 4
INFO:modules.yolo_detector:   - All classes found: [(0, 0.26198819279670715), (0, 0.26791635155677795), (0, 0.31086209416389465), (0, 0.623529314994812)]
INFO:modules.yolo_detector:   - Person detections (class=0, conf>=0.25): 4
INFO:modules.yolo_detector:   - Sample person detection: bbox=[666, 386, 846, 678], conf=0.62, center=(756, 532)
INFO:modules.queue_monitor:[camera_17] Frame 180 detections:
INFO:modules.queue_monitor:  total=0, queue=0, counter=0, outside=0
INFO:modules.queue_monitor:  Queue ROI configured: False
INFO:modules.queue_monitor:  Counter ROI configured: False
INFO:modules.queue_monitor:[camera_17] Queue tracking debug (Frame 180):
INFO:modules.queue_monitor:  Detections passed to tracking: 0
INFO:modules.queue_monitor:  Active tracks in queue area: 0
INFO:modules.queue_monitor:  Dwell time threshold: 5.0s
INFO:modules.queue_monitor:  Final count: 0
INFO:modules.queue_monitor:[camera_17] Frame 180 tracking results:
INFO:modules.queue_monitor:  Counter detections passed to tracking: 0
INFO:modules.queue_monitor:  Counter count after tracking: 0
INFO:modules.queue_monitor:  Dwell time threshold: 0.0
INFO:modules.queue_monitor:  Uniform fallback enabled: True
INFO:modules.queue_monitor:[camera_17] 📊 Queue Monitor Status (Frame 180):
INFO:modules.queue_monitor:  Queue count: 0, Counter count: 0
INFO:modules.queue_monitor:  Settings: queue_threshold=3, wait_threshold=120.0s
INFO:modules.queue_monitor:  Last alert: Never
WARNING:modules.service_discipline_monitor:[camera_4] ⚠️ Order wait violation: Table table_3, customer 7 waiting 604.5s (threshold: 300.0s)
INFO:modules.service_discipline_monitor:[camera_4] 🔔 Triggering alert: order_wait=604.5s, threshold=300.0s, cooldown=300.0s, time_since_last_alert=300.0s
INFO:modules.service_discipline_monitor:[camera_4] 📊 Violation details: T_seated=1773480641.769833, T_order_start=None, order_wait=604.5s
INFO:modules.service_discipline_monitor:[camera_4] 📸 Starting GIF recording: frame shape=(720, 1280, 3), table=table_3, violation=order_wait
INFO:modules.service_discipline_monitor:[camera_4] 🎬 Starting GIF recording for table table_3, violation=order_wait
INFO:modules.gif_recorder:Started alert GIF recording for: Unknown alert
INFO:modules.service_discipline_monitor:Service discipline snapshot saved: static/service_discipline/service_table_table_3_camera_4_20260314_151046.jpg
INFO:modules.service_discipline_monitor:[camera_4] 📸 Service discipline snapshot saved: static/service_discipline/service_table_table_3_camera_4_20260314_151046.jpg
INFO:modules.service_discipline_monitor:[camera_4] 📊 Calculated wait times for violation: order_wait_time=604.5124378204346, service_wait_time=None, violation_type=order_wait
INFO:modules.service_discipline_monitor:[camera_4] 💾 Saving violation to database: Table table_3, order_wait = 604.5s
INFO:modules.database:📊 Extracted wait times from alert_data: order_wait_time=604.5124378204346, service_wait_time=None
INFO:modules.database:✅ Table service violation saved: ID=44, Table table_3 in channel camera_4, waiting time: 604.5s, order wait: 604.5s, service wait: N/A, snapshot_path=static/service_discipline/service_table_table_3_camera_4_20260314_151046.jpg
INFO:modules.database:✅ Resolved snapshot path (direct): static/service_discipline/service_table_table_3_camera_4_20260314_151046.jpg -> /home/ubuntu/Niyaaz_biryani/niyaaz/static/service_discipline/service_table_table_3_camera_4_20260314_151046.jpg
INFO:modules.telegram_notifier:Sending Telegram alert with image: /home/ubuntu/Niyaaz_biryani/niyaaz/static/service_discipline/service_table_table_3_camera_4_20260314_151046.jpg
INFO:modules.telegram_notifier:✅ Telegram photo sent successfully: service_table_table_3_camera_4_20260314_151046.jpg (318.9KB)
INFO:modules.service_discipline_monitor:[camera_4] ✅ Violation saved to table_service_violations: ID=44, order_wait=604.5124378204346, service_wait=None (GIF recording in progress)
INFO:modules.service_discipline_monitor:[camera_4] ✅ Alert logged to general alerts table: Service discipline violation: Table table_3 order_wait = 604.5s (threshold: 300.0s)
INFO:modules.material_theft_monitor:[camera_15] 👤 Person(s) detected near ROI: 1 person(s)
INFO:modules.gif_recorder:GIF saved: static/alerts/alert_20260314_151046.gif (32 frames, 200ms/frame)
INFO:modules.gif_recorder:Alert GIF created: static/alerts/alert_20260314_151046.gif (32 frames)
INFO:modules.service_discipline_monitor:[camera_4] 🎬 GIF recording completed!
INFO:modules.service_discipline_monitor:[camera_4] ✅ Updated violation 44 with GIF path: static/alerts/alert_20260314_151046.gif
INFO:modules.telegram_notifier:Sending Telegram alert with image: static/alerts/alert_20260314_151046.gif
INFO:modules.telegram_notifier:✅ Telegram document sent successfully: alert_20260314_151046.gif (3396.6KB)
INFO:modules.telegram_notifier:Sending Telegram alert with image: static/alerts/alert_20260314_151046.gif
INFO:modules.telegram_notifier:✅ Telegram document sent successfully: alert_20260314_151046.gif (3396.6KB)
INFO:modules.service_discipline_monitor:[camera_4] ✅ Telegram alert sent with GIF: alert_20260314_151046.gif
INFO:modules.service_discipline_monitor:[camera_4] ✅ Service discipline alert GIF saved to database: alert_20260314_151046.gif
WARNING:modules.service_discipline_monitor:[camera_6] ⚠️ Order wait violation: Table table_5, customer 1 waiting 615.4s (threshold: 300.0s)
INFO:modules.service_discipline_monitor:[camera_6] 🔔 Triggering alert: order_wait=615.4s, threshold=300.0s, cooldown=300.0s, time_since_last_alert=309.0s
INFO:modules.service_discipline_monitor:[camera_6] 📊 Violation details: T_seated=1773480642.09588, T_order_start=None, order_wait=615.4s
INFO:modules.service_discipline_monitor:[camera_6] 📸 Starting GIF recording: frame shape=(720, 1280, 3), table=table_5, violation=order_wait
INFO:modules.service_discipline_monitor:[camera_6] 🎬 Starting GIF recording for table table_5, violation=order_wait
INFO:modules.gif_recorder:Started alert GIF recording for: Unknown alert
INFO:modules.service_discipline_monitor:Service discipline snapshot saved: static/service_discipline/service_table_table_5_camera_6_20260314_151057.jpg
INFO:modules.service_discipline_monitor:[camera_6] 📸 Service discipline snapshot saved: static/service_discipline/service_table_table_5_camera_6_20260314_151057.jpg
INFO:modules.service_discipline_monitor:[camera_6] 📊 Calculated wait times for violation: order_wait_time=615.4440310001373, service_wait_time=None, violation_type=order_wait
INFO:modules.service_discipline_monitor:[camera_6] 💾 Saving violation to database: Table table_5, order_wait = 615.4s
INFO:modules.database:📊 Extracted wait times from alert_data: order_wait_time=615.4440310001373, service_wait_time=None
INFO:modules.database:✅ Table service violation saved: ID=45, Table table_5 in channel camera_6, waiting time: 615.4s, order wait: 615.4s, service wait: N/A, snapshot_path=static/service_discipline/service_table_table_5_camera_6_20260314_151057.jpg
INFO:modules.database:✅ Resolved snapshot path (direct): static/service_discipline/service_table_table_5_camera_6_20260314_151057.jpg -> /home/ubuntu/Niyaaz_biryani/niyaaz/static/service_discipline/service_table_table_5_camera_6_20260314_151057.jpg
INFO:modules.telegram_notifier:Sending Telegram alert with image: /home/ubuntu/Niyaaz_biryani/niyaaz/static/service_discipline/service_table_table_5_camera_6_20260314_151057.jpg
INFO:modules.telegram_notifier:✅ Telegram photo sent successfully: service_table_table_5_camera_6_20260314_151057.jpg (345.9KB)
INFO:modules.service_discipline_monitor:[camera_6] ✅ Violation saved to table_service_violations: ID=45, order_wait=615.4440310001373, service_wait=None (GIF recording in progress)
INFO:modules.service_discipline_monitor:[camera_6] ✅ Alert logged to general alerts table: Service discipline violation: Table table_5 order_wait = 615.4s (threshold: 300.0s)
WARNING:modules.service_discipline_monitor:[camera_6] ⚠️ Order wait violation: Table table_5, customer 4 waiting 615.4s (threshold: 300.0s)
INFO:modules.service_discipline_monitor:[camera_6] 🔔 Triggering alert: order_wait=615.4s, threshold=300.0s, cooldown=300.0s, time_since_last_alert=309.0s
INFO:modules.service_discipline_monitor:[camera_6] 📊 Violation details: T_seated=1773480642.09588, T_order_start=None, order_wait=615.4s
INFO:modules.service_discipline_monitor:[camera_6] 📸 Starting GIF recording: frame shape=(720, 1280, 3), table=table_5, violation=order_wait
INFO:modules.service_discipline_monitor:[camera_6] 🎬 Starting GIF recording for table table_5, violation=order_wait
WARNING:modules.service_discipline_monitor:[camera_6] ⚠️ GIF recording already in progress - skipping GIF for this violation
INFO:modules.service_discipline_monitor:Service discipline snapshot saved: static/service_discipline/service_table_table_5_camera_6_20260314_151057.jpg
INFO:modules.service_discipline_monitor:[camera_6] 📸 Service discipline snapshot saved: static/service_discipline/service_table_table_5_camera_6_20260314_151057.jpg
INFO:modules.service_discipline_monitor:[camera_6] 📊 Calculated wait times for violation: order_wait_time=615.4440310001373, service_wait_time=None, violation_type=order_wait
INFO:modules.service_discipline_monitor:[camera_6] 💾 Saving violation to database: Table table_5, order_wait = 615.4s
INFO:modules.database:📊 Extracted wait times from alert_data: order_wait_time=615.4440310001373, service_wait_time=None
INFO:modules.database:✅ Table service violation saved: ID=46, Table table_5 in channel camera_6, waiting time: 615.4s, order wait: 615.4s, service wait: N/A, snapshot_path=static/service_discipline/service_table_table_5_camera_6_20260314_151057.jpg
INFO:modules.database:✅ Resolved snapshot path (direct): static/service_discipline/service_table_table_5_camera_6_20260314_151057.jpg -> /home/ubuntu/Niyaaz_biryani/niyaaz/static/service_discipline/service_table_table_5_camera_6_20260314_151057.jpg
INFO:modules.telegram_notifier:Sending Telegram alert with image: /home/ubuntu/Niyaaz_biryani/niyaaz/static/service_discipline/service_table_table_5_camera_6_20260314_151057.jpg
INFO:modules.telegram_notifier:✅ Telegram photo sent successfully: service_table_table_5_camera_6_20260314_151057.jpg (345.2KB)
INFO:modules.service_discipline_monitor:[camera_6] ✅ Violation saved to table_service_violations: ID=46, order_wait=615.4440310001373, service_wait=None (GIF recording skipped)
INFO:modules.service_discipline_monitor:[camera_6] ✅ Alert logged to general alerts table: Service discipline violation: Table table_5 order_wait = 615.4s (threshold: 300.0s)
WARNING:modules.service_discipline_monitor:[camera_7] ⚠️ Order wait violation: Table table_6, customer 2 waiting 617.4s (threshold: 300.0s)
INFO:modules.service_discipline_monitor:[camera_7] 🔔 Triggering alert: order_wait=617.4s, threshold=300.0s, cooldown=300.0s, time_since_last_alert=309.0s
INFO:modules.service_discipline_monitor:[camera_7] 📊 Violation details: T_seated=1773480642.2596, T_order_start=None, order_wait=617.4s
INFO:modules.service_discipline_monitor:[camera_7] 📸 Starting GIF recording: frame shape=(720, 1280, 3), table=table_6, violation=order_wait
INFO:modules.service_discipline_monitor:[camera_7] 🎬 Starting GIF recording for table table_6, violation=order_wait
INFO:modules.gif_recorder:Started alert GIF recording for: Unknown alert
INFO:modules.service_discipline_monitor:Service discipline snapshot saved: static/service_discipline/service_table_table_6_camera_7_20260314_151059.jpg
INFO:modules.service_discipline_monitor:[camera_7] 📸 Service discipline snapshot saved: static/service_discipline/service_table_table_6_camera_7_20260314_151059.jpg
INFO:modules.service_discipline_monitor:[camera_7] 📊 Calculated wait times for violation: order_wait_time=617.426488161087, service_wait_time=None, violation_type=order_wait
INFO:modules.service_discipline_monitor:[camera_7] 💾 Saving violation to database: Table table_6, order_wait = 617.4s
INFO:modules.database:📊 Extracted wait times from alert_data: order_wait_time=617.426488161087, service_wait_time=None
INFO:modules.database:✅ Table service violation saved: ID=47, Table table_6 in channel camera_7, waiting time: 617.4s, order wait: 617.4s, service wait: N/A, snapshot_path=static/service_discipline/service_table_table_6_camera_7_20260314_151059.jpg
INFO:modules.database:✅ Resolved snapshot path (direct): static/service_discipline/service_table_table_6_camera_7_20260314_151059.jpg -> /home/ubuntu/Niyaaz_biryani/niyaaz/static/service_discipline/service_table_table_6_camera_7_20260314_151059.jpg
INFO:modules.telegram_notifier:Sending Telegram alert with image: /home/ubuntu/Niyaaz_biryani/niyaaz/static/service_discipline/service_table_table_6_camera_7_20260314_151059.jpg
INFO:modules.telegram_notifier:✅ Telegram photo sent successfully: service_table_table_6_camera_7_20260314_151059.jpg (374.1KB)
INFO:modules.service_discipline_monitor:[camera_7] ✅ Violation saved to table_service_violations: ID=47, order_wait=617.426488161087, service_wait=None (GIF recording in progress)
INFO:modules.service_discipline_monitor:[camera_7] ✅ Alert logged to general alerts table: Service discipline violation: Table table_6 order_wait = 617.4s (threshold: 300.0s)
WARNING:modules.service_discipline_monitor:[camera_8] ⚠️ Order wait violation: Table table_7, customer 1 waiting 618.3s (threshold: 300.0s)
INFO:modules.service_discipline_monitor:[camera_8] 🔔 Triggering alert: order_wait=618.3s, threshold=300.0s, cooldown=300.0s, time_since_last_alert=308.7s
INFO:modules.service_discipline_monitor:[camera_8] 📊 Violation details: T_seated=1773480642.427568, T_order_start=None, order_wait=618.3s
INFO:modules.service_discipline_monitor:[camera_8] 📸 Starting GIF recording: frame shape=(720, 1280, 3), table=table_7, violation=order_wait
INFO:modules.service_discipline_monitor:[camera_8] 🎬 Starting GIF recording for table table_7, violation=order_wait
INFO:modules.gif_recorder:Started alert GIF recording for: Unknown alert
INFO:modules.service_discipline_monitor:Service discipline snapshot saved: static/service_discipline/service_table_table_7_camera_8_20260314_151100.jpg
INFO:modules.service_discipline_monitor:[camera_8] 📸 Service discipline snapshot saved: static/service_discipline/service_table_table_7_camera_8_20260314_151100.jpg
INFO:modules.service_discipline_monitor:[camera_8] 📊 Calculated wait times for violation: order_wait_time=618.3499989509583, service_wait_time=None, violation_type=order_wait
INFO:modules.service_discipline_monitor:[camera_8] 💾 Saving violation to database: Table table_7, order_wait = 618.3s
INFO:modules.database:📊 Extracted wait times from alert_data: order_wait_time=618.3499989509583, service_wait_time=None
INFO:modules.database:✅ Table service violation saved: ID=48, Table table_7 in channel camera_8, waiting time: 618.3s, order wait: 618.3s, service wait: N/A, snapshot_path=static/service_discipline/service_table_table_7_camera_8_20260314_151100.jpg
INFO:modules.database:✅ Resolved snapshot path (direct): static/service_discipline/service_table_table_7_camera_8_20260314_151100.jpg -> /home/ubuntu/Niyaaz_biryani/niyaaz/static/service_discipline/service_table_table_7_camera_8_20260314_151100.jpg
INFO:modules.telegram_notifier:Sending Telegram alert with image: /home/ubuntu/Niyaaz_biryani/niyaaz/static/service_discipline/service_table_table_7_camera_8_20260314_151100.jpg
INFO:modules.telegram_notifier:✅ Telegram photo sent successfully: service_table_table_7_camera_8_20260314_151100.jpg (387.0KB)
INFO:modules.service_discipline_monitor:[camera_8] ✅ Violation saved to table_service_violations: ID=48, order_wait=618.3499989509583, service_wait=None (GIF recording in progress)
INFO:modules.service_discipline_monitor:[camera_8] ✅ Alert logged to general alerts table: Service discipline violation: Table table_7 order_wait = 618.3s (threshold: 300.0s)
WARNING:modules.service_discipline_monitor:[camera_8] ⚠️ Order wait violation: Table table_7, customer 15 waiting 605.4s (threshold: 300.0s)
INFO:modules.service_discipline_monitor:[camera_8] 🔔 Triggering alert: order_wait=605.4s, threshold=300.0s, cooldown=300.0s, time_since_last_alert=308.7s
INFO:modules.service_discipline_monitor:[camera_8] 📊 Violation details: T_seated=1773480655.333086, T_order_start=None, order_wait=605.4s
INFO:modules.service_discipline_monitor:[camera_8] 📸 Starting GIF recording: frame shape=(720, 1280, 3), table=table_7, violation=order_wait
INFO:modules.service_discipline_monitor:[camera_8] 🎬 Starting GIF recording for table table_7, violation=order_wait
WARNING:modules.service_discipline_monitor:[camera_8] ⚠️ GIF recording already in progress - skipping GIF for this violation
INFO:modules.service_discipline_monitor:Service discipline snapshot saved: static/service_discipline/service_table_table_7_camera_8_20260314_151100.jpg
INFO:modules.service_discipline_monitor:[camera_8] 📸 Service discipline snapshot saved: static/service_discipline/service_table_table_7_camera_8_20260314_151100.jpg
INFO:modules.service_discipline_monitor:[camera_8] 📊 Calculated wait times for violation: order_wait_time=605.4444808959961, service_wait_time=None, violation_type=order_wait
INFO:modules.service_discipline_monitor:[camera_8] 💾 Saving violation to database: Table table_7, order_wait = 605.4s
INFO:modules.database:📊 Extracted wait times from alert_data: order_wait_time=605.4444808959961, service_wait_time=None
INFO:modules.database:✅ Table service violation saved: ID=49, Table table_7 in channel camera_8, waiting time: 605.4s, order wait: 605.4s, service wait: N/A, snapshot_path=static/service_discipline/service_table_table_7_camera_8_20260314_151100.jpg
INFO:modules.database:✅ Resolved snapshot path (direct): static/service_discipline/service_table_table_7_camera_8_20260314_151100.jpg -> /home/ubuntu/Niyaaz_biryani/niyaaz/static/service_discipline/service_table_table_7_camera_8_20260314_151100.jpg
INFO:modules.telegram_notifier:Sending Telegram alert with image: /home/ubuntu/Niyaaz_biryani/niyaaz/static/service_discipline/service_table_table_7_camera_8_20260314_151100.jpg
INFO:modules.telegram_notifier:✅ Telegram photo sent successfully: service_table_table_7_camera_8_20260314_151100.jpg (385.3KB)
INFO:modules.service_discipline_monitor:[camera_8] ✅ Violation saved to table_service_violations: ID=49, order_wait=605.4444808959961, service_wait=None (GIF recording skipped)
INFO:modules.service_discipline_monitor:[camera_8] ✅ Alert logged to general alerts table: Service discipline violation: Table table_7 order_wait = 605.4s (threshold: 300.0s)
WARNING:modules.service_discipline_monitor:[camera_8] ⚠️ Order wait violation: Table table_7, customer 69 waiting 418.8s (threshold: 300.0s)
INFO:modules.service_discipline_monitor:[camera_8] 🔔 Triggering alert: order_wait=418.8s, threshold=300.0s, cooldown=300.0s, time_since_last_alert=308.7s
INFO:modules.service_discipline_monitor:[camera_8] 📊 Violation details: T_seated=1773480842.015323, T_order_start=None, order_wait=418.8s
INFO:modules.service_discipline_monitor:[camera_8] 📸 Starting GIF recording: frame shape=(720, 1280, 3), table=table_7, violation=order_wait
INFO:modules.service_discipline_monitor:[camera_8] 🎬 Starting GIF recording for table table_7, violation=order_wait
WARNING:modules.service_discipline_monitor:[camera_8] ⚠️ GIF recording already in progress - skipping GIF for this violation
INFO:modules.service_discipline_monitor:Service discipline snapshot saved: static/service_discipline/service_table_table_7_camera_8_20260314_151100.jpg
INFO:modules.service_discipline_monitor:[camera_8] 📸 Service discipline snapshot saved: static/service_discipline/service_table_table_7_camera_8_20260314_151100.jpg
INFO:modules.service_discipline_monitor:[camera_8] 📊 Calculated wait times for violation: order_wait_time=418.76224398612976, service_wait_time=None, violation_type=order_wait
INFO:modules.service_discipline_monitor:[camera_8] 💾 Saving violation to database: Table table_7, order_wait = 418.8s
INFO:modules.database:📊 Extracted wait times from alert_data: order_wait_time=418.76224398612976, service_wait_time=None
INFO:modules.database:✅ Table service violation saved: ID=50, Table table_7 in channel camera_8, waiting time: 418.8s, order wait: 418.8s, service wait: N/A, snapshot_path=static/service_discipline/service_table_table_7_camera_8_20260314_151100.jpg
INFO:modules.database:✅ Resolved snapshot path (direct): static/service_discipline/service_table_table_7_camera_8_20260314_151100.jpg -> /home/ubuntu/Niyaaz_biryani/niyaaz/static/service_discipline/service_table_table_7_camera_8_20260314_151100.jpg
INFO:modules.telegram_notifier:Sending Telegram alert with image: /home/ubuntu/Niyaaz_biryani/niyaaz/static/service_discipline/service_table_table_7_camera_8_20260314_151100.jpg
INFO:modules.telegram_notifier:✅ Telegram photo sent successfully: service_table_table_7_camera_8_20260314_151100.jpg (386.7KB)
INFO:modules.service_discipline_monitor:[camera_8] ✅ Violation saved to table_service_violations: ID=50, order_wait=418.76224398612976, service_wait=None (GIF recording skipped)
INFO:modules.service_discipline_monitor:[camera_8] ✅ Alert logged to general alerts table: Service discipline violation: Table table_7 order_wait = 418.8s (threshold: 300.0s)
WARNING:modules.service_discipline_monitor:[camera_8] ⚠️ Order wait violation: Table table_7, customer 3 waiting 390.5s (threshold: 300.0s)
INFO:modules.service_discipline_monitor:[camera_8] 🔔 Triggering alert: order_wait=390.5s, threshold=300.0s, cooldown=300.0s, time_since_last_alert=308.7s
INFO:modules.service_discipline_monitor:[camera_8] 📊 Violation details: T_seated=1773480870.279312, T_order_start=None, order_wait=390.5s
INFO:modules.service_discipline_monitor:[camera_8] 📸 Starting GIF recording: frame shape=(720, 1280, 3), table=table_7, violation=order_wait
INFO:modules.service_discipline_monitor:[camera_8] 🎬 Starting GIF recording for table table_7, violation=order_wait
WARNING:modules.service_discipline_monitor:[camera_8] ⚠️ GIF recording already in progress - skipping GIF for this violation
INFO:modules.service_discipline_monitor:Service discipline snapshot saved: static/service_discipline/service_table_table_7_camera_8_20260314_151100.jpg
INFO:modules.service_discipline_monitor:[camera_8] 📸 Service discipline snapshot saved: static/service_discipline/service_table_table_7_camera_8_20260314_151100.jpg
INFO:modules.service_discipline_monitor:[camera_8] 📊 Calculated wait times for violation: order_wait_time=390.49825501441956, service_wait_time=None, violation_type=order_wait
INFO:modules.service_discipline_monitor:[camera_8] 💾 Saving violation to database: Table table_7, order_wait = 390.5s
INFO:modules.database:📊 Extracted wait times from alert_data: order_wait_time=390.49825501441956, service_wait_time=None
INFO:modules.database:✅ Table service violation saved: ID=51, Table table_7 in channel camera_8, waiting time: 390.5s, order wait: 390.5s, service wait: N/A, snapshot_path=static/service_discipline/service_table_table_7_camera_8_20260314_151100.jpg
INFO:modules.database:✅ Resolved snapshot path (direct): static/service_discipline/service_table_table_7_camera_8_20260314_151100.jpg -> /home/ubuntu/Niyaaz_biryani/niyaaz/static/service_discipline/service_table_table_7_camera_8_20260314_151100.jpg
INFO:modules.telegram_notifier:Sending Telegram alert with image: /home/ubuntu/Niyaaz_biryani/niyaaz/static/service_discipline/service_table_table_7_camera_8_20260314_151100.jpg
INFO:modules.telegram_notifier:✅ Telegram photo sent successfully: service_table_table_7_camera_8_20260314_151100.jpg (385.2KB)
INFO:modules.service_discipline_monitor:[camera_8] ✅ Violation saved to table_service_violations: ID=51, order_wait=390.49825501441956, service_wait=None (GIF recording skipped)
INFO:modules.service_discipline_monitor:[camera_8] ✅ Alert logged to general alerts table: Service discipline violation: Table table_7 order_wait = 390.5s (threshold: 300.0s)
INFO:modules.gif_recorder:GIF saved: static/alerts/alert_20260314_151100.gif (31 frames, 200ms/frame)
INFO:modules.gif_recorder:Alert GIF created: static/alerts/alert_20260314_151100.gif (31 frames)
INFO:modules.cash_detection:💰 Cashdraw-open detected at 1773481268.858138
INFO:modules.table_service_monitor:[camera_6] Table table_589_636: State changed to unclean (no person present, 5 consecutive detections, conf=0.853)
INFO:modules.gif_recorder:GIF saved: static/alerts/alert_20260314_151057.gif (32 frames, 200ms/frame)
INFO:modules.gif_recorder:Alert GIF created: static/alerts/alert_20260314_151057.gif (32 frames)
INFO:modules.service_discipline_monitor:[camera_6] 🎬 GIF recording completed!
INFO:modules.service_discipline_monitor:[camera_6] ✅ Updated violation 45 with GIF path: static/alerts/alert_20260314_151057.gif
INFO:modules.telegram_notifier:Sending Telegram alert with image: static/alerts/alert_20260314_151057.gif
ERROR:__main__:Error reading legacy stores.json: Expecting value: line 1 column 1 (char 0)
INFO:werkzeug:127.0.0.1 - - [14/Mar/2026 15:11:12] "GET /api/get_stores HTTP/1.1" 200 -
INFO:werkzeug:127.0.0.1 - - [14/Mar/2026 15:11:12] "GET /api/get_module_analytics/QueueMonitor?store_id=store_1 HTTP/1.1" 200 -
INFO:werkzeug:127.0.0.1 - - [14/Mar/2026 15:11:12] "GET /api/get_module_analytics/DressCodeMonitoring?store_id=store_1 HTTP/1.1" 200 -
INFO:werkzeug:127.0.0.1 - - [14/Mar/2026 15:11:12] "GET /api/get_module_analytics/PPEMonitoring?store_id=store_1 HTTP/1.1" 200 -
INFO:werkzeug:127.0.0.1 - - [14/Mar/2026 15:11:12] "GET /api/get_module_analytics/CashDetection?store_id=store_1 HTTP/1.1" 200 -
INFO:werkzeug:127.0.0.1 - - [14/Mar/2026 15:11:12] "GET /api/get_module_analytics/TableServiceMonitor?store_id=store_1 HTTP/1.1" 200 -
INFO:__main__:📊 Service Discipline Analytics: Querying violations from last 7 days (since 2026-03-07 15:11:12.965546+05:30 IST)
INFO:__main__:📊 Service Discipline Analytics: Found 51 total violations in database (last 7 days)
INFO:__main__:📊 Service Discipline Analytics: 51 relevant violations after filtering (excluded types: {'unclean_table', 'wrong_uniform', 'slow_reset'})
INFO:__main__:📊 Wait times found: 51 total, 51 order, 0 service
INFO:werkzeug:127.0.0.1 - - [14/Mar/2026 15:11:12] "GET /api/get_module_analytics/ServiceDisciplineMonitor?store_id=store_1 HTTP/1.1" 200 -
INFO:werkzeug:127.0.0.1 - - [14/Mar/2026 15:11:12] "GET /api/get_module_analytics/UnauthorizedEntryMonitor?store_id=store_1 HTTP/1.1" 200 -
INFO:werkzeug:127.0.0.1 - - [14/Mar/2026 15:11:12] "GET /api/get_module_analytics/MaterialTheftMonitor?store_id=store_1 HTTP/1.1" 200 -
INFO:werkzeug:127.0.0.1 - - [14/Mar/2026 15:11:13] "GET /api/get_module_analytics/FallDetection?store_id=store_1 HTTP/1.1" 200 -
INFO:werkzeug:127.0.0.1 - - [14/Mar/2026 15:11:13] "GET /api/get_module_analytics/SmokingDetection?store_id=store_1 HTTP/1.1" 200 -
INFO:werkzeug:127.0.0.1 - - [14/Mar/2026 15:11:13] "GET /api/get_module_analytics/PersonSmokingDetection?store_id=store_1 HTTP/1.1" 200 -
INFO:werkzeug:127.0.0.1 - - [14/Mar/2026 15:11:13] "GET /api/get_module_analytics/CrowdDetection?store_id=store_1 HTTP/1.1" 200 -
INFO:werkzeug:127.0.0.1 - - [14/Mar/2026 15:11:13] "GET /api/get_module_analytics/IdleTimeMonitor?store_id=store_1 HTTP/1.1" 200 -
INFO:werkzeug:127.0.0.1 - - [14/Mar/2026 15:11:13] "[33mGET /static/images/icons/queue.png HTTP/1.1[0m" 404 -
INFO:werkzeug:127.0.0.1 - - [14/Mar/2026 15:11:13] "[33mGET /static/images/icons/uniform.png HTTP/1.1[0m" 404 -
INFO:werkzeug:127.0.0.1 - - [14/Mar/2026 15:11:13] "[33mGET /static/images/icons/ppe.png HTTP/1.1[0m" 404 -
INFO:werkzeug:127.0.0.1 - - [14/Mar/2026 15:11:13] "[33mGET /static/images/icons/cash.png HTTP/1.1[0m" 404 -
INFO:werkzeug:127.0.0.1 - - [14/Mar/2026 15:11:13] "[33mGET /static/images/icons/clean.jpg HTTP/1.1[0m" 404 -
INFO:werkzeug:127.0.0.1 - - [14/Mar/2026 15:11:13] "[33mGET /static/images/icons/table_service.jpg HTTP/1.1[0m" 404 -
INFO:werkzeug:127.0.0.1 - - [14/Mar/2026 15:11:13] "[33mGET /static/images/icons/un.png HTTP/1.1[0m" 404 -
INFO:werkzeug:127.0.0.1 - - [14/Mar/2026 15:11:13] "[33mGET /static/images/icons/theft.jpg HTTP/1.1[0m" 404 -
INFO:werkzeug:127.0.0.1 - - [14/Mar/2026 15:11:13] "[33mGET /static/images/icons/fall.jpg HTTP/1.1[0m" 404 -
INFO:werkzeug:127.0.0.1 - - [14/Mar/2026 15:11:13] "[33mGET /static/images/icons/smoking.jpg HTTP/1.1[0m" 404 -
INFO:werkzeug:127.0.0.1 - - [14/Mar/2026 15:11:13] "[33mGET /static/images/icons/crowd.jpg HTTP/1.1[0m" 404 -
INFO:werkzeug:127.0.0.1 - - [14/Mar/2026 15:11:13] "[33mGET /static/images/icons/cig.jpg HTTP/1.1[0m" 404 -
INFO:werkzeug:127.0.0.1 - - [14/Mar/2026 15:11:13] "[33mGET /static/images/icons/ideal.png HTTP/1.1[0m" 404 -
INFO:modules.telegram_notifier:✅ Telegram document sent successfully: alert_20260314_151057.gif (3589.6KB)
INFO:modules.telegram_notifier:Sending Telegram alert with image: static/alerts/alert_20260314_151057.gif
INFO:modules.telegram_notifier:✅ Telegram document sent successfully: alert_20260314_151057.gif (3589.6KB)
INFO:modules.service_discipline_monitor:[camera_6] ✅ Telegram alert sent with GIF: alert_20260314_151057.gif
INFO:modules.service_discipline_monitor:[camera_6] ✅ Service discipline alert GIF saved to database: alert_20260314_151057.gif
INFO:modules.gif_recorder:GIF saved: static/alerts/alert_20260314_151059.gif (32 frames, 200ms/frame)
INFO:modules.gif_recorder:Alert GIF created: static/alerts/alert_20260314_151059.gif (32 frames)
INFO:modules.service_discipline_monitor:[camera_7] 🎬 GIF recording completed!
INFO:modules.service_discipline_monitor:[camera_7] ✅ Updated violation 47 with GIF path: static/alerts/alert_20260314_151059.gif
INFO:modules.telegram_notifier:Sending Telegram alert with image: static/alerts/alert_20260314_151059.gif
INFO:modules.telegram_notifier:✅ Telegram document sent successfully: alert_20260314_151059.gif (4055.8KB)
INFO:modules.telegram_notifier:Sending Telegram alert with image: static/alerts/alert_20260314_151059.gif
INFO:modules.telegram_notifier:✅ Telegram document sent successfully: alert_20260314_151059.gif (4055.8KB)
INFO:modules.service_discipline_monitor:[camera_7] ✅ Telegram alert sent with GIF: alert_20260314_151059.gif
INFO:modules.service_discipline_monitor:[camera_7] ✅ Service discipline alert GIF saved to database: alert_20260314_151059.gif
INFO:modules.material_theft_monitor:[camera_15] 👤 Person(s) detected near ROI: 1 person(s)
INFO:modules.service_discipline_monitor:[camera_19] 🪑 T_seated: Customer track 14 at table table_11
INFO:modules.service_discipline_monitor:[camera_19] 🪑 T_seated: Customer track 21 at table table_11
INFO:modules.service_discipline_monitor:[camera_19] 🪑 T_seated: Customer track 31 at table table_11
INFO:modules.service_discipline_monitor:[camera_19] 🪑 T_seated: Customer track 33 at table table_11
INFO:modules.cash_detection:💰 Cashdraw-open detected at 1773481291.923097
INFO:modules.material_theft_monitor:[camera_15] 👤 Person(s) detected near ROI: 1 person(s)
INFO:modules.table_service_monitor:[camera_6] Table table_590_636: State changed to unclean (no person present, 5 consecutive detections, conf=0.854)
INFO:modules.service_discipline_monitor:[camera_4] 🪑 T_seated: Customer track 107 at table table_3
INFO:modules.service_discipline_monitor:[camera_7] 🪑 T_seated: Customer track 148 at table table_6
WARNING:modules.crowd_detection:Crowd threshold alert: Crowd detected: 6 people (threshold: 5)
INFO:modules.gif_recorder:Started alert GIF recording for: Crowd detected: 6 people (threshold: 5)
INFO:modules.material_theft_monitor:[camera_15] 👤 Person(s) detected near ROI: 1 person(s)
INFO:modules.gif_recorder:GIF saved: static/alerts/alert_20260314_151138.gif (34 frames, 33ms/frame)
INFO:modules.gif_recorder:Alert GIF created: static/alerts/alert_20260314_151138.gif (34 frames)
INFO:modules.crowd_detection:Saved crowd alert GIF to database: static/alerts/alert_20260314_151138.gif
INFO:modules.table_service_monitor:[camera_6] Table table_589_635: State changed to unclean (no person present, 5 consecutive detections, conf=0.852)
nvstreammux: Successfully handled EOS for source_id=19
INFO:modules.material_theft_monitor:[camera_15] 👤 Person(s) detected near ROI: 1 person(s)
INFO:modules.service_discipline_monitor:[camera_19] 🪑 T_seated: Customer track 1 at table table_10
INFO:modules.service_discipline_monitor:[camera_19] 🪑 T_seated: Customer track 5 at table table_10
INFO:modules.material_theft_monitor:[camera_15] 👤 Person(s) detected near ROI: 1 person(s)
WARNING:modules.service_discipline_monitor:[camera_18] ⚠️ Order wait violation: Table table_8, customer 4 waiting 602.9s (threshold: 300.0s)
INFO:modules.service_discipline_monitor:[camera_18] 🔔 Triggering alert: order_wait=602.9s, threshold=300.0s, cooldown=300.0s, time_since_last_alert=300.5s
INFO:modules.service_discipline_monitor:[camera_18] 📊 Violation details: T_seated=1773480714.184469, T_order_start=None, order_wait=602.9s
INFO:modules.service_discipline_monitor:[camera_18] 📸 Starting GIF recording: frame shape=(720, 1280, 3), table=table_8, violation=order_wait
INFO:modules.service_discipline_monitor:[camera_18] 🎬 Starting GIF recording for table table_8, violation=order_wait
INFO:modules.gif_recorder:Started alert GIF recording for: Unknown alert
INFO:modules.service_discipline_monitor:Service discipline snapshot saved: static/service_discipline/service_table_table_8_camera_18_20260314_151157.jpg
INFO:modules.service_discipline_monitor:[camera_18] 📸 Service discipline snapshot saved: static/service_discipline/service_table_table_8_camera_18_20260314_151157.jpg
INFO:modules.service_discipline_monitor:[camera_18] 📊 Calculated wait times for violation: order_wait_time=602.8834040164948, service_wait_time=None, violation_type=order_wait
INFO:modules.service_discipline_monitor:[camera_18] 💾 Saving violation to database: Table table_8, order_wait = 602.9s
INFO:modules.database:📊 Extracted wait times from alert_data: order_wait_time=602.8834040164948, service_wait_time=None
INFO:modules.database:✅ Table service violation saved: ID=52, Table table_8 in channel camera_18, waiting time: 602.9s, order wait: 602.9s, service wait: N/A, snapshot_path=static/service_discipline/service_table_table_8_camera_18_20260314_151157.jpg
INFO:modules.database:✅ Resolved snapshot path (direct): static/service_discipline/service_table_table_8_camera_18_20260314_151157.jpg -> /home/ubuntu/Niyaaz_biryani/niyaaz/static/service_discipline/service_table_table_8_camera_18_20260314_151157.jpg
INFO:modules.telegram_notifier:Sending Telegram alert with image: /home/ubuntu/Niyaaz_biryani/niyaaz/static/service_discipline/service_table_table_8_camera_18_20260314_151157.jpg
INFO:modules.telegram_notifier:✅ Telegram photo sent successfully: service_table_table_8_camera_18_20260314_151157.jpg (207.9KB)
INFO:modules.service_discipline_monitor:[camera_18] ✅ Violation saved to table_service_violations: ID=52, order_wait=602.8834040164948, service_wait=None (GIF recording in progress)
INFO:modules.service_discipline_monitor:[camera_18] ✅ Alert logged to general alerts table: Service discipline violation: Table table_8 order_wait = 602.9s (threshold: 300.0s)
INFO:modules.gif_recorder:GIF saved: static/alerts/alert_20260314_151157.gif (32 frames, 200ms/frame)
INFO:modules.gif_recorder:Alert GIF created: static/alerts/alert_20260314_151157.gif (32 frames)
INFO:modules.service_discipline_monitor:[camera_18] 🎬 GIF recording completed!
INFO:modules.service_discipline_monitor:[camera_18] ✅ Updated violation 52 with GIF path: static/alerts/alert_20260314_151157.gif
INFO:modules.telegram_notifier:Sending Telegram alert with image: static/alerts/alert_20260314_151157.gif
INFO:modules.telegram_notifier:✅ Telegram document sent successfully: alert_20260314_151157.gif (2305.4KB)
INFO:modules.telegram_notifier:Sending Telegram alert with image: static/alerts/alert_20260314_151157.gif
INFO:modules.telegram_notifier:✅ Telegram document sent successfully: alert_20260314_151157.gif (2305.4KB)
INFO:modules.service_discipline_monitor:[camera_18] ✅ Telegram alert sent with GIF: alert_20260314_151157.gif
INFO:modules.service_discipline_monitor:[camera_18] ✅ Service discipline alert GIF saved to database: alert_20260314_151157.gif
WARNING:modules.service_discipline_monitor:[camera_6] ⚠️ APPROACHING THRESHOLD: Table table_5, customer 43: Order wait 274.4s (threshold: 300.0s, remaining: 25.6s)
WARNING:modules.service_discipline_monitor:[camera_7] ⚠️ APPROACHING THRESHOLD: Table table_6, customer 82: Order wait 274.4s (threshold: 300.0s, remaining: 25.6s)
INFO:modules.smoking_detection:🔍 Smoke & Fire Detection Frame 200 - Detected: Hairnet(0.43)
INFO:modules.person_smoking_detection:🔍 Smoking Detection Frame 200 - Detected: Hairnet(0.43)
INFO:modules.dress_code_monitoring:[camera_1] Raw uniform detections from best.pt: ['Uniform_grey', 'Uniform_black']
INFO:modules.dress_code_monitoring:[camera_1] Counter ROI not configured - detecting uniforms everywhere in frame
INFO:modules.dress_code_monitoring:📊 [camera_1] DressCode Frame 200: Total detections: 3
INFO:modules.dress_code_monitoring:   Counter ROI configured: False, Queue ROI configured: False
INFO:modules.dress_code_monitoring:   Allowed uniforms in counter: []
INFO:modules.dress_code_monitoring:   Detected classes: {'Uniform_grey': 1, 'Uniform_black': 1, 'Hairnet': 1}
INFO:modules.dress_code_monitoring:   Detections by area: {'counter': 0, 'queue': 0, 'unknown': 0, 'everywhere': 3}
INFO:modules.dress_code_monitoring:   👔 Uniforms everywhere: ['Uniform_grey', 'Uniform_black']
INFO:modules.dress_code_monitoring:   👔 Compliance items detected: ['Hairnet']
INFO:modules.dress_code_monitoring:[camera_1] Compliance check: Uniform=Uniform_grey, In counter=False
INFO:modules.dress_code_monitoring:   Is compliant: True, Violations: []
INFO:modules.dress_code_monitoring:   Allowed uniforms: []
INFO:modules.dress_code_monitoring:   Position key: Uniform_grey_800_400
INFO:modules.dress_code_monitoring:[camera_1] Compliance check: Uniform=Uniform_black, In counter=False
INFO:modules.dress_code_monitoring:   Is compliant: True, Violations: []
INFO:modules.dress_code_monitoring:   Allowed uniforms: []
INFO:modules.dress_code_monitoring:   Position key: Uniform_black_600_100
INFO:modules.smoking_detection:🔍 Smoke & Fire Detection Frame 200 - Detected: Uniform_grey(0.73), Uniform_black(0.67), Hairnet(0.59), Uniform_cream(0.45), Uniform_black(0.41)
INFO:modules.dress_code_monitoring:[camera_2] Counter ROI not configured - detecting uniforms everywhere in frame
INFO:modules.dress_code_monitoring:📊 [camera_2] DressCode Frame 200: Total detections: 0
INFO:modules.dress_code_monitoring:   Counter ROI configured: False, Queue ROI configured: False
INFO:modules.dress_code_monitoring:   Allowed uniforms in counter: []
INFO:modules.smoking_detection:🔍 Smoke & Fire Detection Frame 200 - Detected: Cashdraw-open(0.66)
INFO:modules.dress_code_monitoring:[camera_4] Counter ROI not configured - detecting uniforms everywhere in frame
INFO:modules.dress_code_monitoring:📊 [camera_4] DressCode Frame 200: Total detections: 0
INFO:modules.dress_code_monitoring:   Counter ROI configured: False, Queue ROI configured: False
INFO:modules.dress_code_monitoring:   Allowed uniforms in counter: []
INFO:modules.smoking_detection:🔍 Smoke & Fire Detection Frame 200 - Detected: Table_clean(0.56), Table_unclean(0.50), Table_unclean(0.43)
INFO:modules.dress_code_monitoring:[camera_5] Counter ROI not configured - detecting uniforms everywhere in frame
INFO:modules.dress_code_monitoring:📊 [camera_5] DressCode Frame 200: Total detections: 0
INFO:modules.dress_code_monitoring:   Counter ROI configured: False, Queue ROI configured: False
INFO:modules.dress_code_monitoring:   Allowed uniforms in counter: []
INFO:modules.smoking_detection:🔍 Smoke & Fire Detection Frame 200 - Detected: Table_clean(0.92), Table_clean(0.91), Table_clean(0.83), Table_clean(0.79), Table_clean(0.67), Table_clean(0.66)
INFO:modules.dress_code_monitoring:[camera_6] Counter ROI not configured - detecting uniforms everywhere in frame
INFO:modules.dress_code_monitoring:📊 [camera_6] DressCode Frame 200: Total detections: 0
INFO:modules.dress_code_monitoring:   Counter ROI configured: False, Queue ROI configured: False
INFO:modules.dress_code_monitoring:   Allowed uniforms in counter: []
INFO:modules.smoking_detection:🔍 Smoke & Fire Detection Frame 200 - Detected: Table_unclean(0.85), Table_unclean(0.79), Table_clean(0.72), Table_clean(0.52), Table_unclean(0.41)
WARNING:modules.service_discipline_monitor:[camera_6] ⚠️ APPROACHING THRESHOLD: Table table_5, customer 43: Order wait 276.7s (threshold: 300.0s, remaining: 23.3s)
INFO:modules.dress_code_monitoring:[camera_7] Counter ROI not configured - detecting uniforms everywhere in frame
INFO:modules.dress_code_monitoring:📊 [camera_7] DressCode Frame 200: Total detections: 4
INFO:modules.dress_code_monitoring:   Counter ROI configured: False, Queue ROI configured: False
INFO:modules.dress_code_monitoring:   Allowed uniforms in counter: []
INFO:modules.dress_code_monitoring:   Detected classes: {'Hairnet': 4}
INFO:modules.dress_code_monitoring:   Detections by area: {'counter': 0, 'queue': 0, 'unknown': 0, 'everywhere': 4}
INFO:modules.dress_code_monitoring:   👔 Compliance items detected: ['Hairnet']
INFO:modules.smoking_detection:🔍 Smoke & Fire Detection Frame 200 - Detected: Hairnet(0.74), Table_unclean(0.73), Table_unclean(0.72), Hairnet(0.61), Hairnet(0.58), Hairnet(0.54), Table_unclean(0.45), Table_clean(0.42), Hairnet(0.41), Uniform_grey(0.40)
WARNING:modules.service_discipline_monitor:[camera_7] ⚠️ APPROACHING THRESHOLD: Table table_6, customer 82: Order wait 276.7s (threshold: 300.0s, remaining: 23.3s)
INFO:modules.dress_code_monitoring:[camera_8] Counter ROI not configured - detecting uniforms everywhere in frame
INFO:modules.dress_code_monitoring:📊 [camera_8] DressCode Frame 200: Total detections: 2
INFO:modules.dress_code_monitoring:   Counter ROI configured: False, Queue ROI configured: False
INFO:modules.dress_code_monitoring:   Allowed uniforms in counter: []
INFO:modules.dress_code_monitoring:   Detected classes: {'Hairnet': 2}
INFO:modules.dress_code_monitoring:   Detections by area: {'counter': 0, 'queue': 0, 'unknown': 0, 'everywhere': 2}
INFO:modules.dress_code_monitoring:   👔 Compliance items detected: ['Hairnet']
INFO:modules.smoking_detection:🔍 Smoke & Fire Detection Frame 200 - Detected: Table_unclean(0.75), Hairnet(0.62), Table_unclean(0.57), Hairnet(0.55), Uniform_grey(0.41)
INFO:modules.dress_code_monitoring:[camera_10] Counter ROI not configured - detecting uniforms everywhere in frame
INFO:modules.dress_code_monitoring:📊 [camera_10] DressCode Frame 200: Total detections: 3
INFO:modules.dress_code_monitoring:   Counter ROI configured: False, Queue ROI configured: False
INFO:modules.dress_code_monitoring:   Allowed uniforms in counter: []
INFO:modules.dress_code_monitoring:   Detected classes: {'Hairnet': 3}
INFO:modules.dress_code_monitoring:   Detections by area: {'counter': 0, 'queue': 0, 'unknown': 0, 'everywhere': 3}
INFO:modules.dress_code_monitoring:   👔 Compliance items detected: ['Hairnet']
INFO:modules.smoking_detection:🔍 Smoke & Fire Detection Frame 200 - Detected: Hairnet(0.60), Hairnet(0.59), Hairnet(0.53)
INFO:modules.dress_code_monitoring:[camera_12] Counter ROI not configured - detecting uniforms everywhere in frame
INFO:modules.dress_code_monitoring:📊 [camera_12] DressCode Frame 200: Total detections: 0
INFO:modules.dress_code_monitoring:   Counter ROI configured: False, Queue ROI configured: False
INFO:modules.dress_code_monitoring:   Allowed uniforms in counter: []
WARNING:modules.service_discipline_monitor:[camera_6] ⚠️ APPROACHING THRESHOLD: Table table_5, customer 43: Order wait 279.0s (threshold: 300.0s, remaining: 21.0s)
WARNING:modules.service_discipline_monitor:[camera_7] ⚠️ APPROACHING THRESHOLD: Table table_6, customer 82: Order wait 279.0s (threshold: 300.0s, remaining: 21.0s)
ERROR:__main__:Error reading legacy stores.json: Expecting value: line 1 column 1 (char 0)
INFO:werkzeug:127.0.0.1 - - [14/Mar/2026 15:12:12] "GET /api/get_stores HTTP/1.1" 200 -
INFO:werkzeug:127.0.0.1 - - [14/Mar/2026 15:12:12] "GET /api/get_module_analytics/QueueMonitor?store_id=store_1 HTTP/1.1" 200 -
INFO:werkzeug:127.0.0.1 - - [14/Mar/2026 15:12:12] "GET /api/get_module_analytics/DressCodeMonitoring?store_id=store_1 HTTP/1.1" 200 -
INFO:werkzeug:127.0.0.1 - - [14/Mar/2026 15:12:12] "GET /api/get_module_analytics/PPEMonitoring?store_id=store_1 HTTP/1.1" 200 -
INFO:werkzeug:127.0.0.1 - - [14/Mar/2026 15:12:12] "GET /api/get_module_analytics/CashDetection?store_id=store_1 HTTP/1.1" 200 -
INFO:werkzeug:127.0.0.1 - - [14/Mar/2026 15:12:12] "GET /api/get_module_analytics/TableServiceMonitor?store_id=store_1 HTTP/1.1" 200 -
INFO:__main__:📊 Service Discipline Analytics: Querying violations from last 7 days (since 2026-03-07 15:12:12.926283+05:30 IST)
INFO:__main__:📊 Service Discipline Analytics: Found 52 total violations in database (last 7 days)
INFO:__main__:📊 Service Discipline Analytics: 52 relevant violations after filtering (excluded types: {'unclean_table', 'wrong_uniform', 'slow_reset'})
INFO:__main__:📊 Wait times found: 52 total, 52 order, 0 service
INFO:werkzeug:127.0.0.1 - - [14/Mar/2026 15:12:12] "GET /api/get_module_analytics/ServiceDisciplineMonitor?store_id=store_1 HTTP/1.1" 200 -
INFO:werkzeug:127.0.0.1 - - [14/Mar/2026 15:12:12] "GET /api/get_module_analytics/UnauthorizedEntryMonitor?store_id=store_1 HTTP/1.1" 200 -
INFO:werkzeug:127.0.0.1 - - [14/Mar/2026 15:12:12] "GET /api/get_module_analytics/MaterialTheftMonitor?store_id=store_1 HTTP/1.1" 200 -
INFO:werkzeug:127.0.0.1 - - [14/Mar/2026 15:12:12] "GET /api/get_module_analytics/FallDetection?store_id=store_1 HTTP/1.1" 200 -
INFO:werkzeug:127.0.0.1 - - [14/Mar/2026 15:12:12] "GET /api/get_module_analytics/SmokingDetection?store_id=store_1 HTTP/1.1" 200 -
INFO:werkzeug:127.0.0.1 - - [14/Mar/2026 15:12:12] "GET /api/get_module_analytics/PersonSmokingDetection?store_id=store_1 HTTP/1.1" 200 -
INFO:werkzeug:127.0.0.1 - - [14/Mar/2026 15:12:12] "GET /api/get_module_analytics/CrowdDetection?store_id=store_1 HTTP/1.1" 200 -
INFO:werkzeug:127.0.0.1 - - [14/Mar/2026 15:12:12] "GET /api/get_module_analytics/IdleTimeMonitor?store_id=store_1 HTTP/1.1" 200 -
INFO:werkzeug:127.0.0.1 - - [14/Mar/2026 15:12:12] "[33mGET /static/images/icons/queue.png HTTP/1.1[0m" 404 -
INFO:werkzeug:127.0.0.1 - - [14/Mar/2026 15:12:12] "[33mGET /static/images/icons/uniform.png HTTP/1.1[0m" 404 -
INFO:werkzeug:127.0.0.1 - - [14/Mar/2026 15:12:12] "[33mGET /static/images/icons/ppe.png HTTP/1.1[0m" 404 -
INFO:werkzeug:127.0.0.1 - - [14/Mar/2026 15:12:12] "[33mGET /static/images/icons/cash.png HTTP/1.1[0m" 404 -
INFO:werkzeug:127.0.0.1 - - [14/Mar/2026 15:12:12] "[33mGET /static/images/icons/clean.jpg HTTP/1.1[0m" 404 -
INFO:werkzeug:127.0.0.1 - - [14/Mar/2026 15:12:12] "[33mGET /static/images/icons/table_service.jpg HTTP/1.1[0m" 404 -
INFO:werkzeug:127.0.0.1 - - [14/Mar/2026 15:12:12] "[33mGET /static/images/icons/un.png HTTP/1.1[0m" 404 -
INFO:werkzeug:127.0.0.1 - - [14/Mar/2026 15:12:12] "[33mGET /static/images/icons/theft.jpg HTTP/1.1[0m" 404 -
INFO:werkzeug:127.0.0.1 - - [14/Mar/2026 15:12:12] "[33mGET /static/images/icons/fall.jpg HTTP/1.1[0m" 404 -
INFO:werkzeug:127.0.0.1 - - [14/Mar/2026 15:12:12] "[33mGET /static/images/icons/smoking.jpg HTTP/1.1[0m" 404 -
INFO:werkzeug:127.0.0.1 - - [14/Mar/2026 15:12:12] "[33mGET /static/images/icons/cig.jpg HTTP/1.1[0m" 404 -
INFO:werkzeug:127.0.0.1 - - [14/Mar/2026 15:12:12] "[33mGET /static/images/icons/crowd.jpg HTTP/1.1[0m" 404 -
INFO:werkzeug:127.0.0.1 - - [14/Mar/2026 15:12:12] "[33mGET /static/images/icons/ideal.png HTTP/1.1[0m" 404 -
INFO:modules.dress_code_monitoring:[camera_17] Counter ROI not configured - detecting uniforms everywhere in frame
INFO:modules.dress_code_monitoring:📊 [camera_17] DressCode Frame 200: Total detections: 0
INFO:modules.dress_code_monitoring:   Counter ROI configured: False, Queue ROI configured: False
INFO:modules.dress_code_monitoring:   Allowed uniforms in counter: []
WARNING:modules.service_discipline_monitor:[camera_4] ⚠️ APPROACHING THRESHOLD: Table table_3, customer 57: Order wait 271.4s (threshold: 300.0s, remaining: 28.6s)
WARNING:modules.service_discipline_monitor:[camera_6] ⚠️ APPROACHING THRESHOLD: Table table_5, customer 43: Order wait 281.2s (threshold: 300.0s, remaining: 18.8s)
WARNING:modules.service_discipline_monitor:[camera_7] ⚠️ APPROACHING THRESHOLD: Table table_6, customer 82: Order wait 281.2s (threshold: 300.0s, remaining: 18.8s)
WARNING:modules.service_discipline_monitor:[camera_4] ⚠️ APPROACHING THRESHOLD: Table table_3, customer 57: Order wait 273.6s (threshold: 300.0s, remaining: 26.4s)
WARNING:modules.service_discipline_monitor:[camera_6] ⚠️ APPROACHING THRESHOLD: Table table_5, customer 43: Order wait 283.5s (threshold: 300.0s, remaining: 16.5s)
WARNING:modules.service_discipline_monitor:[camera_7] ⚠️ APPROACHING THRESHOLD: Table table_6, customer 82: Order wait 283.4s (threshold: 300.0s, remaining: 16.6s)
INFO:modules.material_theft_monitor:[camera_15] 👤 Person(s) detected near ROI: 2 person(s)
WARNING:modules.service_discipline_monitor:[camera_4] ⚠️ APPROACHING THRESHOLD: Table table_3, customer 57: Order wait 275.8s (threshold: 300.0s, remaining: 24.2s)
INFO:modules.table_service_monitor:[camera_6] Table table_589_636: State changed to unclean (no person present, 5 consecutive detections, conf=0.852)
WARNING:modules.service_discipline_monitor:[camera_6] ⚠️ APPROACHING THRESHOLD: Table table_5, customer 43: Order wait 285.7s (threshold: 300.0s, remaining: 14.3s)
WARNING:modules.service_discipline_monitor:[camera_7] ⚠️ APPROACHING THRESHOLD: Table table_6, customer 82: Order wait 285.6s (threshold: 300.0s, remaining: 14.4s)
WARNING:modules.service_discipline_monitor:[camera_4] ⚠️ APPROACHING THRESHOLD: Table table_3, customer 57: Order wait 278.1s (threshold: 300.0s, remaining: 21.9s)
WARNING:modules.service_discipline_monitor:[camera_6] ⚠️ APPROACHING THRESHOLD: Table table_5, customer 43: Order wait 288.0s (threshold: 300.0s, remaining: 12.0s)
WARNING:modules.service_discipline_monitor:[camera_7] ⚠️ APPROACHING THRESHOLD: Table table_6, customer 82: Order wait 288.0s (threshold: 300.0s, remaining: 12.0s)
INFO:modules.service_discipline_monitor:[camera_8] 🪑 T_seated: Customer track 147 at table table_7
WARNING:modules.service_discipline_monitor:[camera_4] ⚠️ APPROACHING THRESHOLD: Table table_3, customer 57: Order wait 280.4s (threshold: 300.0s, remaining: 19.6s)
WARNING:modules.service_discipline_monitor:[camera_6] ⚠️ APPROACHING THRESHOLD: Table table_5, customer 43: Order wait 290.3s (threshold: 300.0s, remaining: 9.7s)
WARNING:modules.service_discipline_monitor:[camera_7] ⚠️ APPROACHING THRESHOLD: Table table_6, customer 82: Order wait 290.2s (threshold: 300.0s, remaining: 9.8s)
INFO:modules.material_theft_monitor:[camera_15] 👤 Person(s) detected near ROI: 1 person(s)
INFO:modules.cash_detection:💰 Cashdraw-open detected at 1773481345.3227773
WARNING:modules.service_discipline_monitor:[camera_4] ⚠️ APPROACHING THRESHOLD: Table table_3, customer 57: Order wait 282.7s (threshold: 300.0s, remaining: 17.3s)
WARNING:modules.service_discipline_monitor:[camera_6] ⚠️ APPROACHING THRESHOLD: Table table_5, customer 43: Order wait 292.5s (threshold: 300.0s, remaining: 7.5s)
WARNING:modules.service_discipline_monitor:[camera_7] ⚠️ APPROACHING THRESHOLD: Table table_6, customer 82: Order wait 292.5s (threshold: 300.0s, remaining: 7.5s)
WARNING:modules.service_discipline_monitor:[camera_4] ⚠️ APPROACHING THRESHOLD: Table table_3, customer 57: Order wait 284.9s (threshold: 300.0s, remaining: 15.1s)
WARNING:modules.service_discipline_monitor:[camera_6] ⚠️ APPROACHING THRESHOLD: Table table_5, customer 43: Order wait 294.7s (threshold: 300.0s, remaining: 5.3s)
INFO:modules.service_discipline_monitor:[camera_7] 🪑 T_seated: Customer track 167 at table table_6
WARNING:modules.service_discipline_monitor:[camera_7] ⚠️ APPROACHING THRESHOLD: Table table_6, customer 82: Order wait 294.7s (threshold: 300.0s, remaining: 5.3s)
INFO:modules.cash_detection:💰 Cashdraw-open detected at 1773481349.734491
WARNING:modules.service_discipline_monitor:[camera_4] ⚠️ APPROACHING THRESHOLD: Table table_3, customer 57: Order wait 287.1s (threshold: 300.0s, remaining: 12.9s)
INFO:modules.table_service_monitor:[camera_6] Table table_595_636: State changed to unclean (no person present, 5 consecutive detections, conf=0.855)
WARNING:modules.service_discipline_monitor:[camera_6] ⚠️ APPROACHING THRESHOLD: Table table_5, customer 43: Order wait 297.0s (threshold: 300.0s, remaining: 3.0s)
WARNING:modules.service_discipline_monitor:[camera_7] ⚠️ APPROACHING THRESHOLD: Table table_6, customer 82: Order wait 296.9s (threshold: 300.0s, remaining: 3.1s)
INFO:modules.material_theft_monitor:[camera_15] MaterialTheft Frame 210: item_detected=False, prev_detected=False, persons_nearby=False, cooldown_remaining=0.0s
INFO:modules.yolo_detector:🔍 YOLO Detection Debug (call #210):
INFO:modules.yolo_detector:   - Model: models/yolo11n.pt
INFO:modules.yolo_detector:   - Person class ID expected: 0
INFO:modules.yolo_detector:   - Confidence threshold: 0.25
INFO:modules.yolo_detector:   - All detections (conf>=0.25): 5
INFO:modules.yolo_detector:   - All classes found: [(0, 0.26117151975631714), (0, 0.29694733023643494), (0, 0.3077315092086792), (0, 0.3927827477455139), (0, 0.813920259475708)]
INFO:modules.yolo_detector:   - Person detections (class=0, conf>=0.25): 5
INFO:modules.yolo_detector:   - Sample person detection: bbox=[513, 460, 651, 719], conf=0.81, center=(582, 589)
INFO:modules.yolo_detector:🔍 YOLO Detection Debug (call #210):
INFO:modules.yolo_detector:   - Model: models/yolo11n.pt
INFO:modules.yolo_detector:   - Person class ID expected: 0
INFO:modules.yolo_detector:   - Confidence threshold: 0.25
INFO:modules.yolo_detector:   - All detections (conf>=0.25): 0
WARNING:modules.yolo_detector:   - ⚠️ No detections found at all (conf>=0.25)!
INFO:modules.yolo_detector:   - Person detections (class=0, conf>=0.25): 0
WARNING:modules.yolo_detector:   - ⚠️ No detections found - model may not be detecting anything in this frame
INFO:modules.queue_monitor:[camera_1] Frame 210 detections:
INFO:modules.queue_monitor:  total=4, queue=0, counter=0, outside=4
INFO:modules.queue_monitor:  Queue ROI configured: False
INFO:modules.queue_monitor:  Counter ROI configured: False
INFO:modules.queue_monitor:  All detections classification:
INFO:modules.queue_monitor:    Det 1: bbox=[534, 12, 702, 290], center=(618, 151), area=none
INFO:modules.queue_monitor:    Det 2: bbox=[611, 72, 1084, 711], center=(847, 391), area=none
INFO:modules.queue_monitor:    Det 3: bbox=[120, 71, 349, 604], center=(234, 337), area=none
INFO:modules.queue_monitor:    Det 4: bbox=[664, 61, 909, 351], center=(786, 206), area=none
INFO:modules.queue_monitor:[camera_1] Queue tracking debug (Frame 210):
INFO:modules.queue_monitor:  Detections passed to tracking: 0
INFO:modules.queue_monitor:  Active tracks in queue area: 0
INFO:modules.queue_monitor:  Dwell time threshold: 5.0s
INFO:modules.queue_monitor:  Final count: 0
INFO:modules.queue_monitor:[camera_1] Frame 210 tracking results:
INFO:modules.queue_monitor:  Counter detections passed to tracking: 0
INFO:modules.queue_monitor:  Counter count after tracking: 0
INFO:modules.queue_monitor:  Dwell time threshold: 0.0
INFO:modules.queue_monitor:  Uniform fallback enabled: True
INFO:modules.queue_monitor:[camera_2] Frame 210 detections:
INFO:modules.queue_monitor:  total=1, queue=0, counter=0, outside=1
INFO:modules.queue_monitor:  Queue ROI configured: False
INFO:modules.queue_monitor:  Counter ROI configured: False
INFO:modules.queue_monitor:  All detections classification:
INFO:modules.queue_monitor:    Det 1: bbox=[51, 380, 334, 645], center=(192, 512), area=none
INFO:modules.queue_monitor:[camera_2] Queue tracking debug (Frame 210):
INFO:modules.queue_monitor:  Detections passed to tracking: 0
INFO:modules.queue_monitor:  Active tracks in queue area: 0
INFO:modules.queue_monitor:  Dwell time threshold: 5.0s
INFO:modules.queue_monitor:  Final count: 0
INFO:modules.queue_monitor:[camera_2] Frame 210 tracking results:
INFO:modules.queue_monitor:  Counter detections passed to tracking: 0
INFO:modules.queue_monitor:  Counter count after tracking: 0
INFO:modules.queue_monitor:  Dwell time threshold: 0.0
INFO:modules.queue_monitor:  Uniform fallback enabled: True
INFO:modules.yolo_detector:🔍 YOLO Detection Debug (call #210):
INFO:modules.yolo_detector:   - Model: models/yolo11n.pt
INFO:modules.yolo_detector:   - Person class ID expected: 0
INFO:modules.yolo_detector:   - Confidence threshold: 0.25
INFO:modules.yolo_detector:   - All detections (conf>=0.25): 5
INFO:modules.yolo_detector:   - All classes found: [(0, 0.4459165036678314), (0, 0.4480125606060028), (0, 0.46811407804489136), (0, 0.7625096440315247), (0, 0.8682329654693604)]
INFO:modules.yolo_detector:   - Person detections (class=0, conf>=0.25): 5
INFO:modules.yolo_detector:   - Sample person detection: bbox=[435, 95, 499, 260], conf=0.87, center=(467, 177)
WARNING:modules.service_discipline_monitor:[camera_4] ⚠️ APPROACHING THRESHOLD: Table table_3, customer 57: Order wait 289.4s (threshold: 300.0s, remaining: 10.6s)
INFO:modules.yolo_detector:🔍 YOLO Detection Debug (call #210):
INFO:modules.yolo_detector:   - Model: models/yolo11n.pt
INFO:modules.yolo_detector:   - Person class ID expected: 0
INFO:modules.yolo_detector:   - Confidence threshold: 0.25
INFO:modules.yolo_detector:   - All detections (conf>=0.25): 2
INFO:modules.yolo_detector:   - All classes found: [(0, 0.3312813341617584), (0, 0.5625110268592834)]
INFO:modules.yolo_detector:   - Person detections (class=0, conf>=0.25): 2
INFO:modules.yolo_detector:   - Sample person detection: bbox=[395, 47, 457, 179], conf=0.56, center=(426, 113)
WARNING:modules.table_service_monitor:[camera_6] Table table_589_636 unclean violation: Table has been unclean for 13.5s
INFO:modules.table_service_monitor:[camera_6] 🎬 Starting GIF recording for unclean table table_589_636
INFO:modules.gif_recorder:Started alert GIF recording for: Unclean table table_589_636 detected (unclean for 13.5s)
INFO:modules.table_service_monitor:Unclean table violation snapshot saved: static/table_service_violations/unclean_table_table_589_636_camera_6_20260314_151232.jpg
INFO:modules.table_service_monitor:[camera_6] 📸 Unclean table snapshot saved: static/table_service_violations/unclean_table_table_589_636_camera_6_20260314_151232.jpg
INFO:modules.database:Table cleanliness violation saved: type=unclean_table, table=table_589_636, channel=camera_6
INFO:modules.telegram_notifier:Sending Telegram alert with image: static/table_service_violations/unclean_table_table_589_636_camera_6_20260314_151232.jpg
INFO:modules.telegram_notifier:✅ Telegram photo sent successfully: unclean_table_table_589_636_camera_6_20260314_151232.jpg (355.1KB)
INFO:modules.table_service_monitor:[camera_6] ✅ Table cleanliness saved: unclean_table for table_589_636 (GIF recording in progress)
INFO:modules.yolo_detector:🔍 YOLO Detection Debug (call #210):
INFO:modules.yolo_detector:   - Model: models/yolo11n.pt
INFO:modules.yolo_detector:   - Person class ID expected: 0
INFO:modules.yolo_detector:   - Confidence threshold: 0.25
INFO:modules.yolo_detector:   - All detections (conf>=0.25): 2
INFO:modules.yolo_detector:   - All classes found: [(0, 0.26485857367515564), (0, 0.6619666218757629)]
INFO:modules.yolo_detector:   - Person detections (class=0, conf>=0.25): 2
INFO:modules.yolo_detector:   - Sample person detection: bbox=[681, 155, 768, 326], conf=0.66, center=(724, 240)
INFO:modules.yolo_detector:🔍 YOLO Detection Debug (call #210):
INFO:modules.yolo_detector:   - Model: models/yolo11n.pt
INFO:modules.yolo_detector:   - Person class ID expected: 0
INFO:modules.yolo_detector:   - Confidence threshold: 0.25
INFO:modules.yolo_detector:   - All detections (conf>=0.25): 5
INFO:modules.yolo_detector:   - All classes found: [(0, 0.2534770667552948), (0, 0.2635197341442108), (0, 0.33915355801582336), (0, 0.4535530209541321), (0, 0.5468848943710327)]
INFO:modules.yolo_detector:   - Person detections (class=0, conf>=0.25): 5
INFO:modules.yolo_detector:   - Sample person detection: bbox=[1171, 165, 1261, 408], conf=0.55, center=(1216, 286)
INFO:modules.yolo_detector:🔍 YOLO Detection Debug (call #210):
INFO:modules.yolo_detector:   - Model: models/yolo11n.pt
INFO:modules.yolo_detector:   - Person class ID expected: 0
INFO:modules.yolo_detector:   - Confidence threshold: 0.25
INFO:modules.yolo_detector:   - All detections (conf>=0.25): 7
INFO:modules.yolo_detector:   - All classes found: [(0, 0.2562895715236664), (0, 0.3628661036491394), (0, 0.40294432640075684), (0, 0.5303701162338257), (0, 0.5978449583053589), (0, 0.7157988548278809), (0, 0.7620744109153748)]
INFO:modules.yolo_detector:   - Person detections (class=0, conf>=0.25): 7
INFO:modules.yolo_detector:   - Sample person detection: bbox=[601, 308, 865, 516], conf=0.76, center=(733, 412)
INFO:modules.yolo_detector:🔍 YOLO Detection Debug (call #210):
INFO:modules.yolo_detector:   - Model: models/yolo11n.pt
INFO:modules.yolo_detector:   - Person class ID expected: 0
INFO:modules.yolo_detector:   - Confidence threshold: 0.25
INFO:modules.yolo_detector:   - All detections (conf>=0.25): 2
INFO:modules.yolo_detector:   - All classes found: [(0, 0.41960209608078003), (0, 0.5849484801292419)]
INFO:modules.yolo_detector:   - Person detections (class=0, conf>=0.25): 2
INFO:modules.yolo_detector:   - Sample person detection: bbox=[635, 397, 759, 625], conf=0.58, center=(697, 511)
WARNING:modules.service_discipline_monitor:[camera_4] ⚠️ APPROACHING THRESHOLD: Table table_3, customer 57: Order wait 293.5s (threshold: 300.0s, remaining: 6.5s)
ERROR from src: Could not read from resource.
Debug info: ../gst/rtsp/gstrtspsrc.c(6009): gst_rtspsrc_loop_interleaved (): /GstPipeline:sakshiai-pipeline/GstDsNvUriSrcBin:src_19/GstRTSPSrc:src:
Could not receive message. (Parse error)
ERROR from src: Internal data stream error.
Debug info: ../gst/rtsp/gstrtspsrc.c(6511): gst_rtspsrc_loop (): /GstPipeline:sakshiai-pipeline/GstDsNvUriSrcBin:src_19/GstRTSPSrc:src:
streaming stopped, reason error (-5)
INFO:modules.gif_recorder:GIF saved: static/alerts/alert_20260314_151232.gif (32 frames, 200ms/frame)
INFO:modules.gif_recorder:Alert GIF created: static/alerts/alert_20260314_151232.gif (32 frames)
INFO:modules.table_service_monitor:[camera_6] 🎬 GIF recording completed!
INFO:modules.table_service_monitor:[camera_6] ✅ Updated violation 10 with GIF path: static/alerts/alert_20260314_151232.gif
INFO:modules.telegram_notifier:Sending Telegram alert with image: static/alerts/alert_20260314_151232.gif
INFO:modules.telegram_notifier:✅ Telegram document sent successfully: alert_20260314_151232.gif (3718.4KB)
INFO:modules.telegram_notifier:Sending Telegram alert with image: static/alerts/alert_20260314_151232.gif
INFO:modules.telegram_notifier:✅ Telegram document sent successfully: alert_20260314_151232.gif (3718.4KB)
INFO:modules.table_service_monitor:[camera_6] ✅ Telegram alert sent with GIF: alert_20260314_151232.gif
INFO:modules.table_service_monitor:[camera_6] ✅ Table service alert GIF saved to database: alert_20260314_151232.gif
INFO:modules.queue_monitor:[camera_17] Frame 210 detections:
INFO:modules.queue_monitor:  total=1, queue=0, counter=0, outside=1
INFO:modules.queue_monitor:  Queue ROI configured: False
INFO:modules.queue_monitor:  Counter ROI configured: False
INFO:modules.queue_monitor:  All detections classification:
INFO:modules.queue_monitor:    Det 1: bbox=[655, 57, 735, 405], center=(695, 231), area=none
INFO:modules.queue_monitor:[camera_17] Queue tracking debug (Frame 210):
INFO:modules.queue_monitor:  Detections passed to tracking: 0
INFO:modules.queue_monitor:  Active tracks in queue area: 0
INFO:modules.queue_monitor:  Dwell time threshold: 5.0s
INFO:modules.queue_monitor:  Final count: 0
INFO:modules.queue_monitor:[camera_17] Frame 210 tracking results:
INFO:modules.queue_monitor:  Counter detections passed to tracking: 0
INFO:modules.queue_monitor:  Counter count after tracking: 0
INFO:modules.queue_monitor:  Dwell time threshold: 0.0
INFO:modules.queue_monitor:  Uniform fallback enabled: True
INFO:modules.cash_detection:💰 Cashdraw-open detected at 1773481367.878258
INFO:modules.dress_code_monitoring:📊 [camera_27] DressCode Frame 100: Total detections: 5
INFO:modules.dress_code_monitoring:   Counter ROI configured: False, Queue ROI configured: False
INFO:modules.dress_code_monitoring:   Allowed uniforms in counter: []
INFO:modules.dress_code_monitoring:   Detected classes: {'Hairnet': 5}
INFO:modules.dress_code_monitoring:   Detections by area: {'counter': 0, 'queue': 0, 'unknown': 0, 'everywhere': 5}
INFO:modules.dress_code_monitoring:   👔 Compliance items detected: ['Hairnet']
INFO:modules.smoking_detection:🔍 Smoke & Fire Detection Frame 100 - Detected: Hairnet(0.71), Hairnet(0.67), Hairnet(0.67), Hairnet(0.67), Hairnet(0.65)
INFO:modules.cash_detection:💰 Cashdraw-open detected at 1773481377.0328343
INFO:modules.service_discipline_monitor:[camera_19] 🪑 T_seated: Customer track 21 at table table_11
INFO:modules.table_service_monitor:[camera_6] Table table_595_636: Person present - suppressing unclean detection
WARNING:modules.service_discipline_monitor:[camera_18] ⚠️ APPROACHING THRESHOLD: Table table_8, customer 17: Order wait 271.6s (threshold: 300.0s, remaining: 28.4s)
WARNING:modules.service_discipline_monitor:[camera_18] ⚠️ APPROACHING THRESHOLD: Table table_8, customer 17: Order wait 273.9s (threshold: 300.0s, remaining: 26.1s)
INFO:modules.cash_detection:💰 Cashdraw-open detected at 1773481388.4141715
WARNING:modules.service_discipline_monitor:[camera_4] ⚠️ APPROACHING THRESHOLD: Table table_2, customer 78: Order wait 271.4s (threshold: 300.0s, remaining: 28.6s)
WARNING:modules.service_discipline_monitor:[camera_18] ⚠️ APPROACHING THRESHOLD: Table table_8, customer 17: Order wait 276.2s (threshold: 300.0s, remaining: 23.8s)
WARNING:modules.service_discipline_monitor:[camera_4] ⚠️ APPROACHING THRESHOLD: Table table_2, customer 78: Order wait 273.7s (threshold: 300.0s, remaining: 26.3s)
INFO:modules.service_discipline_monitor:[camera_7] 🪑 T_seated: Customer track 178 at table table_6
WARNING:modules.service_discipline_monitor:[camera_8] ⚠️ APPROACHING THRESHOLD: Table table_7, customer 116: Order wait 271.4s (threshold: 300.0s, remaining: 28.6s)
WARNING:modules.service_discipline_monitor:[camera_18] ⚠️ APPROACHING THRESHOLD: Table table_8, customer 17: Order wait 278.5s (threshold: 300.0s, remaining: 21.5s)
WARNING:modules.service_discipline_monitor:[camera_4] ⚠️ APPROACHING THRESHOLD: Table table_2, customer 78: Order wait 275.9s (threshold: 300.0s, remaining: 24.1s)
WARNING:modules.service_discipline_monitor:[camera_8] ⚠️ APPROACHING THRESHOLD: Table table_7, customer 116: Order wait 273.6s (threshold: 300.0s, remaining: 26.4s)
ERROR:__main__:Error reading legacy stores.json: Expecting value: line 1 column 1 (char 0)
INFO:werkzeug:127.0.0.1 - - [14/Mar/2026 15:13:14] "GET /api/get_stores HTTP/1.1" 200 -
INFO:werkzeug:127.0.0.1 - - [14/Mar/2026 15:13:14] "GET /api/get_module_analytics/QueueMonitor?store_id=store_1 HTTP/1.1" 200 -
INFO:werkzeug:127.0.0.1 - - [14/Mar/2026 15:13:14] "GET /api/get_module_analytics/DressCodeMonitoring?store_id=store_1 HTTP/1.1" 200 -
INFO:werkzeug:127.0.0.1 - - [14/Mar/2026 15:13:14] "GET /api/get_module_analytics/PPEMonitoring?store_id=store_1 HTTP/1.1" 200 -
INFO:werkzeug:127.0.0.1 - - [14/Mar/2026 15:13:14] "GET /api/get_module_analytics/CashDetection?store_id=store_1 HTTP/1.1" 200 -
INFO:werkzeug:127.0.0.1 - - [14/Mar/2026 15:13:14] "GET /api/get_module_analytics/TableServiceMonitor?store_id=store_1 HTTP/1.1" 200 -
INFO:__main__:📊 Service Discipline Analytics: Querying violations from last 7 days (since 2026-03-07 15:13:14.237592+05:30 IST)
INFO:__main__:📊 Service Discipline Analytics: Found 52 total violations in database (last 7 days)
INFO:__main__:📊 Service Discipline Analytics: 52 relevant violations after filtering (excluded types: {'unclean_table', 'wrong_uniform', 'slow_reset'})
INFO:__main__:📊 Wait times found: 52 total, 52 order, 0 service
INFO:werkzeug:127.0.0.1 - - [14/Mar/2026 15:13:14] "GET /api/get_module_analytics/ServiceDisciplineMonitor?store_id=store_1 HTTP/1.1" 200 -
INFO:werkzeug:127.0.0.1 - - [14/Mar/2026 15:13:14] "GET /api/get_module_analytics/UnauthorizedEntryMonitor?store_id=store_1 HTTP/1.1" 200 -
INFO:werkzeug:127.0.0.1 - - [14/Mar/2026 15:13:14] "GET /api/get_module_analytics/MaterialTheftMonitor?store_id=store_1 HTTP/1.1" 200 -
INFO:werkzeug:127.0.0.1 - - [14/Mar/2026 15:13:14] "GET /api/get_module_analytics/FallDetection?store_id=store_1 HTTP/1.1" 200 -
INFO:werkzeug:127.0.0.1 - - [14/Mar/2026 15:13:14] "GET /api/get_module_analytics/SmokingDetection?store_id=store_1 HTTP/1.1" 200 -
INFO:werkzeug:127.0.0.1 - - [14/Mar/2026 15:13:14] "GET /api/get_module_analytics/PersonSmokingDetection?store_id=store_1 HTTP/1.1" 200 -
INFO:werkzeug:127.0.0.1 - - [14/Mar/2026 15:13:14] "GET /api/get_module_analytics/CrowdDetection?store_id=store_1 HTTP/1.1" 200 -
INFO:werkzeug:127.0.0.1 - - [14/Mar/2026 15:13:14] "GET /api/get_module_analytics/IdleTimeMonitor?store_id=store_1 HTTP/1.1" 200 -
INFO:werkzeug:127.0.0.1 - - [14/Mar/2026 15:13:14] "[33mGET /static/images/icons/queue.png HTTP/1.1[0m" 404 -
INFO:werkzeug:127.0.0.1 - - [14/Mar/2026 15:13:14] "[33mGET /static/images/icons/uniform.png HTTP/1.1[0m" 404 -
INFO:werkzeug:127.0.0.1 - - [14/Mar/2026 15:13:14] "[33mGET /static/images/icons/ppe.png HTTP/1.1[0m" 404 -
INFO:werkzeug:127.0.0.1 - - [14/Mar/2026 15:13:14] "[33mGET /static/images/icons/cash.png HTTP/1.1[0m" 404 -
INFO:werkzeug:127.0.0.1 - - [14/Mar/2026 15:13:14] "[33mGET /static/images/icons/clean.jpg HTTP/1.1[0m" 404 -
INFO:werkzeug:127.0.0.1 - - [14/Mar/2026 15:13:14] "[33mGET /static/images/icons/table_service.jpg HTTP/1.1[0m" 404 -
INFO:werkzeug:127.0.0.1 - - [14/Mar/2026 15:13:14] "[33mGET /static/images/icons/theft.jpg HTTP/1.1[0m" 404 -
INFO:werkzeug:127.0.0.1 - - [14/Mar/2026 15:13:14] "[33mGET /static/images/icons/un.png HTTP/1.1[0m" 404 -
INFO:werkzeug:127.0.0.1 - - [14/Mar/2026 15:13:14] "[33mGET /static/images/icons/fall.jpg HTTP/1.1[0m" 404 -
INFO:werkzeug:127.0.0.1 - - [14/Mar/2026 15:13:14] "[33mGET /static/images/icons/smoking.jpg HTTP/1.1[0m" 404 -
INFO:werkzeug:127.0.0.1 - - [14/Mar/2026 15:13:14] "[33mGET /static/images/icons/cig.jpg HTTP/1.1[0m" 404 -
INFO:werkzeug:127.0.0.1 - - [14/Mar/2026 15:13:14] "[33mGET /static/images/icons/crowd.jpg HTTP/1.1[0m" 404 -
INFO:werkzeug:127.0.0.1 - - [14/Mar/2026 15:13:14] "[33mGET /static/images/icons/ideal.png HTTP/1.1[0m" 404 -
WARNING:modules.service_discipline_monitor:[camera_18] ⚠️ APPROACHING THRESHOLD: Table table_8, customer 17: Order wait 280.8s (threshold: 300.0s, remaining: 19.2s)
WARNING:modules.service_discipline_monitor:[camera_4] ⚠️ APPROACHING THRESHOLD: Table table_2, customer 78: Order wait 278.3s (threshold: 300.0s, remaining: 21.7s)
WARNING:modules.service_discipline_monitor:[camera_8] ⚠️ APPROACHING THRESHOLD: Table table_7, customer 116: Order wait 276.1s (threshold: 300.0s, remaining: 23.9s)
WARNING:modules.service_discipline_monitor:[camera_18] ⚠️ APPROACHING THRESHOLD: Table table_8, customer 17: Order wait 283.1s (threshold: 300.0s, remaining: 16.9s)
WARNING:modules.service_discipline_monitor:[camera_4] ⚠️ APPROACHING THRESHOLD: Table table_2, customer 78: Order wait 280.7s (threshold: 300.0s, remaining: 19.3s)
WARNING:modules.service_discipline_monitor:[camera_8] ⚠️ APPROACHING THRESHOLD: Table table_7, customer 116: Order wait 278.3s (threshold: 300.0s, remaining: 21.7s)
WARNING:modules.service_discipline_monitor:[camera_18] ⚠️ APPROACHING THRESHOLD: Table table_8, customer 17: Order wait 285.4s (threshold: 300.0s, remaining: 14.6s)
WARNING:modules.service_discipline_monitor:[camera_4] ⚠️ APPROACHING THRESHOLD: Table table_2, customer 78: Order wait 282.9s (threshold: 300.0s, remaining: 17.1s)
WARNING:modules.service_discipline_monitor:[camera_8] ⚠️ APPROACHING THRESHOLD: Table table_7, customer 116: Order wait 280.6s (threshold: 300.0s, remaining: 19.4s)
INFO:modules.material_theft_monitor:[camera_15] 👤 Person(s) detected near ROI: 1 person(s)
WARNING:modules.service_discipline_monitor:[camera_18] ⚠️ APPROACHING THRESHOLD: Table table_8, customer 17: Order wait 287.7s (threshold: 300.0s, remaining: 12.3s)
WARNING:modules.service_discipline_monitor:[camera_4] ⚠️ APPROACHING THRESHOLD: Table table_2, customer 78: Order wait 285.3s (threshold: 300.0s, remaining: 14.7s)
WARNING:modules.service_discipline_monitor:[camera_18] ⚠️ APPROACHING THRESHOLD: Table table_8, customer 17: Order wait 290.1s (threshold: 300.0s, remaining: 9.9s)
WARNING:modules.service_discipline_monitor:[camera_4] ⚠️ APPROACHING THRESHOLD: Table table_2, customer 78: Order wait 287.6s (threshold: 300.0s, remaining: 12.4s)
WARNING:modules.service_discipline_monitor:[camera_18] ⚠️ APPROACHING THRESHOLD: Table table_8, customer 17: Order wait 292.4s (threshold: 300.0s, remaining: 7.6s)
INFO:modules.cash_detection:💰 Cashdraw-open detected at 1773481406.8735588
WARNING:modules.service_discipline_monitor:[camera_4] ⚠️ APPROACHING THRESHOLD: Table table_2, customer 78: Order wait 289.9s (threshold: 300.0s, remaining: 10.1s)
INFO:modules.material_theft_monitor:[camera_15] 👤 Person(s) detected near ROI: 1 person(s)
WARNING:modules.service_discipline_monitor:[camera_18] ⚠️ APPROACHING THRESHOLD: Table table_8, customer 17: Order wait 294.8s (threshold: 300.0s, remaining: 5.2s)
WARNING:modules.service_discipline_monitor:[camera_4] ⚠️ APPROACHING THRESHOLD: Table table_2, customer 78: Order wait 292.3s (threshold: 300.0s, remaining: 7.7s)
INFO:modules.service_discipline_monitor:[camera_18] 🪑 T_seated: Customer track 7 at table table_8
WARNING:modules.service_discipline_monitor:[camera_18] ⚠️ APPROACHING THRESHOLD: Table table_8, customer 17: Order wait 297.1s (threshold: 300.0s, remaining: 2.9s)
WARNING:modules.service_discipline_monitor:[camera_4] ⚠️ APPROACHING THRESHOLD: Table table_2, customer 78: Order wait 294.6s (threshold: 300.0s, remaining: 5.4s)
WARNING:modules.service_discipline_monitor:[camera_18] ⚠️ APPROACHING THRESHOLD: Table table_8, customer 17: Order wait 299.3s (threshold: 300.0s, remaining: 0.7s)
WARNING:modules.service_discipline_monitor:[camera_4] ⚠️ APPROACHING THRESHOLD: Table table_2, customer 78: Order wait 296.8s (threshold: 300.0s, remaining: 3.2s)
INFO:modules.material_theft_monitor:[camera_15] 👤 Person(s) detected near ROI: 1 person(s)
WARNING:modules.service_discipline_monitor:[camera_4] ⚠️ APPROACHING THRESHOLD: Table table_2, customer 78: Order wait 299.2s (threshold: 300.0s, remaining: 0.8s)
INFO:modules.table_service_monitor:[camera_6] Table table_596_637: State changed to unclean (no person present, 5 consecutive detections, conf=0.857)
WARNING:modules.service_discipline_monitor:[camera_4] ⚠️ Order wait violation: Table table_2, customer 78 waiting 301.5s (threshold: 300.0s)
INFO:modules.service_discipline_monitor:[camera_4] 🔔 Triggering alert: order_wait=301.5s, threshold=300.0s, cooldown=300.0s, time_since_last_alert=infs
INFO:modules.service_discipline_monitor:[camera_4] 📊 Violation details: T_seated=1773481117.138689, T_order_start=None, order_wait=301.5s
INFO:modules.service_discipline_monitor:[camera_4] 📸 Starting GIF recording: frame shape=(720, 1280, 3), table=table_2, violation=order_wait
INFO:modules.service_discipline_monitor:[camera_4] 🎬 Starting GIF recording for table table_2, violation=order_wait
INFO:modules.gif_recorder:Started alert GIF recording for: Unknown alert
INFO:modules.service_discipline_monitor:Service discipline snapshot saved: static/service_discipline/service_table_table_2_camera_4_20260314_151338.jpg
INFO:modules.service_discipline_monitor:[camera_4] 📸 Service discipline snapshot saved: static/service_discipline/service_table_table_2_camera_4_20260314_151338.jpg
INFO:modules.service_discipline_monitor:[camera_4] 📊 Calculated wait times for violation: order_wait_time=301.5261878967285, service_wait_time=None, violation_type=order_wait
INFO:modules.service_discipline_monitor:[camera_4] 💾 Saving violation to database: Table table_2, order_wait = 301.5s
INFO:modules.database:📊 Extracted wait times from alert_data: order_wait_time=301.5261878967285, service_wait_time=None
INFO:modules.database:✅ Table service violation saved: ID=53, Table table_2 in channel camera_4, waiting time: 301.5s, order wait: 301.5s, service wait: N/A, snapshot_path=static/service_discipline/service_table_table_2_camera_4_20260314_151338.jpg
INFO:modules.database:✅ Resolved snapshot path (direct): static/service_discipline/service_table_table_2_camera_4_20260314_151338.jpg -> /home/ubuntu/Niyaaz_biryani/niyaaz/static/service_discipline/service_table_table_2_camera_4_20260314_151338.jpg
INFO:modules.telegram_notifier:Sending Telegram alert with image: /home/ubuntu/Niyaaz_biryani/niyaaz/static/service_discipline/service_table_table_2_camera_4_20260314_151338.jpg
INFO:modules.telegram_notifier:✅ Telegram photo sent successfully: service_table_table_2_camera_4_20260314_151338.jpg (323.7KB)
INFO:modules.service_discipline_monitor:[camera_4] ✅ Violation saved to table_service_violations: ID=53, order_wait=301.5261878967285, service_wait=None (GIF recording in progress)
INFO:modules.service_discipline_monitor:[camera_4] ✅ Alert logged to general alerts table: Service discipline violation: Table table_2 order_wait = 301.5s (threshold: 300.0s)
INFO:modules.table_service_monitor:[camera_6] Table table_596_637: Person present - suppressing unclean detection
INFO:modules.gif_recorder:GIF saved: static/alerts/alert_20260314_151338.gif (32 frames, 200ms/frame)
INFO:modules.gif_recorder:Alert GIF created: static/alerts/alert_20260314_151338.gif (32 frames)
INFO:modules.service_discipline_monitor:[camera_4] 🎬 GIF recording completed!
INFO:modules.service_discipline_monitor:[camera_4] ✅ Updated violation 53 with GIF path: static/alerts/alert_20260314_151338.gif
INFO:modules.telegram_notifier:Sending Telegram alert with image: static/alerts/alert_20260314_151338.gif
WARNING:modules.telegram_notifier:Telegram API error: 429 - {"ok":false,"error_code":429,"description":"Too Many Requests: retry after 128","parameters":{"retry_after":128}}
INFO:modules.telegram_notifier:Sending Telegram alert with image: static/alerts/alert_20260314_151338.gif
WARNING:modules.telegram_notifier:Telegram API error: 429 - {"ok":false,"error_code":429,"description":"Too Many Requests: retry after 127","parameters":{"retry_after":127}}
INFO:modules.service_discipline_monitor:[camera_4] ✅ Telegram alert sent with GIF: alert_20260314_151338.gif
INFO:modules.service_discipline_monitor:[camera_4] ✅ Service discipline alert GIF saved to database: alert_20260314_151338.gif
INFO:modules.material_theft_monitor:[camera_15] 👤 Person(s) detected near ROI: 1 person(s)
INFO:modules.cash_detection:💰 Cashdraw-open detected at 1773481430.8375902
INFO:modules.yolo_detector:🔍 YOLO Detection Debug (call #120):
INFO:modules.yolo_detector:   - Model: models/yolo11n.pt
INFO:modules.yolo_detector:   - Person class ID expected: 0
INFO:modules.yolo_detector:   - Confidence threshold: 0.5
INFO:modules.yolo_detector:   - All detections (conf>=0.25): 7
INFO:modules.yolo_detector:   - All classes found: [(0, 0.27147042751312256), (0, 0.46507108211517334), (0, 0.5156353712081909), (0, 0.6732550263404846), (0, 0.7822902798652649), (0, 0.8130120038986206), (0, 0.9000486135482788)]
INFO:modules.yolo_detector:   - Person detections (class=0, conf>=0.5): 5
INFO:modules.yolo_detector:   - Sample person detection: bbox=[0, 175, 261, 705], conf=0.90, center=(130, 440)
INFO:modules.yolo_detector:🔍 YOLO Detection Debug (call #120):
INFO:modules.yolo_detector:   - Model: models/yolo11n.pt
INFO:modules.yolo_detector:   - Person class ID expected: 0
INFO:modules.yolo_detector:   - Confidence threshold: 0.5
INFO:modules.yolo_detector:   - All detections (conf>=0.25): 2
INFO:modules.yolo_detector:   - All classes found: [(0, 0.2857983410358429), (0, 0.7263529896736145)]
INFO:modules.yolo_detector:   - Person detections (class=0, conf>=0.5): 1
INFO:modules.yolo_detector:   - Sample person detection: bbox=[50, 391, 337, 643], conf=0.73, center=(193, 517)
INFO:modules.yolo_detector:🔍 YOLO Detection Debug (call #60):
INFO:modules.yolo_detector:   - Model: models/yolo11n.pt
INFO:modules.yolo_detector:   - Person class ID expected: 0
INFO:modules.yolo_detector:   - Confidence threshold: 0.4
INFO:modules.yolo_detector:   - All detections (conf>=0.25): 2
INFO:modules.yolo_detector:   - All classes found: [(0, 0.4938276708126068), (0, 0.6905043721199036)]
INFO:modules.yolo_detector:   - Person detections (class=0, conf>=0.4): 2
INFO:modules.yolo_detector:   - Sample person detection: bbox=[813, 62, 878, 257], conf=0.69, center=(845, 159)
INFO:modules.material_theft_monitor:[camera_15] Person detection: Found 6 person(s) in frame
INFO:modules.material_theft_monitor:[camera_15] 👤 Person near ROI detected at (1037, 445)
INFO:modules.material_theft_monitor:[camera_15] 👤 Person(s) detected near ROI: 1 person(s)
INFO:modules.material_theft_monitor:[camera_15] MaterialTheft Frame 240: item_detected=False, prev_detected=False, persons_nearby=True, cooldown_remaining=0.0s
INFO:modules.yolo_detector:🔍 YOLO Detection Debug (call #240):
INFO:modules.yolo_detector:   - Model: models/yolo11n.pt
INFO:modules.yolo_detector:   - Person class ID expected: 0
INFO:modules.yolo_detector:   - Confidence threshold: 0.25
INFO:modules.yolo_detector:   - All detections (conf>=0.25): 7
INFO:modules.yolo_detector:   - All classes found: [(0, 0.2568650245666504), (0, 0.2594619393348694), (0, 0.3192843794822693), (0, 0.3633664548397064), (0, 0.4291865825653076), (0, 0.5372759699821472), (0, 0.625163733959198)]
INFO:modules.yolo_detector:   - Person detections (class=0, conf>=0.25): 7
INFO:modules.yolo_detector:   - Sample person detection: bbox=[619, 82, 666, 247], conf=0.63, center=(642, 164)
INFO:modules.yolo_detector:🔍 YOLO Detection Debug (call #240):
INFO:modules.yolo_detector:   - Model: models/yolo11n.pt
INFO:modules.yolo_detector:   - Person class ID expected: 0
INFO:modules.yolo_detector:   - Confidence threshold: 0.25
INFO:modules.yolo_detector:   - All detections (conf>=0.25): 0
WARNING:modules.yolo_detector:   - ⚠️ No detections found at all (conf>=0.25)!
INFO:modules.yolo_detector:   - Person detections (class=0, conf>=0.25): 0
WARNING:modules.yolo_detector:   - ⚠️ No detections found - model may not be detecting anything in this frame
INFO:modules.queue_monitor:[camera_1] Frame 240 detections:
INFO:modules.queue_monitor:  total=5, queue=0, counter=0, outside=5
INFO:modules.queue_monitor:  Queue ROI configured: False
INFO:modules.queue_monitor:  Counter ROI configured: False
INFO:modules.queue_monitor:  All detections classification:
INFO:modules.queue_monitor:    Det 1: bbox=[0, 175, 261, 705], center=(130, 440), area=none
INFO:modules.queue_monitor:    Det 2: bbox=[539, 147, 1149, 705], center=(844, 426), area=none
INFO:modules.queue_monitor:    Det 3: bbox=[524, 3, 678, 300], center=(601, 151), area=none
INFO:modules.queue_monitor:    Det 4: bbox=[28, 47, 114, 237], center=(71, 142), area=none
INFO:modules.queue_monitor:    Det 5: bbox=[947, 66, 1038, 180], center=(992, 123), area=none
INFO:modules.queue_monitor:[camera_1] Queue tracking debug (Frame 240):
INFO:modules.queue_monitor:  Detections passed to tracking: 0
INFO:modules.queue_monitor:  Active tracks in queue area: 0
INFO:modules.queue_monitor:  Dwell time threshold: 5.0s
INFO:modules.queue_monitor:  Final count: 0
INFO:modules.queue_monitor:[camera_1] Frame 240 tracking results:
INFO:modules.queue_monitor:  Counter detections passed to tracking: 0
INFO:modules.queue_monitor:  Counter count after tracking: 0
INFO:modules.queue_monitor:  Dwell time threshold: 0.0
INFO:modules.queue_monitor:  Uniform fallback enabled: True
INFO:modules.queue_monitor:[camera_1] 📊 Queue Monitor Status (Frame 240):
INFO:modules.queue_monitor:  Queue count: 0, Counter count: 0
INFO:modules.queue_monitor:  Settings: queue_threshold=3, wait_threshold=120.0s
INFO:modules.queue_monitor:  Last alert: Never
INFO:modules.queue_monitor:[camera_2] Frame 240 detections:
INFO:modules.queue_monitor:  total=1, queue=0, counter=0, outside=1
INFO:modules.queue_monitor:  Queue ROI configured: False
INFO:modules.queue_monitor:  Counter ROI configured: False
INFO:modules.queue_monitor:  All detections classification:
INFO:modules.queue_monitor:    Det 1: bbox=[50, 391, 337, 643], center=(193, 517), area=none
INFO:modules.queue_monitor:[camera_2] Queue tracking debug (Frame 240):
INFO:modules.queue_monitor:  Detections passed to tracking: 0
INFO:modules.queue_monitor:  Active tracks in queue area: 0
INFO:modules.queue_monitor:  Dwell time threshold: 5.0s
INFO:modules.queue_monitor:  Final count: 0
INFO:modules.queue_monitor:[camera_2] Frame 240 tracking results:
INFO:modules.queue_monitor:  Counter detections passed to tracking: 0
INFO:modules.queue_monitor:  Counter count after tracking: 0
INFO:modules.queue_monitor:  Dwell time threshold: 0.0
INFO:modules.queue_monitor:  Uniform fallback enabled: True
INFO:modules.queue_monitor:[camera_2] 📊 Queue Monitor Status (Frame 240):
INFO:modules.queue_monitor:  Queue count: 0, Counter count: 0
INFO:modules.queue_monitor:  Settings: queue_threshold=3, wait_threshold=120.0s
INFO:modules.queue_monitor:  Last alert: Never
INFO:modules.yolo_detector:🔍 YOLO Detection Debug (call #240):
INFO:modules.yolo_detector:   - Model: models/yolo11n.pt
INFO:modules.yolo_detector:   - Person class ID expected: 0
INFO:modules.yolo_detector:   - Confidence threshold: 0.25
INFO:modules.yolo_detector:   - All detections (conf>=0.25): 2
INFO:modules.yolo_detector:   - All classes found: [(0, 0.36019787192344666), (0, 0.37034639716148376)]
INFO:modules.yolo_detector:   - Person detections (class=0, conf>=0.25): 2
INFO:modules.yolo_detector:   - Sample person detection: bbox=[273, 111, 342, 320], conf=0.37, center=(307, 215)
INFO:modules.yolo_detector:🔍 YOLO Detection Debug (call #240):
INFO:modules.yolo_detector:   - Model: models/yolo11n.pt
INFO:modules.yolo_detector:   - Person class ID expected: 0
INFO:modules.yolo_detector:   - Confidence threshold: 0.25
INFO:modules.yolo_detector:   - All detections (conf>=0.25): 1
INFO:modules.yolo_detector:   - All classes found: [(0, 0.68254554271698)]
INFO:modules.yolo_detector:   - Person detections (class=0, conf>=0.25): 1
INFO:modules.yolo_detector:   - Sample person detection: bbox=[358, 35, 418, 183], conf=0.68, center=(388, 109)
INFO:modules.yolo_detector:🔍 YOLO Detection Debug (call #240):
INFO:modules.yolo_detector:   - Model: models/yolo11n.pt
INFO:modules.yolo_detector:   - Person class ID expected: 0
INFO:modules.yolo_detector:   - Confidence threshold: 0.25
INFO:modules.yolo_detector:   - All detections (conf>=0.25): 5
INFO:modules.yolo_detector:   - All classes found: [(0, 0.40608420968055725), (0, 0.5053007006645203), (0, 0.6219436526298523), (0, 0.6658960580825806), (0, 0.6722702383995056)]
INFO:modules.yolo_detector:   - Person detections (class=0, conf>=0.25): 5
INFO:modules.yolo_detector:   - Sample person detection: bbox=[495, 238, 645, 336], conf=0.67, center=(570, 287)
INFO:modules.yolo_detector:🔍 YOLO Detection Debug (call #240):
INFO:modules.yolo_detector:   - Model: models/yolo11n.pt
INFO:modules.yolo_detector:   - Person class ID expected: 0
INFO:modules.yolo_detector:   - Confidence threshold: 0.25
INFO:modules.yolo_detector:   - All detections (conf>=0.25): 6
INFO:modules.yolo_detector:   - All classes found: [(0, 0.2520712614059448), (0, 0.3173026144504547), (0, 0.41507723927497864), (0, 0.516847550868988), (0, 0.5242147445678711), (0, 0.7321569919586182)]
INFO:modules.yolo_detector:   - Person detections (class=0, conf>=0.25): 6
INFO:modules.yolo_detector:   - Sample person detection: bbox=[999, 190, 1193, 446], conf=0.73, center=(1096, 318)
INFO:modules.yolo_detector:🔍 YOLO Detection Debug (call #240):
INFO:modules.yolo_detector:   - Model: models/yolo11n.pt
INFO:modules.yolo_detector:   - Person class ID expected: 0
INFO:modules.yolo_detector:   - Confidence threshold: 0.25
INFO:modules.yolo_detector:   - All detections (conf>=0.25): 2
INFO:modules.yolo_detector:   - All classes found: [(0, 0.5562407970428467), (0, 0.5666123032569885)]
INFO:modules.yolo_detector:   - Person detections (class=0, conf>=0.25): 2
INFO:modules.yolo_detector:   - Sample person detection: bbox=[579, 313, 836, 516], conf=0.57, center=(707, 414)
INFO:modules.yolo_detector:🔍 YOLO Detection Debug (call #120):
INFO:modules.yolo_detector:   - Model: models/yolo11n.pt
INFO:modules.yolo_detector:   - Person class ID expected: 0
INFO:modules.yolo_detector:   - Confidence threshold: 0.5
INFO:modules.yolo_detector:   - All detections (conf>=0.25): 2
INFO:modules.yolo_detector:   - All classes found: [(0, 0.3181895315647125), (0, 0.3454835116863251)]
INFO:modules.yolo_detector:   - Person detections (class=0, conf>=0.5): 0
WARNING:modules.yolo_detector:   - ⚠️ Found 2 detections but NONE are person class 0!
INFO:modules.yolo_detector:🔍 YOLO Detection Debug (call #240):
INFO:modules.yolo_detector:   - Model: models/yolo11n.pt
INFO:modules.yolo_detector:   - Person class ID expected: 0
INFO:modules.yolo_detector:   - Confidence threshold: 0.25
INFO:modules.yolo_detector:   - All detections (conf>=0.25): 2
INFO:modules.yolo_detector:   - All classes found: [(0, 0.5414929986000061), (0, 0.6261808276176453)]
INFO:modules.yolo_detector:   - Person detections (class=0, conf>=0.25): 2
INFO:modules.yolo_detector:   - Sample person detection: bbox=[637, 385, 794, 645], conf=0.63, center=(715, 515)
INFO:modules.queue_monitor:[camera_17] Frame 240 detections:
INFO:modules.queue_monitor:  total=0, queue=0, counter=0, outside=0
INFO:modules.queue_monitor:  Queue ROI configured: False
INFO:modules.queue_monitor:  Counter ROI configured: False
INFO:modules.queue_monitor:[camera_17] Queue tracking debug (Frame 240):
INFO:modules.queue_monitor:  Detections passed to tracking: 0
INFO:modules.queue_monitor:  Active tracks in queue area: 0
INFO:modules.queue_monitor:  Dwell time threshold: 5.0s
INFO:modules.queue_monitor:  Final count: 0
INFO:modules.queue_monitor:[camera_17] Frame 240 tracking results:
INFO:modules.queue_monitor:  Counter detections passed to tracking: 0
INFO:modules.queue_monitor:  Counter count after tracking: 0
INFO:modules.queue_monitor:  Dwell time threshold: 0.0
INFO:modules.queue_monitor:  Uniform fallback enabled: True
INFO:modules.queue_monitor:[camera_17] 📊 Queue Monitor Status (Frame 240):
INFO:modules.queue_monitor:  Queue count: 0, Counter count: 0
INFO:modules.queue_monitor:  Settings: queue_threshold=3, wait_threshold=120.0s
INFO:modules.queue_monitor:  Last alert: Never
INFO:modules.cash_detection:💰 Cashdraw-open detected at 1773481444.398377
INFO:modules.service_discipline_monitor:[camera_7] 🪑 T_seated: Customer track 192 at table table_6
INFO:modules.service_discipline_monitor:[camera_6] 🪑 T_seated: Customer track 77 at table table_5
ERROR:__main__:Error reading legacy stores.json: Expecting value: line 1 column 1 (char 0)
INFO:werkzeug:127.0.0.1 - - [14/Mar/2026 15:14:14] "GET /api/get_stores HTTP/1.1" 200 -
INFO:werkzeug:127.0.0.1 - - [14/Mar/2026 15:14:14] "GET /api/get_module_analytics/QueueMonitor?store_id=store_1 HTTP/1.1" 200 -
INFO:werkzeug:127.0.0.1 - - [14/Mar/2026 15:14:14] "GET /api/get_module_analytics/DressCodeMonitoring?store_id=store_1 HTTP/1.1" 200 -
INFO:werkzeug:127.0.0.1 - - [14/Mar/2026 15:14:14] "GET /api/get_module_analytics/PPEMonitoring?store_id=store_1 HTTP/1.1" 200 -
INFO:werkzeug:127.0.0.1 - - [14/Mar/2026 15:14:14] "GET /api/get_module_analytics/CashDetection?store_id=store_1 HTTP/1.1" 200 -
INFO:werkzeug:127.0.0.1 - - [14/Mar/2026 15:14:14] "GET /api/get_module_analytics/TableServiceMonitor?store_id=store_1 HTTP/1.1" 200 -
INFO:__main__:📊 Service Discipline Analytics: Querying violations from last 7 days (since 2026-03-07 15:14:14.242577+05:30 IST)
INFO:__main__:📊 Service Discipline Analytics: Found 53 total violations in database (last 7 days)
INFO:__main__:📊 Service Discipline Analytics: 53 relevant violations after filtering (excluded types: {'unclean_table', 'wrong_uniform', 'slow_reset'})
INFO:__main__:📊 Wait times found: 53 total, 53 order, 0 service
INFO:werkzeug:127.0.0.1 - - [14/Mar/2026 15:14:14] "GET /api/get_module_analytics/ServiceDisciplineMonitor?store_id=store_1 HTTP/1.1" 200 -
INFO:werkzeug:127.0.0.1 - - [14/Mar/2026 15:14:14] "GET /api/get_module_analytics/UnauthorizedEntryMonitor?store_id=store_1 HTTP/1.1" 200 -
INFO:werkzeug:127.0.0.1 - - [14/Mar/2026 15:14:14] "GET /api/get_module_analytics/MaterialTheftMonitor?store_id=store_1 HTTP/1.1" 200 -
INFO:werkzeug:127.0.0.1 - - [14/Mar/2026 15:14:14] "GET /api/get_module_analytics/FallDetection?store_id=store_1 HTTP/1.1" 200 -
INFO:werkzeug:127.0.0.1 - - [14/Mar/2026 15:14:14] "GET /api/get_module_analytics/SmokingDetection?store_id=store_1 HTTP/1.1" 200 -
INFO:werkzeug:127.0.0.1 - - [14/Mar/2026 15:14:14] "GET /api/get_module_analytics/PersonSmokingDetection?store_id=store_1 HTTP/1.1" 200 -
INFO:werkzeug:127.0.0.1 - - [14/Mar/2026 15:14:14] "GET /api/get_module_analytics/CrowdDetection?store_id=store_1 HTTP/1.1" 200 -
INFO:werkzeug:127.0.0.1 - - [14/Mar/2026 15:14:14] "GET /api/get_module_analytics/IdleTimeMonitor?store_id=store_1 HTTP/1.1" 200 -
INFO:werkzeug:127.0.0.1 - - [14/Mar/2026 15:14:14] "[33mGET /static/images/icons/queue.png HTTP/1.1[0m" 404 -
INFO:werkzeug:127.0.0.1 - - [14/Mar/2026 15:14:14] "[33mGET /static/images/icons/uniform.png HTTP/1.1[0m" 404 -
INFO:werkzeug:127.0.0.1 - - [14/Mar/2026 15:14:14] "[33mGET /static/images/icons/ppe.png HTTP/1.1[0m" 404 -
INFO:werkzeug:127.0.0.1 - - [14/Mar/2026 15:14:14] "[33mGET /static/images/icons/clean.jpg HTTP/1.1[0m" 404 -
INFO:werkzeug:127.0.0.1 - - [14/Mar/2026 15:14:14] "[33mGET /static/images/icons/cash.png HTTP/1.1[0m" 404 -
INFO:werkzeug:127.0.0.1 - - [14/Mar/2026 15:14:14] "[33mGET /static/images/icons/table_service.jpg HTTP/1.1[0m" 404 -
INFO:werkzeug:127.0.0.1 - - [14/Mar/2026 15:14:14] "[33mGET /static/images/icons/un.png HTTP/1.1[0m" 404 -
INFO:werkzeug:127.0.0.1 - - [14/Mar/2026 15:14:14] "[33mGET /static/images/icons/theft.jpg HTTP/1.1[0m" 404 -
INFO:werkzeug:127.0.0.1 - - [14/Mar/2026 15:14:14] "[33mGET /static/images/icons/fall.jpg HTTP/1.1[0m" 404 -
INFO:werkzeug:127.0.0.1 - - [14/Mar/2026 15:14:14] "[33mGET /static/images/icons/smoking.jpg HTTP/1.1[0m" 404 -
INFO:werkzeug:127.0.0.1 - - [14/Mar/2026 15:14:14] "[33mGET /static/images/icons/cig.jpg HTTP/1.1[0m" 404 -
INFO:werkzeug:127.0.0.1 - - [14/Mar/2026 15:14:14] "[33mGET /static/images/icons/crowd.jpg HTTP/1.1[0m" 404 -
INFO:werkzeug:127.0.0.1 - - [14/Mar/2026 15:14:14] "[33mGET /static/images/icons/ideal.png HTTP/1.1[0m" 404 -
INFO:modules.cash_detection:[camera_2] 💰🗄️ ALERT: Cashdraw-open detected! Starting GIF recording...
INFO:modules.gif_recorder:Started alert GIF recording for: ALERT: Cashdraw-open detected
INFO:modules.cash_detection:[camera_2] ✅ GIF recording started, _pending_alert_info set: message='ALERT: Cashdraw-open detected', timestamp='2026-03-14T15:14:15.514837'
INFO:modules.cash_detection:[camera_2] 📊 GIF recorder state: is_recording_alert=True
INFO:modules.database:Cash snapshot saved to database: ID 23
WARNING:modules.telegram_notifier:Could not resolve image path: static/cash_snapshots/cash_camera_2_20260314_151415.gif
WARNING:modules.telegram_notifier:Skipping Telegram alert - image file not found: static/cash_snapshots/cash_camera_2_20260314_151415.gif (resolved: None)
INFO:modules.cash_detection:[camera_2] Cash snapshot record created in database: ID 23 (GIF recording in progress)
INFO:modules.cash_detection:💰 Cashdraw-open detected at 1773481457.7703614
INFO:modules.table_service_monitor:[camera_6] Table table_596_637: State changed to unclean (no person present, 5 consecutive detections, conf=0.866)
INFO:modules.dress_code_monitoring:📊 [camera_1] DressCode Frame 250: Total detections: 4
INFO:modules.dress_code_monitoring:   Counter ROI configured: False, Queue ROI configured: False
INFO:modules.dress_code_monitoring:   Allowed uniforms in counter: []
INFO:modules.dress_code_monitoring:   Detected classes: {'Uniform_cream': 2, 'Uniform_grey': 1, 'Hairnet': 1}
INFO:modules.dress_code_monitoring:   Detections by area: {'counter': 0, 'queue': 0, 'unknown': 0, 'everywhere': 4}
INFO:modules.dress_code_monitoring:   👔 Uniforms everywhere: ['Uniform_cream', 'Uniform_grey', 'Uniform_cream']
INFO:modules.dress_code_monitoring:   👔 Compliance items detected: ['Hairnet']
INFO:modules.dress_code_monitoring:[camera_1] Compliance check: Uniform=Uniform_cream, In counter=False
INFO:modules.dress_code_monitoring:   Is compliant: True, Violations: []
INFO:modules.dress_code_monitoring:   Allowed uniforms: []
INFO:modules.dress_code_monitoring:   Position key: Uniform_cream_0_400
INFO:modules.dress_code_monitoring:[camera_1] Compliance check: Uniform=Uniform_grey, In counter=False
INFO:modules.dress_code_monitoring:   Is compliant: True, Violations: []
INFO:modules.dress_code_monitoring:   Allowed uniforms: []
INFO:modules.dress_code_monitoring:   Position key: Uniform_grey_900_500
INFO:modules.dress_code_monitoring:[camera_1] Compliance check: Uniform=Uniform_cream, In counter=False
INFO:modules.dress_code_monitoring:   Is compliant: True, Violations: []
INFO:modules.dress_code_monitoring:   Allowed uniforms: []
INFO:modules.dress_code_monitoring:   Position key: Uniform_cream_1200_400
INFO:modules.dress_code_monitoring:📊 [camera_2] DressCode Frame 250: Total detections: 0
INFO:modules.dress_code_monitoring:   Counter ROI configured: False, Queue ROI configured: False
INFO:modules.dress_code_monitoring:   Allowed uniforms in counter: []
INFO:modules.gif_recorder:GIF saved: static/alerts/alert_20260314_151415.gif (33 frames, 200ms/frame)
INFO:modules.gif_recorder:Alert GIF created: static/alerts/alert_20260314_151415.gif (33 frames)
INFO:modules.cash_detection:[camera_2] 📹 GIF recording in progress: 7.3s / 3.0s, alert_frames=0, is_recording=False
INFO:modules.cash_detection:[camera_2] 🎬 GIF recording completed! Previous state: True, Current state: False
INFO:modules.cash_detection:[camera_2] 📊 GIF recorder state check: was_recording=True, is_recording_now=False, _was_recording_alert=True
INFO:modules.cash_detection:[camera_2] ✅ Retrieved GIF info: path=static/alerts/alert_20260314_151415.gif, frames=33
INFO:modules.cash_detection:[camera_2] ✅ _pending_alert_info available: message='ALERT: Cashdraw-open detected'
INFO:modules.cash_detection:[camera_2] ✅ Updated cash snapshot 23 with GIF path: static/alerts/alert_20260314_151415.gif
INFO:modules.telegram_notifier:Sending Telegram alert with image: static/alerts/alert_20260314_151415.gif
WARNING:modules.telegram_notifier:Telegram API error: 429 - {"ok":false,"error_code":429,"description":"Too Many Requests: retry after 91","parameters":{"retry_after":91}}
INFO:modules.cash_detection:[camera_2] ✅ Cash alert GIF saved to database: alert_20260314_151415.gif (path: static/alerts/alert_20260314_151415.gif)
INFO:modules.dress_code_monitoring:📊 [camera_4] DressCode Frame 250: Total detections: 1
INFO:modules.dress_code_monitoring:   Counter ROI configured: False, Queue ROI configured: False
INFO:modules.dress_code_monitoring:   Allowed uniforms in counter: []
INFO:modules.dress_code_monitoring:   Detected classes: {'Hairnet': 1}
INFO:modules.dress_code_monitoring:   Detections by area: {'counter': 0, 'queue': 0, 'unknown': 0, 'everywhere': 1}
INFO:modules.dress_code_monitoring:   👔 Compliance items detected: ['Hairnet']
INFO:modules.dress_code_monitoring:📊 [camera_5] DressCode Frame 250: Total detections: 0
INFO:modules.dress_code_monitoring:   Counter ROI configured: False, Queue ROI configured: False
INFO:modules.dress_code_monitoring:   Allowed uniforms in counter: []
INFO:modules.dress_code_monitoring:📊 [camera_6] DressCode Frame 250: Total detections: 0
INFO:modules.dress_code_monitoring:   Counter ROI configured: False, Queue ROI configured: False
INFO:modules.dress_code_monitoring:   Allowed uniforms in counter: []
WARNING:modules.table_service_monitor:[camera_6] Table table_596_637 unclean violation: Table has been unclean for 7.2s
INFO:modules.table_service_monitor:[camera_6] 🎬 Starting GIF recording for unclean table table_596_637
INFO:modules.gif_recorder:Started alert GIF recording for: Unclean table table_596_637 detected (unclean for 7.2s)
INFO:modules.table_service_monitor:Unclean table violation snapshot saved: static/table_service_violations/unclean_table_table_596_637_camera_6_20260314_151425.jpg
INFO:modules.table_service_monitor:[camera_6] 📸 Unclean table snapshot saved: static/table_service_violations/unclean_table_table_596_637_camera_6_20260314_151425.jpg
INFO:modules.database:Table cleanliness violation saved: type=unclean_table, table=table_596_637, channel=camera_6
INFO:modules.telegram_notifier:Sending Telegram alert with image: static/table_service_violations/unclean_table_table_596_637_camera_6_20260314_151425.jpg
INFO:modules.telegram_notifier:✅ Telegram photo sent successfully: unclean_table_table_596_637_camera_6_20260314_151425.jpg (354.1KB)
INFO:modules.table_service_monitor:[camera_6] ✅ Table cleanliness saved: unclean_table for table_596_637 (GIF recording in progress)
INFO:modules.dress_code_monitoring:📊 [camera_7] DressCode Frame 250: Total detections: 4
INFO:modules.dress_code_monitoring:   Counter ROI configured: False, Queue ROI configured: False
INFO:modules.dress_code_monitoring:   Allowed uniforms in counter: []
INFO:modules.dress_code_monitoring:   Detected classes: {'Uniform_black': 1, 'Hairnet': 2, 'Uniform_grey': 1}
INFO:modules.dress_code_monitoring:   Detections by area: {'counter': 0, 'queue': 0, 'unknown': 0, 'everywhere': 4}
INFO:modules.dress_code_monitoring:   👔 Uniforms everywhere: ['Uniform_black', 'Uniform_grey']
INFO:modules.dress_code_monitoring:   👔 Compliance items detected: ['Hairnet']
INFO:modules.dress_code_monitoring:[camera_7] Compliance check: Uniform=Uniform_black, In counter=False
INFO:modules.dress_code_monitoring:   Is compliant: True, Violations: []
INFO:modules.dress_code_monitoring:   Allowed uniforms: []
INFO:modules.dress_code_monitoring:   Position key: Uniform_black_200_100
INFO:modules.dress_code_monitoring:[camera_7] Compliance check: Uniform=Uniform_grey, In counter=False
INFO:modules.dress_code_monitoring:   Is compliant: True, Violations: []
INFO:modules.dress_code_monitoring:   Allowed uniforms: []
INFO:modules.dress_code_monitoring:   Position key: Uniform_grey_0_200
INFO:modules.dress_code_monitoring:📊 [camera_8] DressCode Frame 250: Total detections: 0
INFO:modules.dress_code_monitoring:   Counter ROI configured: False, Queue ROI configured: False
INFO:modules.dress_code_monitoring:   Allowed uniforms in counter: []
INFO:modules.dress_code_monitoring:📊 [camera_10] DressCode Frame 250: Total detections: 4
INFO:modules.dress_code_monitoring:   Counter ROI configured: False, Queue ROI configured: False
INFO:modules.dress_code_monitoring:   Allowed uniforms in counter: []
INFO:modules.dress_code_monitoring:   Detected classes: {'Hairnet': 4}
INFO:modules.dress_code_monitoring:   Detections by area: {'counter': 0, 'queue': 0, 'unknown': 0, 'everywhere': 4}
INFO:modules.dress_code_monitoring:   👔 Compliance items detected: ['Hairnet']
INFO:modules.dress_code_monitoring:📊 [camera_12] DressCode Frame 250: Total detections: 0
INFO:modules.dress_code_monitoring:   Counter ROI configured: False, Queue ROI configured: False
INFO:modules.dress_code_monitoring:   Allowed uniforms in counter: []
INFO:modules.gif_recorder:GIF saved: static/alerts/alert_20260314_151425.gif (32 frames, 200ms/frame)
INFO:modules.gif_recorder:Alert GIF created: static/alerts/alert_20260314_151425.gif (32 frames)
INFO:modules.table_service_monitor:[camera_6] 🎬 GIF recording completed!
INFO:modules.table_service_monitor:[camera_6] ✅ Updated violation 11 with GIF path: static/alerts/alert_20260314_151425.gif
INFO:modules.telegram_notifier:Sending Telegram alert with image: static/alerts/alert_20260314_151425.gif
WARNING:modules.telegram_notifier:Telegram API error: 429 - {"ok":false,"error_code":429,"description":"Too Many Requests: retry after 82","parameters":{"retry_after":82}}
INFO:modules.telegram_notifier:Sending Telegram alert with image: static/alerts/alert_20260314_151425.gif
WARNING:modules.telegram_notifier:Telegram API error: 429 - {"ok":false,"error_code":429,"description":"Too Many Requests: retry after 81","parameters":{"retry_after":81}}
INFO:modules.table_service_monitor:[camera_6] ✅ Telegram alert sent with GIF: alert_20260314_151425.gif
INFO:modules.table_service_monitor:[camera_6] ✅ Table service alert GIF saved to database: alert_20260314_151425.gif
INFO:modules.dress_code_monitoring:📊 [camera_17] DressCode Frame 250: Total detections: 0
INFO:modules.dress_code_monitoring:   Counter ROI configured: False, Queue ROI configured: False
INFO:modules.dress_code_monitoring:   Allowed uniforms in counter: []
INFO:modules.service_discipline_monitor:[camera_19] 🪑 T_seated: Customer track 1 at table table_10
INFO:modules.service_discipline_monitor:[camera_19] 🪑 T_seated: Customer track 39 at table table_11
INFO:modules.cash_detection:💰 Cashdraw-open detected at 1773481483.4840345
INFO:modules.table_service_monitor:[camera_6] Table table_596_637: Person present - suppressing unclean detection
INFO:modules.cash_detection:💰 Cashdraw-open detected at 1773481494.729482
INFO:modules.service_discipline_monitor:[camera_8] 🪑 T_seated: Customer track 1 at table table_7
INFO:modules.service_discipline_monitor:[camera_8] 🪑 T_seated: Customer track 69 at table table_7
INFO:modules.dress_code_monitoring:📊 [camera_27] DressCode Frame 150: Total detections: 9
INFO:modules.dress_code_monitoring:   Counter ROI configured: False, Queue ROI configured: False
INFO:modules.dress_code_monitoring:   Allowed uniforms in counter: []
INFO:modules.dress_code_monitoring:   Detected classes: {'Hairnet': 9}
INFO:modules.dress_code_monitoring:   Detections by area: {'counter': 0, 'queue': 0, 'unknown': 0, 'everywhere': 9}
INFO:modules.dress_code_monitoring:   👔 Compliance items detected: ['Hairnet']
INFO:modules.service_discipline_monitor:[camera_4] 🪑 T_seated: Customer track 57 at table table_3
INFO:modules.service_discipline_monitor:[camera_4] 🪑 T_seated: Customer track 107 at table table_3
INFO:modules.cash_detection:💰 Cashdraw-open detected at 1773481508.627062
INFO:modules.cash_detection:[camera_1] 💰🗄️ ALERT: Cashdraw-open detected! Starting GIF recording...
INFO:modules.gif_recorder:Started alert GIF recording for: ALERT: Cashdraw-open detected
INFO:modules.cash_detection:[camera_1] ✅ GIF recording started, _pending_alert_info set: message='ALERT: Cashdraw-open detected', timestamp='2026-03-14T15:15:10.895191'
INFO:modules.cash_detection:[camera_1] 📊 GIF recorder state: is_recording_alert=True
INFO:modules.database:Cash snapshot saved to database: ID 24
WARNING:modules.telegram_notifier:Could not resolve image path: static/cash_snapshots/cash_camera_1_20260314_151510.gif
WARNING:modules.telegram_notifier:Skipping Telegram alert - image file not found: static/cash_snapshots/cash_camera_1_20260314_151510.gif (resolved: None)
INFO:modules.cash_detection:[camera_1] Cash snapshot record created in database: ID 24 (GIF recording in progress)
ERROR:__main__:Error reading legacy stores.json: Expecting value: line 1 column 1 (char 0)
INFO:werkzeug:127.0.0.1 - - [14/Mar/2026 15:15:15] "GET /api/get_stores HTTP/1.1" 200 -
INFO:werkzeug:127.0.0.1 - - [14/Mar/2026 15:15:15] "GET /api/get_module_analytics/QueueMonitor?store_id=store_1 HTTP/1.1" 200 -
INFO:werkzeug:127.0.0.1 - - [14/Mar/2026 15:15:15] "GET /api/get_module_analytics/DressCodeMonitoring?store_id=store_1 HTTP/1.1" 200 -
INFO:werkzeug:127.0.0.1 - - [14/Mar/2026 15:15:15] "GET /api/get_module_analytics/PPEMonitoring?store_id=store_1 HTTP/1.1" 200 -
INFO:werkzeug:127.0.0.1 - - [14/Mar/2026 15:15:15] "GET /api/get_module_analytics/CashDetection?store_id=store_1 HTTP/1.1" 200 -
INFO:werkzeug:127.0.0.1 - - [14/Mar/2026 15:15:15] "GET /api/get_module_analytics/TableServiceMonitor?store_id=store_1 HTTP/1.1" 200 -
INFO:__main__:📊 Service Discipline Analytics: Querying violations from last 7 days (since 2026-03-07 15:15:15.675860+05:30 IST)
INFO:__main__:📊 Service Discipline Analytics: Found 53 total violations in database (last 7 days)
INFO:__main__:📊 Service Discipline Analytics: 53 relevant violations after filtering (excluded types: {'unclean_table', 'wrong_uniform', 'slow_reset'})
INFO:__main__:📊 Wait times found: 53 total, 53 order, 0 service
INFO:werkzeug:127.0.0.1 - - [14/Mar/2026 15:15:15] "GET /api/get_module_analytics/ServiceDisciplineMonitor?store_id=store_1 HTTP/1.1" 200 -
INFO:werkzeug:127.0.0.1 - - [14/Mar/2026 15:15:15] "GET /api/get_module_analytics/UnauthorizedEntryMonitor?store_id=store_1 HTTP/1.1" 200 -
INFO:werkzeug:127.0.0.1 - - [14/Mar/2026 15:15:15] "GET /api/get_module_analytics/MaterialTheftMonitor?store_id=store_1 HTTP/1.1" 200 -
INFO:werkzeug:127.0.0.1 - - [14/Mar/2026 15:15:15] "GET /api/get_module_analytics/FallDetection?store_id=store_1 HTTP/1.1" 200 -
INFO:werkzeug:127.0.0.1 - - [14/Mar/2026 15:15:15] "GET /api/get_module_analytics/SmokingDetection?store_id=store_1 HTTP/1.1" 200 -
INFO:werkzeug:127.0.0.1 - - [14/Mar/2026 15:15:15] "GET /api/get_module_analytics/PersonSmokingDetection?store_id=store_1 HTTP/1.1" 200 -
INFO:werkzeug:127.0.0.1 - - [14/Mar/2026 15:15:15] "GET /api/get_module_analytics/CrowdDetection?store_id=store_1 HTTP/1.1" 200 -
INFO:werkzeug:127.0.0.1 - - [14/Mar/2026 15:15:15] "GET /api/get_module_analytics/IdleTimeMonitor?store_id=store_1 HTTP/1.1" 200 -
INFO:werkzeug:127.0.0.1 - - [14/Mar/2026 15:15:15] "[33mGET /static/images/icons/queue.png HTTP/1.1[0m" 404 -
INFO:werkzeug:127.0.0.1 - - [14/Mar/2026 15:15:15] "[33mGET /static/images/icons/ppe.png HTTP/1.1[0m" 404 -
INFO:werkzeug:127.0.0.1 - - [14/Mar/2026 15:15:15] "[33mGET /static/images/icons/uniform.png HTTP/1.1[0m" 404 -
INFO:werkzeug:127.0.0.1 - - [14/Mar/2026 15:15:15] "[33mGET /static/images/icons/cash.png HTTP/1.1[0m" 404 -
INFO:werkzeug:127.0.0.1 - - [14/Mar/2026 15:15:15] "[33mGET /static/images/icons/clean.jpg HTTP/1.1[0m" 404 -
INFO:werkzeug:127.0.0.1 - - [14/Mar/2026 15:15:15] "[33mGET /static/images/icons/table_service.jpg HTTP/1.1[0m" 404 -
INFO:werkzeug:127.0.0.1 - - [14/Mar/2026 15:15:15] "[33mGET /static/images/icons/un.png HTTP/1.1[0m" 404 -
INFO:werkzeug:127.0.0.1 - - [14/Mar/2026 15:15:15] "[33mGET /static/images/icons/theft.jpg HTTP/1.1[0m" 404 -
INFO:werkzeug:127.0.0.1 - - [14/Mar/2026 15:15:15] "[33mGET /static/images/icons/fall.jpg HTTP/1.1[0m" 404 -
INFO:werkzeug:127.0.0.1 - - [14/Mar/2026 15:15:15] "[33mGET /static/images/icons/cig.jpg HTTP/1.1[0m" 404 -
INFO:werkzeug:127.0.0.1 - - [14/Mar/2026 15:15:15] "[33mGET /static/images/icons/smoking.jpg HTTP/1.1[0m" 404 -
INFO:werkzeug:127.0.0.1 - - [14/Mar/2026 15:15:15] "[33mGET /static/images/icons/crowd.jpg HTTP/1.1[0m" 404 -
INFO:werkzeug:127.0.0.1 - - [14/Mar/2026 15:15:15] "[33mGET /static/images/icons/ideal.png HTTP/1.1[0m" 404 -
INFO:modules.gif_recorder:GIF saved: static/alerts/alert_20260314_151510.gif (33 frames, 200ms/frame)
INFO:modules.gif_recorder:Alert GIF created: static/alerts/alert_20260314_151510.gif (33 frames)
INFO:modules.cash_detection:[camera_1] 🎬 GIF recording completed! Previous state: True, Current state: False
INFO:modules.cash_detection:[camera_1] 📊 GIF recorder state check: was_recording=True, is_recording_now=False, _was_recording_alert=True
INFO:modules.cash_detection:[camera_1] ✅ Retrieved GIF info: path=static/alerts/alert_20260314_151510.gif, frames=33
INFO:modules.cash_detection:[camera_1] ✅ _pending_alert_info available: message='ALERT: Cashdraw-open detected'
INFO:modules.cash_detection:[camera_1] ✅ Updated cash snapshot 24 with GIF path: static/alerts/alert_20260314_151510.gif
INFO:modules.telegram_notifier:Sending Telegram alert with image: static/alerts/alert_20260314_151510.gif
WARNING:modules.telegram_notifier:Telegram API error: 429 - {"ok":false,"error_code":429,"description":"Too Many Requests: retry after 35","parameters":{"retry_after":35}}
INFO:modules.cash_detection:[camera_1] ✅ Cash alert GIF saved to database: alert_20260314_151510.gif (path: static/alerts/alert_20260314_151510.gif)
INFO:modules.yolo_detector:🔍 YOLO Detection Debug (call #90):
INFO:modules.yolo_detector:   - Model: models/yolo11n.pt
INFO:modules.yolo_detector:   - Person class ID expected: 0
INFO:modules.yolo_detector:   - Confidence threshold: 0.25
INFO:modules.yolo_detector:   - All detections (conf>=0.25): 5
INFO:modules.yolo_detector:   - All classes found: [(0, 0.3602893352508545), (0, 0.3865608274936676), (0, 0.6477489471435547), (0, 0.7000483870506287), (0, 0.8193471431732178)]
INFO:modules.yolo_detector:   - Person detections (class=0, conf>=0.25): 5
INFO:modules.yolo_detector:   - Sample person detection: bbox=[184, 137, 305, 397], conf=0.82, center=(244, 267)
INFO:modules.material_theft_monitor:[camera_15] MaterialTheft Frame 270: item_detected=False, prev_detected=False, persons_nearby=False, cooldown_remaining=0.0s
INFO:modules.yolo_detector:🔍 YOLO Detection Debug (call #270):
INFO:modules.yolo_detector:   - Model: models/yolo11n.pt
INFO:modules.yolo_detector:   - Person class ID expected: 0
INFO:modules.yolo_detector:   - Confidence threshold: 0.25
INFO:modules.yolo_detector:   - All detections (conf>=0.25): 3
INFO:modules.yolo_detector:   - All classes found: [(0, 0.44399362802505493), (0, 0.653195858001709), (0, 0.7919753789901733)]
INFO:modules.yolo_detector:   - Person detections (class=0, conf>=0.25): 3
INFO:modules.yolo_detector:   - Sample person detection: bbox=[521, 462, 652, 718], conf=0.79, center=(586, 590)
INFO:modules.yolo_detector:🔍 YOLO Detection Debug (call #270):
INFO:modules.yolo_detector:   - Model: models/yolo11n.pt
INFO:modules.yolo_detector:   - Person class ID expected: 0
INFO:modules.yolo_detector:   - Confidence threshold: 0.25
INFO:modules.yolo_detector:   - All detections (conf>=0.25): 0
WARNING:modules.yolo_detector:   - ⚠️ No detections found at all (conf>=0.25)!
INFO:modules.yolo_detector:   - Person detections (class=0, conf>=0.25): 0
WARNING:modules.yolo_detector:   - ⚠️ No detections found - model may not be detecting anything in this frame
INFO:modules.queue_monitor:[camera_1] Frame 270 detections:
INFO:modules.queue_monitor:  total=3, queue=0, counter=0, outside=3
INFO:modules.queue_monitor:  Queue ROI configured: False
INFO:modules.queue_monitor:  Counter ROI configured: False
INFO:modules.queue_monitor:  All detections classification:
INFO:modules.queue_monitor:    Det 1: bbox=[537, 168, 1149, 709], center=(843, 438), area=none
INFO:modules.queue_monitor:    Det 2: bbox=[0, 180, 260, 704], center=(130, 442), area=none
INFO:modules.queue_monitor:    Det 3: bbox=[528, 3, 678, 299], center=(603, 151), area=none
INFO:modules.queue_monitor:[camera_1] Queue tracking debug (Frame 270):
INFO:modules.queue_monitor:  Detections passed to tracking: 0
INFO:modules.queue_monitor:  Active tracks in queue area: 0
INFO:modules.queue_monitor:  Dwell time threshold: 5.0s
INFO:modules.queue_monitor:  Final count: 0
INFO:modules.queue_monitor:[camera_1] Frame 270 tracking results:
INFO:modules.queue_monitor:  Counter detections passed to tracking: 0
INFO:modules.queue_monitor:  Counter count after tracking: 0
INFO:modules.queue_monitor:  Dwell time threshold: 0.0
INFO:modules.queue_monitor:  Uniform fallback enabled: True
INFO:modules.queue_monitor:[camera_2] Frame 270 detections:
INFO:modules.queue_monitor:  total=2, queue=0, counter=0, outside=2
INFO:modules.queue_monitor:  Queue ROI configured: False
INFO:modules.queue_monitor:  Counter ROI configured: False
INFO:modules.queue_monitor:  All detections classification:
INFO:modules.queue_monitor:    Det 1: bbox=[71, 221, 355, 533], center=(213, 377), area=none
INFO:modules.queue_monitor:    Det 2: bbox=[513, 33, 618, 228], center=(565, 130), area=none
INFO:modules.queue_monitor:[camera_2] Queue tracking debug (Frame 270):
INFO:modules.queue_monitor:  Detections passed to tracking: 0
INFO:modules.queue_monitor:  Active tracks in queue area: 0
INFO:modules.queue_monitor:  Dwell time threshold: 5.0s
INFO:modules.queue_monitor:  Final count: 0
INFO:modules.queue_monitor:[camera_2] Frame 270 tracking results:
INFO:modules.queue_monitor:  Counter detections passed to tracking: 0
INFO:modules.queue_monitor:  Counter count after tracking: 0
INFO:modules.queue_monitor:  Dwell time threshold: 0.0
INFO:modules.queue_monitor:  Uniform fallback enabled: True
INFO:modules.yolo_detector:🔍 YOLO Detection Debug (call #270):
INFO:modules.yolo_detector:   - Model: models/yolo11n.pt
INFO:modules.yolo_detector:   - Person class ID expected: 0
INFO:modules.yolo_detector:   - Confidence threshold: 0.25
INFO:modules.yolo_detector:   - All detections (conf>=0.25): 0
WARNING:modules.yolo_detector:   - ⚠️ No detections found at all (conf>=0.25)!
INFO:modules.yolo_detector:   - Person detections (class=0, conf>=0.25): 0
WARNING:modules.yolo_detector:   - ⚠️ No detections found - model may not be detecting anything in this frame
INFO:modules.yolo_detector:🔍 YOLO Detection Debug (call #270):
INFO:modules.yolo_detector:   - Model: models/yolo11n.pt
INFO:modules.yolo_detector:   - Person class ID expected: 0
INFO:modules.yolo_detector:   - Confidence threshold: 0.25
INFO:modules.yolo_detector:   - All detections (conf>=0.25): 2
INFO:modules.yolo_detector:   - All classes found: [(0, 0.3555169999599457), (0, 0.7236812710762024)]
INFO:modules.yolo_detector:   - Person detections (class=0, conf>=0.25): 2
INFO:modules.yolo_detector:   - Sample person detection: bbox=[405, 44, 458, 166], conf=0.72, center=(431, 105)
INFO:modules.yolo_detector:🔍 YOLO Detection Debug (call #270):
INFO:modules.yolo_detector:   - Model: models/yolo11n.pt
INFO:modules.yolo_detector:   - Person class ID expected: 0
INFO:modules.yolo_detector:   - Confidence threshold: 0.25
INFO:modules.yolo_detector:   - All detections (conf>=0.25): 6
INFO:modules.yolo_detector:   - All classes found: [(0, 0.26651671528816223), (0, 0.40449172258377075), (0, 0.45327189564704895), (0, 0.47436922788619995), (0, 0.6231579780578613), (0, 0.771125316619873)]
INFO:modules.yolo_detector:   - Person detections (class=0, conf>=0.25): 6
INFO:modules.yolo_detector:   - Sample person detection: bbox=[559, 91, 640, 267], conf=0.77, center=(599, 179)
INFO:modules.yolo_detector:🔍 YOLO Detection Debug (call #270):
INFO:modules.yolo_detector:   - Model: models/yolo11n.pt
INFO:modules.yolo_detector:   - Person class ID expected: 0
INFO:modules.yolo_detector:   - Confidence threshold: 0.25
INFO:modules.yolo_detector:   - All detections (conf>=0.25): 10
INFO:modules.yolo_detector:   - All classes found: [(0, 0.26020538806915283), (0, 0.3219820559024811), (0, 0.39379382133483887), (0, 0.48194006085395813), (0, 0.512834370136261), (0, 0.6351011395454407), (0, 0.7570099830627441), (0, 0.8036153316497803), (0, 0.8260127305984497), (0, 0.8702634572982788)]
INFO:modules.yolo_detector:   - Person detections (class=0, conf>=0.25): 10
INFO:modules.yolo_detector:   - Sample person detection: bbox=[1016, 164, 1218, 551], conf=0.87, center=(1117, 357)
INFO:modules.yolo_detector:🔍 YOLO Detection Debug (call #270):
INFO:modules.yolo_detector:   - Model: models/yolo11n.pt
INFO:modules.yolo_detector:   - Person class ID expected: 0
INFO:modules.yolo_detector:   - Confidence threshold: 0.25
INFO:modules.yolo_detector:   - All detections (conf>=0.25): 0
WARNING:modules.yolo_detector:   - ⚠️ No detections found at all (conf>=0.25)!
INFO:modules.yolo_detector:   - Person detections (class=0, conf>=0.25): 0
WARNING:modules.yolo_detector:   - ⚠️ No detections found - model may not be detecting anything in this frame
INFO:modules.yolo_detector:🔍 YOLO Detection Debug (call #270):
INFO:modules.yolo_detector:   - Model: models/yolo11n.pt
INFO:modules.yolo_detector:   - Person class ID expected: 0
INFO:modules.yolo_detector:   - Confidence threshold: 0.25
INFO:modules.yolo_detector:   - All detections (conf>=0.25): 2
INFO:modules.yolo_detector:   - All classes found: [(0, 0.4053471088409424), (0, 0.4599444270133972)]
INFO:modules.yolo_detector:   - Person detections (class=0, conf>=0.25): 2
INFO:modules.yolo_detector:   - Sample person detection: bbox=[769, 509, 884, 717], conf=0.46, center=(826, 613)
INFO:modules.service_discipline_monitor:[camera_7] 🪑 T_seated: Customer track 209 at table table_6
INFO:modules.queue_monitor:[camera_17] Frame 270 detections:
INFO:modules.queue_monitor:  total=0, queue=0, counter=0, outside=0
INFO:modules.queue_monitor:  Queue ROI configured: False
INFO:modules.queue_monitor:  Counter ROI configured: False
INFO:modules.queue_monitor:[camera_17] Queue tracking debug (Frame 270):
INFO:modules.queue_monitor:  Detections passed to tracking: 0
INFO:modules.queue_monitor:  Active tracks in queue area: 0
INFO:modules.queue_monitor:  Dwell time threshold: 5.0s
INFO:modules.queue_monitor:  Final count: 0
INFO:modules.queue_monitor:[camera_17] Frame 270 tracking results:
INFO:modules.queue_monitor:  Counter detections passed to tracking: 0
INFO:modules.queue_monitor:  Counter count after tracking: 0
INFO:modules.queue_monitor:  Dwell time threshold: 0.0
INFO:modules.queue_monitor:  Uniform fallback enabled: True
INFO:modules.service_discipline_monitor:[camera_4] 🪑 T_seated: Customer track 57 at table table_3
INFO:modules.service_discipline_monitor:[camera_4] 🪑 T_seated: Customer track 107 at table table_3
INFO:modules.table_service_monitor:[camera_6] Table table_594_636: Person present - suppressing unclean detection
INFO:modules.cash_detection:💰 Cashdraw-open detected at 1773481539.7393565
INFO:modules.service_discipline_monitor:[camera_19] 🪑 T_seated: Customer track 21 at table table_11
INFO:modules.service_discipline_monitor:[camera_19] 🪑 T_seated: Customer track 39 at table table_11
INFO:modules.cash_detection:💰 Cashdraw-open detected at 1773481550.9939945
WARNING:modules.material_theft_monitor:[camera_15] 🚨 ALERT: Object detected on weighing machine (no person nearby)!
INFO:modules.material_theft_monitor:[camera_15] ✅ Setting object alert message: 📦 Object detected on weighing machine
INFO:modules.gif_recorder:Started alert GIF recording for: 📦 Object detected on weighing machine
INFO:modules.material_theft_monitor:[camera_15] 📹 Material theft alert GIF recording started: 📦 Object detected on weighing machine
INFO:modules.material_theft_monitor:[camera_15] Material theft alert logged to database (GIF recording in progress)
WARNING:modules.material_theft_monitor:[camera_15] Material theft alert triggered, GIF recording started
INFO:modules.material_theft_monitor:[camera_15] MaterialTheft Frame 284: item_detected=True, prev_detected=True, persons_nearby=False, cooldown_remaining=0.0s
INFO:werkzeug:127.0.0.1 - - [14/Mar/2026 15:15:54] "GET /api/get_alert_gifs?alert_type=material_theft_alert&days=7&limit=50&store_id=store_1 HTTP/1.1" 200 -
INFO:werkzeug:127.0.0.1 - - [14/Mar/2026 15:15:54] "GET /api/get_module_analytics/MaterialTheftMonitor?store_id=store_1 HTTP/1.1" 200 -
INFO:werkzeug:127.0.0.1 - - [14/Mar/2026 15:15:54] "GET /api/get_module_analytics/MaterialTheftMonitor?store_id=store_1 HTTP/1.1" 200 -
WARNING:modules.service_discipline_monitor:[camera_6] ⚠️ Order wait violation: Table table_5, customer 1 waiting 916.4s (threshold: 300.0s)
INFO:modules.service_discipline_monitor:[camera_6] 🔔 Triggering alert: order_wait=916.4s, threshold=300.0s, cooldown=300.0s, time_since_last_alert=300.9s
INFO:modules.service_discipline_monitor:[camera_6] 📊 Violation details: T_seated=1773480642.09588, T_order_start=None, order_wait=916.4s
INFO:modules.service_discipline_monitor:[camera_6] 📸 Starting GIF recording: frame shape=(720, 1280, 3), table=table_5, violation=order_wait
INFO:modules.service_discipline_monitor:[camera_6] 🎬 Starting GIF recording for table table_5, violation=order_wait
INFO:modules.gif_recorder:Started alert GIF recording for: Unknown alert
INFO:modules.service_discipline_monitor:Service discipline snapshot saved: static/service_discipline/service_table_table_5_camera_6_20260314_151558.jpg
INFO:modules.service_discipline_monitor:[camera_6] 📸 Service discipline snapshot saved: static/service_discipline/service_table_table_5_camera_6_20260314_151558.jpg
INFO:modules.service_discipline_monitor:[camera_6] 📊 Calculated wait times for violation: order_wait_time=916.3825550079346, service_wait_time=None, violation_type=order_wait
INFO:modules.service_discipline_monitor:[camera_6] 💾 Saving violation to database: Table table_5, order_wait = 916.4s
INFO:modules.database:📊 Extracted wait times from alert_data: order_wait_time=916.3825550079346, service_wait_time=None
INFO:modules.database:✅ Table service violation saved: ID=54, Table table_5 in channel camera_6, waiting time: 916.4s, order wait: 916.4s, service wait: N/A, snapshot_path=static/service_discipline/service_table_table_5_camera_6_20260314_151558.jpg
INFO:modules.database:✅ Resolved snapshot path (direct): static/service_discipline/service_table_table_5_camera_6_20260314_151558.jpg -> /home/ubuntu/Niyaaz_biryani/niyaaz/static/service_discipline/service_table_table_5_camera_6_20260314_151558.jpg
INFO:modules.telegram_notifier:Sending Telegram alert with image: /home/ubuntu/Niyaaz_biryani/niyaaz/static/service_discipline/service_table_table_5_camera_6_20260314_151558.jpg
INFO:modules.telegram_notifier:✅ Telegram photo sent successfully: service_table_table_5_camera_6_20260314_151558.jpg (340.6KB)
INFO:modules.service_discipline_monitor:[camera_6] ✅ Violation saved to table_service_violations: ID=54, order_wait=916.3825550079346, service_wait=None (GIF recording in progress)
INFO:modules.service_discipline_monitor:[camera_6] ✅ Alert logged to general alerts table: Service discipline violation: Table table_5 order_wait = 916.4s (threshold: 300.0s)
WARNING:modules.service_discipline_monitor:[camera_7] ⚠️ Order wait violation: Table table_6, customer 82 waiting 506.7s (threshold: 300.0s)
INFO:modules.service_discipline_monitor:[camera_7] 🔔 Triggering alert: order_wait=506.7s, threshold=300.0s, cooldown=300.0s, time_since_last_alert=300.5s
INFO:modules.service_discipline_monitor:[camera_7] 📊 Violation details: T_seated=1773481053.476523, T_order_start=None, order_wait=506.7s
INFO:modules.service_discipline_monitor:[camera_7] 📸 Starting GIF recording: frame shape=(720, 1280, 3), table=table_6, violation=order_wait
INFO:modules.service_discipline_monitor:[camera_7] 🎬 Starting GIF recording for table table_6, violation=order_wait
INFO:modules.gif_recorder:Started alert GIF recording for: Unknown alert
INFO:modules.service_discipline_monitor:Service discipline snapshot saved: static/service_discipline/service_table_table_6_camera_7_20260314_151600.jpg
INFO:modules.service_discipline_monitor:[camera_7] 📸 Service discipline snapshot saved: static/service_discipline/service_table_table_6_camera_7_20260314_151600.jpg
INFO:modules.service_discipline_monitor:[camera_7] 📊 Calculated wait times for violation: order_wait_time=506.67699003219604, service_wait_time=None, violation_type=order_wait
INFO:modules.service_discipline_monitor:[camera_7] 💾 Saving violation to database: Table table_6, order_wait = 506.7s
INFO:modules.database:📊 Extracted wait times from alert_data: order_wait_time=506.67699003219604, service_wait_time=None
INFO:modules.database:✅ Table service violation saved: ID=55, Table table_6 in channel camera_7, waiting time: 506.7s, order wait: 506.7s, service wait: N/A, snapshot_path=static/service_discipline/service_table_table_6_camera_7_20260314_151600.jpg
INFO:modules.database:✅ Resolved snapshot path (direct): static/service_discipline/service_table_table_6_camera_7_20260314_151600.jpg -> /home/ubuntu/Niyaaz_biryani/niyaaz/static/service_discipline/service_table_table_6_camera_7_20260314_151600.jpg
INFO:modules.telegram_notifier:Sending Telegram alert with image: /home/ubuntu/Niyaaz_biryani/niyaaz/static/service_discipline/service_table_table_6_camera_7_20260314_151600.jpg
INFO:modules.telegram_notifier:✅ Telegram photo sent successfully: service_table_table_6_camera_7_20260314_151600.jpg (389.9KB)
INFO:modules.service_discipline_monitor:[camera_7] ✅ Violation saved to table_service_violations: ID=55, order_wait=506.67699003219604, service_wait=None (GIF recording in progress)
INFO:modules.service_discipline_monitor:[camera_7] ✅ Alert logged to general alerts table: Service discipline violation: Table table_6 order_wait = 506.7s (threshold: 300.0s)
INFO:modules.gif_recorder:GIF saved: static/alerts/alert_20260314_151554.gif (32 frames, 200ms/frame)
INFO:modules.gif_recorder:Alert GIF created: static/alerts/alert_20260314_151554.gif (32 frames)
INFO:modules.telegram_notifier:Sending Telegram alert with image: static/alerts/alert_20260314_151554.gif
INFO:modules.telegram_notifier:✅ Telegram document sent successfully: alert_20260314_151554.gif (4463.3KB)
INFO:modules.material_theft_monitor:[camera_15] ✅ Material theft alert GIF saved to database: alert_20260314_151554.gif
INFO:modules.gif_recorder:GIF saved: static/alerts/alert_20260314_151558.gif (32 frames, 200ms/frame)
INFO:modules.gif_recorder:Alert GIF created: static/alerts/alert_20260314_151558.gif (32 frames)
INFO:modules.service_discipline_monitor:[camera_6] 🎬 GIF recording completed!
INFO:modules.service_discipline_monitor:[camera_6] ✅ Updated violation 54 with GIF path: static/alerts/alert_20260314_151558.gif
INFO:modules.telegram_notifier:Sending Telegram alert with image: static/alerts/alert_20260314_151558.gif
INFO:modules.telegram_notifier:✅ Telegram document sent successfully: alert_20260314_151558.gif (3703.4KB)
INFO:modules.telegram_notifier:Sending Telegram alert with image: static/alerts/alert_20260314_151558.gif
ERROR:__main__:Error reading legacy stores.json: Expecting value: line 1 column 1 (char 0)
INFO:werkzeug:127.0.0.1 - - [14/Mar/2026 15:16:15] "GET /api/get_stores HTTP/1.1" 200 -
INFO:werkzeug:127.0.0.1 - - [14/Mar/2026 15:16:15] "GET /api/get_module_analytics/QueueMonitor?store_id=store_1 HTTP/1.1" 200 -
INFO:werkzeug:127.0.0.1 - - [14/Mar/2026 15:16:15] "GET /api/get_module_analytics/DressCodeMonitoring?store_id=store_1 HTTP/1.1" 200 -
INFO:werkzeug:127.0.0.1 - - [14/Mar/2026 15:16:15] "GET /api/get_module_analytics/PPEMonitoring?store_id=store_1 HTTP/1.1" 200 -
INFO:werkzeug:127.0.0.1 - - [14/Mar/2026 15:16:15] "GET /api/get_module_analytics/CashDetection?store_id=store_1 HTTP/1.1" 200 -
INFO:werkzeug:127.0.0.1 - - [14/Mar/2026 15:16:15] "GET /api/get_module_analytics/TableServiceMonitor?store_id=store_1 HTTP/1.1" 200 -
INFO:__main__:📊 Service Discipline Analytics: Querying violations from last 7 days (since 2026-03-07 15:16:15.771288+05:30 IST)
INFO:__main__:📊 Service Discipline Analytics: Found 55 total violations in database (last 7 days)
INFO:__main__:📊 Service Discipline Analytics: 55 relevant violations after filtering (excluded types: {'unclean_table', 'wrong_uniform', 'slow_reset'})
INFO:__main__:📊 Wait times found: 55 total, 55 order, 0 service
INFO:werkzeug:127.0.0.1 - - [14/Mar/2026 15:16:15] "GET /api/get_module_analytics/ServiceDisciplineMonitor?store_id=store_1 HTTP/1.1" 200 -
INFO:werkzeug:127.0.0.1 - - [14/Mar/2026 15:16:15] "GET /api/get_module_analytics/UnauthorizedEntryMonitor?store_id=store_1 HTTP/1.1" 200 -
INFO:werkzeug:127.0.0.1 - - [14/Mar/2026 15:16:15] "GET /api/get_module_analytics/MaterialTheftMonitor?store_id=store_1 HTTP/1.1" 200 -
INFO:werkzeug:127.0.0.1 - - [14/Mar/2026 15:16:15] "GET /api/get_module_analytics/FallDetection?store_id=store_1 HTTP/1.1" 200 -
INFO:werkzeug:127.0.0.1 - - [14/Mar/2026 15:16:15] "GET /api/get_module_analytics/SmokingDetection?store_id=store_1 HTTP/1.1" 200 -
INFO:werkzeug:127.0.0.1 - - [14/Mar/2026 15:16:15] "GET /api/get_module_analytics/PersonSmokingDetection?store_id=store_1 HTTP/1.1" 200 -
INFO:werkzeug:127.0.0.1 - - [14/Mar/2026 15:16:15] "GET /api/get_module_analytics/CrowdDetection?store_id=store_1 HTTP/1.1" 200 -
INFO:werkzeug:127.0.0.1 - - [14/Mar/2026 15:16:15] "GET /api/get_module_analytics/IdleTimeMonitor?store_id=store_1 HTTP/1.1" 200 -
INFO:werkzeug:127.0.0.1 - - [14/Mar/2026 15:16:15] "[33mGET /static/images/icons/queue.png HTTP/1.1[0m" 404 -
INFO:werkzeug:127.0.0.1 - - [14/Mar/2026 15:16:15] "[33mGET /static/images/icons/uniform.png HTTP/1.1[0m" 404 -
INFO:werkzeug:127.0.0.1 - - [14/Mar/2026 15:16:15] "[33mGET /static/images/icons/ppe.png HTTP/1.1[0m" 404 -
INFO:werkzeug:127.0.0.1 - - [14/Mar/2026 15:16:15] "[33mGET /static/images/icons/cash.png HTTP/1.1[0m" 404 -
INFO:werkzeug:127.0.0.1 - - [14/Mar/2026 15:16:15] "[33mGET /static/images/icons/clean.jpg HTTP/1.1[0m" 404 -
INFO:werkzeug:127.0.0.1 - - [14/Mar/2026 15:16:15] "[33mGET /static/images/icons/table_service.jpg HTTP/1.1[0m" 404 -
INFO:werkzeug:127.0.0.1 - - [14/Mar/2026 15:16:15] "[33mGET /static/images/icons/un.png HTTP/1.1[0m" 404 -
INFO:werkzeug:127.0.0.1 - - [14/Mar/2026 15:16:15] "[33mGET /static/images/icons/theft.jpg HTTP/1.1[0m" 404 -
INFO:werkzeug:127.0.0.1 - - [14/Mar/2026 15:16:15] "[33mGET /static/images/icons/smoking.jpg HTTP/1.1[0m" 404 -
INFO:werkzeug:127.0.0.1 - - [14/Mar/2026 15:16:15] "[33mGET /static/images/icons/fall.jpg HTTP/1.1[0m" 404 -
INFO:werkzeug:127.0.0.1 - - [14/Mar/2026 15:16:15] "[33mGET /static/images/icons/cig.jpg HTTP/1.1[0m" 404 -
INFO:werkzeug:127.0.0.1 - - [14/Mar/2026 15:16:15] "[33mGET /static/images/icons/crowd.jpg HTTP/1.1[0m" 404 -
INFO:werkzeug:127.0.0.1 - - [14/Mar/2026 15:16:15] "[33mGET /static/images/icons/ideal.png HTTP/1.1[0m" 404 -
INFO:modules.telegram_notifier:✅ Telegram document sent successfully: alert_20260314_151558.gif (3703.4KB)
INFO:modules.service_discipline_monitor:[camera_6] ✅ Telegram alert sent with GIF: alert_20260314_151558.gif
INFO:modules.service_discipline_monitor:[camera_6] ✅ Service discipline alert GIF saved to database: alert_20260314_151558.gif
INFO:modules.gif_recorder:GIF saved: static/alerts/alert_20260314_151600.gif (32 frames, 200ms/frame)
INFO:modules.gif_recorder:Alert GIF created: static/alerts/alert_20260314_151600.gif (32 frames)
INFO:modules.service_discipline_monitor:[camera_7] 🎬 GIF recording completed!
INFO:modules.service_discipline_monitor:[camera_7] ✅ Updated violation 55 with GIF path: static/alerts/alert_20260314_151600.gif
INFO:modules.telegram_notifier:Sending Telegram alert with image: static/alerts/alert_20260314_151600.gif
INFO:modules.telegram_notifier:✅ Telegram document sent successfully: alert_20260314_151600.gif (4024.2KB)
INFO:modules.telegram_notifier:Sending Telegram alert with image: static/alerts/alert_20260314_151600.gif
INFO:modules.telegram_notifier:✅ Telegram document sent successfully: alert_20260314_151600.gif (4024.2KB)
INFO:modules.service_discipline_monitor:[camera_7] ✅ Telegram alert sent with GIF: alert_20260314_151600.gif
INFO:modules.service_discipline_monitor:[camera_7] ✅ Service discipline alert GIF saved to database: alert_20260314_151600.gif
INFO:modules.service_discipline_monitor:[camera_8] 🪑 T_seated: Customer track 1 at table table_7
INFO:modules.service_discipline_monitor:[camera_8] 🪑 T_seated: Customer track 69 at table table_7
INFO:modules.service_discipline_monitor:[camera_19] 🪑 T_seated: Customer track 21 at table table_11
INFO:modules.service_discipline_monitor:[camera_19] 🪑 T_seated: Customer track 39 at table table_11
INFO:modules.service_discipline_monitor:[camera_23] 🪑 T_seated: Customer track 69 at table table_13
INFO:modules.table_service_monitor:[camera_6] Table table_595_637: State changed to unclean (no person present, 5 consecutive detections, conf=0.871)
INFO:modules.material_theft_monitor:[camera_15] 👤 Person(s) detected near ROI: 1 person(s)
INFO:modules.yolo_detector:🔍 YOLO Detection Debug (call #60):
INFO:modules.yolo_detector:   - Model: models/yolo11n.pt
INFO:modules.yolo_detector:   - Person class ID expected: 0
INFO:modules.yolo_detector:   - Confidence threshold: 0.25
INFO:modules.yolo_detector:   - All detections (conf>=0.25): 0
WARNING:modules.yolo_detector:   - ⚠️ No detections found at all (conf>=0.25)!
INFO:modules.yolo_detector:   - Person detections (class=0, conf>=0.25): 0
WARNING:modules.yolo_detector:   - ⚠️ No detections found - model may not be detecting anything in this frame
INFO:modules.yolo_detector:🔍 YOLO Detection Debug (call #60):
INFO:modules.yolo_detector:   - Model: models/yolo11n.pt
INFO:modules.yolo_detector:   - Person class ID expected: 0
INFO:modules.yolo_detector:   - Confidence threshold: 0.25
INFO:modules.yolo_detector:   - All detections (conf>=0.25): 0
WARNING:modules.yolo_detector:   - ⚠️ No detections found at all (conf>=0.25)!
INFO:modules.yolo_detector:   - Person detections (class=0, conf>=0.25): 0
WARNING:modules.yolo_detector:   - ⚠️ No detections found - model may not be detecting anything in this frame
INFO:modules.yolo_detector:🔍 YOLO Detection Debug (call #60):
INFO:modules.yolo_detector:   - Model: models/yolo11n.pt
INFO:modules.yolo_detector:   - Person class ID expected: 0
INFO:modules.yolo_detector:   - Confidence threshold: 0.25
INFO:modules.yolo_detector:   - All detections (conf>=0.25): 4
INFO:modules.yolo_detector:   - All classes found: [(0, 0.2694168984889984), (0, 0.47140979766845703), (0, 0.6108103394508362), (0, 0.8364010453224182)]
INFO:modules.yolo_detector:   - Person detections (class=0, conf>=0.25): 4
INFO:modules.yolo_detector:   - Sample person detection: bbox=[332, 109, 435, 320], conf=0.84, center=(383, 214)
INFO:modules.yolo_detector:🔍 YOLO Detection Debug (call #60):
INFO:modules.yolo_detector:   - Model: models/yolo11n.pt
INFO:modules.yolo_detector:   - Person class ID expected: 0
INFO:modules.yolo_detector:   - Confidence threshold: 0.25
INFO:modules.yolo_detector:   - All detections (conf>=0.25): 2
INFO:modules.yolo_detector:   - All classes found: [(0, 0.2543017566204071), (0, 0.6537699103355408)]
INFO:modules.yolo_detector:   - Person detections (class=0, conf>=0.25): 2
INFO:modules.yolo_detector:   - Sample person detection: bbox=[564, 36, 636, 101], conf=0.65, center=(600, 68)
INFO:modules.yolo_detector:🔍 YOLO Detection Debug (call #60):
INFO:modules.yolo_detector:   - Model: models/yolo11n.pt
INFO:modules.yolo_detector:   - Person class ID expected: 0
INFO:modules.yolo_detector:   - Confidence threshold: 0.25
INFO:modules.yolo_detector:   - All detections (conf>=0.25): 8
INFO:modules.yolo_detector:   - All classes found: [(0, 0.3309168815612793), (0, 0.44072991609573364), (0, 0.45771506428718567), (0, 0.46168145537376404), (0, 0.49353519082069397), (0, 0.5097406506538391), (0, 0.6518528461456299), (0, 0.7482517957687378)]
INFO:modules.yolo_detector:   - Person detections (class=0, conf>=0.25): 8
INFO:modules.yolo_detector:   - Sample person detection: bbox=[496, 235, 645, 339], conf=0.75, center=(570, 287)
INFO:modules.yolo_detector:🔍 YOLO Detection Debug (call #60):
INFO:modules.yolo_detector:   - Model: models/yolo11n.pt
INFO:modules.yolo_detector:   - Person class ID expected: 0
INFO:modules.yolo_detector:   - Confidence threshold: 0.25
INFO:modules.yolo_detector:   - All detections (conf>=0.25): 9
INFO:modules.yolo_detector:   - All classes found: [(0, 0.2727574408054352), (0, 0.3153480291366577), (0, 0.32564911246299744), (0, 0.35422131419181824), (0, 0.4182739555835724), (0, 0.42647743225097656), (0, 0.5314409136772156), (0, 0.6747780442237854), (0, 0.8983595967292786)]
INFO:modules.yolo_detector:   - Person detections (class=0, conf>=0.25): 9
INFO:modules.yolo_detector:   - Sample person detection: bbox=[760, 327, 997, 547], conf=0.90, center=(878, 437)
INFO:modules.yolo_detector:🔍 YOLO Detection Debug (call #60):
INFO:modules.yolo_detector:   - Model: models/yolo11n.pt
INFO:modules.yolo_detector:   - Person class ID expected: 0
INFO:modules.yolo_detector:   - Confidence threshold: 0.25
INFO:modules.yolo_detector:   - All detections (conf>=0.25): 8
INFO:modules.yolo_detector:   - All classes found: [(0, 0.2739601731300354), (0, 0.35046252608299255), (0, 0.42073264718055725), (0, 0.4777773320674896), (0, 0.553053617477417), (0, 0.6888159513473511), (0, 0.7322468161582947), (0, 0.7952499389648438)]
INFO:modules.yolo_detector:   - Person detections (class=0, conf>=0.25): 8
INFO:modules.yolo_detector:   - Sample person detection: bbox=[285, 122, 400, 421], conf=0.80, center=(342, 271)
INFO:modules.yolo_detector:🔍 YOLO Detection Debug (call #60):
INFO:modules.yolo_detector:   - Model: models/yolo11n.pt
INFO:modules.yolo_detector:   - Person class ID expected: 0
INFO:modules.yolo_detector:   - Confidence threshold: 0.25
INFO:modules.yolo_detector:   - All detections (conf>=0.25): 2
INFO:modules.yolo_detector:   - All classes found: [(0, 0.6476287245750427), (0, 0.6952286958694458)]
INFO:modules.yolo_detector:   - Person detections (class=0, conf>=0.25): 2
INFO:modules.yolo_detector:   - Sample person detection: bbox=[755, 502, 873, 715], conf=0.70, center=(814, 608)
INFO:modules.yolo_detector:🔍 YOLO Detection Debug (call #150):
INFO:modules.yolo_detector:   - Model: models/yolo11n.pt
INFO:modules.yolo_detector:   - Person class ID expected: 0
INFO:modules.yolo_detector:   - Confidence threshold: 0.5
INFO:modules.yolo_detector:   - All detections (conf>=0.25): 8
INFO:modules.yolo_detector:   - All classes found: [(0, 0.3961590528488159), (0, 0.4143531620502472), (0, 0.6294263601303101), (0, 0.6624870896339417), (0, 0.7782529592514038), (0, 0.7838989496231079), (0, 0.9080554246902466), (0, 0.9221204519271851)]
INFO:modules.yolo_detector:   - Person detections (class=0, conf>=0.5): 6
INFO:modules.yolo_detector:   - Sample person detection: bbox=[537, 130, 1143, 709], conf=0.92, center=(840, 419)
INFO:modules.yolo_detector:🔍 YOLO Detection Debug (call #150):
INFO:modules.yolo_detector:   - Model: models/yolo11n.pt
INFO:modules.yolo_detector:   - Person class ID expected: 0
INFO:modules.yolo_detector:   - Confidence threshold: 0.5
INFO:modules.yolo_detector:   - All detections (conf>=0.25): 6
INFO:modules.yolo_detector:   - All classes found: [(0, 0.30256834626197815), (0, 0.35505369305610657), (0, 0.3759259283542633), (0, 0.701953649520874), (0, 0.706047534942627), (0, 0.7369430661201477)]
INFO:modules.yolo_detector:   - Person detections (class=0, conf>=0.5): 3
INFO:modules.yolo_detector:   - Sample person detection: bbox=[593, 56, 663, 205], conf=0.74, center=(628, 130)
INFO:modules.material_theft_monitor:[camera_15] Person detection: Found 5 person(s) in frame
INFO:modules.material_theft_monitor:[camera_15] MaterialTheft Frame 300: item_detected=False, prev_detected=False, persons_nearby=False, cooldown_remaining=120.3s
INFO:modules.smoking_detection:🔍 Smoke & Fire Detection Frame 300 - Detected: Weighing_machine(0.49)
INFO:modules.person_smoking_detection:🔍 Smoking Detection Frame 300 - Detected: Weighing_machine(0.49)
INFO:modules.yolo_detector:🔍 YOLO Detection Debug (call #300):
INFO:modules.yolo_detector:   - Model: models/yolo11n.pt
INFO:modules.yolo_detector:   - Person class ID expected: 0
INFO:modules.yolo_detector:   - Confidence threshold: 0.25
INFO:modules.yolo_detector:   - All detections (conf>=0.25): 4
INFO:modules.yolo_detector:   - All classes found: [(0, 0.28538283705711365), (0, 0.30785709619522095), (0, 0.3414546847343445), (0, 0.4131636917591095)]
INFO:modules.yolo_detector:   - Person detections (class=0, conf>=0.25): 4
INFO:modules.yolo_detector:   - Sample person detection: bbox=[551, 138, 615, 305], conf=0.41, center=(583, 221)
INFO:modules.service_discipline_monitor:[camera_18] 📊 Tracking Status (Frame 300): 11 total tracks, 1 tables, 0 customers, 0 waiters, 4 person detections, 0 uniform detections
INFO:modules.service_discipline_monitor:[camera_18] 📊 Violation Check (Frame 300): order_threshold=300.0s, service_threshold=180.0s, cooldown=300.0s, 1 tables, 0 customers tracked
INFO:modules.service_discipline_monitor:[camera_18] ℹ️ No customers currently tracked (may be normal if no customers present)
INFO:modules.yolo_detector:🔍 YOLO Detection Debug (call #300):
INFO:modules.yolo_detector:   - Model: models/yolo11n.pt
INFO:modules.yolo_detector:   - Person class ID expected: 0
INFO:modules.yolo_detector:   - Confidence threshold: 0.25
INFO:modules.yolo_detector:   - All detections (conf>=0.25): 0
WARNING:modules.yolo_detector:   - ⚠️ No detections found at all (conf>=0.25)!
INFO:modules.yolo_detector:   - Person detections (class=0, conf>=0.25): 0
WARNING:modules.yolo_detector:   - ⚠️ No detections found - model may not be detecting anything in this frame
INFO:modules.service_discipline_monitor:[camera_19] 📊 Tracking Status (Frame 300): 0 total tracks, 2 tables, 0 customers, 0 waiters, 0 person detections, 0 uniform detections
INFO:modules.service_discipline_monitor:[camera_19] 📊 Violation Check (Frame 300): order_threshold=300.0s, service_threshold=180.0s, cooldown=300.0s, 2 tables, 0 customers tracked
INFO:modules.service_discipline_monitor:[camera_19] ℹ️ No customers currently tracked (may be normal if no customers present)
INFO:modules.queue_monitor:[camera_1] Frame 300 detections:
INFO:modules.queue_monitor:  total=6, queue=0, counter=0, outside=6
INFO:modules.queue_monitor:  Queue ROI configured: False
INFO:modules.queue_monitor:  Counter ROI configured: False
INFO:modules.queue_monitor:  All detections classification:
INFO:modules.queue_monitor:    Det 1: bbox=[537, 130, 1143, 709], center=(840, 419), area=none
INFO:modules.queue_monitor:    Det 2: bbox=[0, 177, 263, 706], center=(131, 441), area=none
INFO:modules.queue_monitor:    Det 3: bbox=[693, 30, 942, 419], center=(817, 224), area=none
INFO:modules.queue_monitor:    Det 4: bbox=[524, 3, 678, 299], center=(601, 151), area=none
INFO:modules.queue_monitor:    Det 5: bbox=[28, 46, 112, 244], center=(70, 145), area=none
INFO:modules.queue_monitor:[camera_1] Queue tracking debug (Frame 300):
INFO:modules.queue_monitor:  Detections passed to tracking: 0
INFO:modules.queue_monitor:  Active tracks in queue area: 0
INFO:modules.queue_monitor:  Dwell time threshold: 5.0s
INFO:modules.queue_monitor:  Final count: 0
INFO:modules.queue_monitor:[camera_1] Frame 300 tracking results:
INFO:modules.queue_monitor:  Counter detections passed to tracking: 0
INFO:modules.queue_monitor:  Counter count after tracking: 0
INFO:modules.queue_monitor:  Dwell time threshold: 0.0
INFO:modules.queue_monitor:  Uniform fallback enabled: True
INFO:modules.queue_monitor:[camera_1] 📊 Queue Monitor Status (Frame 300):
INFO:modules.queue_monitor:  Queue count: 0, Counter count: 0
INFO:modules.queue_monitor:  Settings: queue_threshold=3, wait_threshold=120.0s
INFO:modules.queue_monitor:  Last alert: Never
INFO:modules.dress_code_monitoring:[camera_1] Raw uniform detections from best.pt: ['Uniform_grey', 'Uniform_black', 'Uniform_cream', 'Uniform_cream']
INFO:modules.dress_code_monitoring:📊 [camera_1] DressCode Frame 300: Total detections: 5
INFO:modules.dress_code_monitoring:   Counter ROI configured: False, Queue ROI configured: False
INFO:modules.dress_code_monitoring:   Allowed uniforms in counter: []
INFO:modules.dress_code_monitoring:   Detected classes: {'Uniform_grey': 1, 'Hairnet': 1, 'Uniform_black': 1, 'Uniform_cream': 2}
INFO:modules.dress_code_monitoring:   Detections by area: {'counter': 0, 'queue': 0, 'unknown': 0, 'everywhere': 5}
INFO:modules.dress_code_monitoring:   👔 Uniforms everywhere: ['Uniform_grey', 'Uniform_black', 'Uniform_cream', 'Uniform_cream']
INFO:modules.dress_code_monitoring:   👔 Compliance items detected: ['Hairnet']
INFO:modules.dress_code_monitoring:[camera_1] Compliance check: Uniform=Uniform_grey, In counter=False
INFO:modules.dress_code_monitoring:   Is compliant: True, Violations: []
INFO:modules.dress_code_monitoring:   Allowed uniforms: []
INFO:modules.dress_code_monitoring:   Position key: Uniform_grey_900_500
INFO:modules.dress_code_monitoring:[camera_1] Compliance check: Uniform=Uniform_black, In counter=False
INFO:modules.dress_code_monitoring:   Is compliant: True, Violations: []
INFO:modules.dress_code_monitoring:   Allowed uniforms: []
INFO:modules.dress_code_monitoring:   Position key: Uniform_black_800_100
INFO:modules.dress_code_monitoring:[camera_1] Compliance check: Uniform=Uniform_cream, In counter=False
INFO:modules.dress_code_monitoring:   Is compliant: True, Violations: []
INFO:modules.dress_code_monitoring:   Allowed uniforms: []
INFO:modules.dress_code_monitoring:   Position key: Uniform_cream_600_0
INFO:modules.dress_code_monitoring:[camera_1] Compliance check: Uniform=Uniform_cream, In counter=False
INFO:modules.dress_code_monitoring:   Is compliant: True, Violations: []
INFO:modules.dress_code_monitoring:   Allowed uniforms: []
INFO:modules.dress_code_monitoring:   Position key: Uniform_cream_0_400
INFO:modules.smoking_detection:🔍 Smoke & Fire Detection Frame 300 - Detected: Uniform_grey(0.72), Hairnet(0.65), Uniform_black(0.64), Uniform_cream(0.54), Uniform_cream(0.51), Uniform_cream(0.42)
INFO:modules.queue_monitor:[camera_2] Frame 300 detections:
INFO:modules.queue_monitor:  total=3, queue=0, counter=0, outside=3
INFO:modules.queue_monitor:  Queue ROI configured: False
INFO:modules.queue_monitor:  Counter ROI configured: False
INFO:modules.queue_monitor:  All detections classification:
INFO:modules.queue_monitor:    Det 1: bbox=[593, 56, 663, 205], center=(628, 130), area=none
INFO:modules.queue_monitor:    Det 2: bbox=[73, 217, 312, 458], center=(192, 337), area=none
INFO:modules.queue_monitor:    Det 3: bbox=[1221, 54, 1279, 263], center=(1250, 158), area=none
INFO:modules.queue_monitor:[camera_2] Queue tracking debug (Frame 300):
INFO:modules.queue_monitor:  Detections passed to tracking: 0
INFO:modules.queue_monitor:  Active tracks in queue area: 0
INFO:modules.queue_monitor:  Dwell time threshold: 5.0s
INFO:modules.queue_monitor:  Final count: 0
INFO:modules.queue_monitor:[camera_2] Frame 300 tracking results:
INFO:modules.queue_monitor:  Counter detections passed to tracking: 0
INFO:modules.queue_monitor:  Counter count after tracking: 0
INFO:modules.queue_monitor:  Dwell time threshold: 0.0
INFO:modules.queue_monitor:  Uniform fallback enabled: True
INFO:modules.queue_monitor:[camera_2] 📊 Queue Monitor Status (Frame 300):
INFO:modules.queue_monitor:  Queue count: 0, Counter count: 0
INFO:modules.queue_monitor:  Settings: queue_threshold=3, wait_threshold=120.0s
INFO:modules.queue_monitor:  Last alert: Never
INFO:modules.dress_code_monitoring:📊 [camera_2] DressCode Frame 300: Total detections: 0
INFO:modules.dress_code_monitoring:   Counter ROI configured: False, Queue ROI configured: False
INFO:modules.dress_code_monitoring:   Allowed uniforms in counter: []
INFO:modules.smoking_detection:🔍 Smoke & Fire Detection Frame 300 - Detected: Cashdraw-open(0.75)
INFO:modules.dress_code_monitoring:📊 [camera_4] DressCode Frame 300: Total detections: 1
INFO:modules.dress_code_monitoring:   Counter ROI configured: False, Queue ROI configured: False
INFO:modules.dress_code_monitoring:   Allowed uniforms in counter: []
INFO:modules.dress_code_monitoring:   Detected classes: {'Hairnet': 1}
INFO:modules.dress_code_monitoring:   Detections by area: {'counter': 0, 'queue': 0, 'unknown': 0, 'everywhere': 1}
INFO:modules.dress_code_monitoring:   👔 Compliance items detected: ['Hairnet']
INFO:modules.smoking_detection:🔍 Smoke & Fire Detection Frame 300 - Detected: Table_unclean(0.58), Hairnet(0.58)
INFO:modules.yolo_detector:🔍 YOLO Detection Debug (call #300):
INFO:modules.yolo_detector:   - Model: models/yolo11n.pt
INFO:modules.yolo_detector:   - Person class ID expected: 0
INFO:modules.yolo_detector:   - Confidence threshold: 0.25
INFO:modules.yolo_detector:   - All detections (conf>=0.25): 2
INFO:modules.yolo_detector:   - All classes found: [(0, 0.6214778423309326), (0, 0.8451074957847595)]
INFO:modules.yolo_detector:   - Person detections (class=0, conf>=0.25): 2
INFO:modules.yolo_detector:   - Sample person detection: bbox=[332, 106, 435, 323], conf=0.85, center=(383, 214)
INFO:modules.service_discipline_monitor:[camera_4] 📊 Tracking Status (Frame 300): 15 total tracks, 2 tables, 2 customers, 2 waiters, 2 person detections, 0 uniform detections
INFO:modules.service_discipline_monitor:[camera_4] 📊 Violation Check (Frame 300): order_threshold=300.0s, service_threshold=180.0s, cooldown=300.0s, 2 tables, 2 customers tracked
INFO:modules.service_discipline_monitor:[camera_4] 📋 Table table_3: 2 customer(s) tracked
ERROR:modules.service_discipline_monitor:ServiceDiscipline processing error: unsupported format string passed to NoneType.__format__
Traceback (most recent call last):
  File "/home/ubuntu/Niyaaz_biryani/niyaaz/modules/service_discipline_monitor.py", line 893, in process_frame
    self._check_violations(current_time, clean_frame)
  File "/home/ubuntu/Niyaaz_biryani/niyaaz/modules/service_discipline_monitor.py", line 1307, in _check_violations
    f"T_order_start={t_order:.1f if t_order else 'None'}, "
                    ^^^^^^^^^^^^^^^^^^^^^^^^^^^^^^^^^^^^
TypeError: unsupported format string passed to NoneType.__format__
INFO:modules.dress_code_monitoring:📊 [camera_5] DressCode Frame 300: Total detections: 0
INFO:modules.dress_code_monitoring:   Counter ROI configured: False, Queue ROI configured: False
INFO:modules.dress_code_monitoring:   Allowed uniforms in counter: []
INFO:modules.smoking_detection:🔍 Smoke & Fire Detection Frame 300 - Detected: Table_clean(0.91), Table_clean(0.90), Table_clean(0.81), Table_clean(0.78), Table_clean(0.63), Table_clean(0.53)
INFO:modules.yolo_detector:🔍 YOLO Detection Debug (call #300):
INFO:modules.yolo_detector:   - Model: models/yolo11n.pt
INFO:modules.yolo_detector:   - Person class ID expected: 0
INFO:modules.yolo_detector:   - Confidence threshold: 0.25
INFO:modules.yolo_detector:   - All detections (conf>=0.25): 1
INFO:modules.yolo_detector:   - All classes found: [(0, 0.6322449445724487)]
INFO:modules.yolo_detector:   - Person detections (class=0, conf>=0.25): 1
INFO:modules.yolo_detector:   - Sample person detection: bbox=[564, 36, 636, 101], conf=0.63, center=(600, 68)
INFO:modules.service_discipline_monitor:[camera_5] 📊 Tracking Status (Frame 300): 5 total tracks, 0 tables, 0 customers, 0 waiters, 1 person detections, 0 uniform detections
INFO:modules.service_discipline_monitor:[camera_5] 📊 Violation Check (Frame 300): order_threshold=300.0s, service_threshold=180.0s, cooldown=300.0s, 0 tables, 0 customers tracked
WARNING:modules.service_discipline_monitor:[camera_5] ⚠️ No tables being tracked! Check table ROIs configuration.
INFO:modules.service_discipline_monitor:[camera_5] ℹ️ No customers currently tracked (may be normal if no customers present)
INFO:modules.dress_code_monitoring:[camera_6] Raw uniform detections from best.pt: ['Uniform_grey', 'Uniform_cream']
INFO:modules.dress_code_monitoring:📊 [camera_6] DressCode Frame 300: Total detections: 3
INFO:modules.dress_code_monitoring:   Counter ROI configured: False, Queue ROI configured: False
INFO:modules.dress_code_monitoring:   Allowed uniforms in counter: []
INFO:modules.dress_code_monitoring:   Detected classes: {'Uniform_grey': 1, 'Uniform_cream': 1, 'Hairnet': 1}
INFO:modules.dress_code_monitoring:   Detections by area: {'counter': 0, 'queue': 0, 'unknown': 0, 'everywhere': 3}
INFO:modules.dress_code_monitoring:   👔 Uniforms everywhere: ['Uniform_grey', 'Uniform_cream']
INFO:modules.dress_code_monitoring:   👔 Compliance items detected: ['Hairnet']
INFO:modules.dress_code_monitoring:[camera_6] Compliance check: Uniform=Uniform_grey, In counter=False
INFO:modules.dress_code_monitoring:   Is compliant: True, Violations: []
INFO:modules.dress_code_monitoring:   Allowed uniforms: []
INFO:modules.dress_code_monitoring:   Position key: Uniform_grey_900_500
INFO:modules.dress_code_monitoring:[camera_6] Compliance check: Uniform=Uniform_cream, In counter=False
INFO:modules.dress_code_monitoring:   Is compliant: True, Violations: []
INFO:modules.dress_code_monitoring:   Allowed uniforms: []
INFO:modules.dress_code_monitoring:   Position key: Uniform_cream_500_100
INFO:modules.smoking_detection:🔍 Smoke & Fire Detection Frame 300 - Detected: Table_unclean(0.86), Table_unclean(0.79), Uniform_grey(0.76), Table_clean(0.68), Uniform_cream(0.67), Table_clean(0.63), Hairnet(0.57)
INFO:modules.yolo_detector:🔍 YOLO Detection Debug (call #300):
INFO:modules.yolo_detector:   - Model: models/yolo11n.pt
INFO:modules.yolo_detector:   - Person class ID expected: 0
INFO:modules.yolo_detector:   - Confidence threshold: 0.25
INFO:modules.yolo_detector:   - All detections (conf>=0.25): 8
INFO:modules.yolo_detector:   - All classes found: [(0, 0.3396705985069275), (0, 0.5850595831871033), (0, 0.6222913265228271), (0, 0.6688016653060913), (0, 0.684969961643219), (0, 0.7446881532669067), (0, 0.8612357974052429), (0, 0.9013361930847168)]
INFO:modules.yolo_detector:   - Person detections (class=0, conf>=0.25): 8
INFO:modules.yolo_detector:   - Sample person detection: bbox=[803, 378, 1019, 712], conf=0.90, center=(911, 545)
INFO:modules.service_discipline_monitor:[camera_6] 📊 Tracking Status (Frame 300): 20 total tracks, 1 tables, 2 customers, 1 waiters, 8 person detections, 2 uniform detections
INFO:modules.service_discipline_monitor:[camera_6] 📊 Violation Check (Frame 300): order_threshold=300.0s, service_threshold=180.0s, cooldown=300.0s, 1 tables, 2 customers tracked
INFO:modules.service_discipline_monitor:[camera_6] 📋 Table table_5: 2 customer(s) tracked
ERROR:modules.service_discipline_monitor:ServiceDiscipline processing error: unsupported format string passed to NoneType.__format__
Traceback (most recent call last):
  File "/home/ubuntu/Niyaaz_biryani/niyaaz/modules/service_discipline_monitor.py", line 893, in process_frame
    self._check_violations(current_time, clean_frame)
  File "/home/ubuntu/Niyaaz_biryani/niyaaz/modules/service_discipline_monitor.py", line 1307, in _check_violations
    f"T_order_start={t_order:.1f if t_order else 'None'}, "
                    ^^^^^^^^^^^^^^^^^^^^^^^^^^^^^^^^^^^^
TypeError: unsupported format string passed to NoneType.__format__
INFO:modules.dress_code_monitoring:[camera_7] Raw uniform detections from best.pt: ['Uniform_grey', 'Uniform_grey']
INFO:modules.dress_code_monitoring:📊 [camera_7] DressCode Frame 300: Total detections: 5
INFO:modules.dress_code_monitoring:   Counter ROI configured: False, Queue ROI configured: False
INFO:modules.dress_code_monitoring:   Allowed uniforms in counter: []
INFO:modules.dress_code_monitoring:   Detected classes: {'Hairnet': 3, 'Uniform_grey': 2}
INFO:modules.dress_code_monitoring:   Detections by area: {'counter': 0, 'queue': 0, 'unknown': 0, 'everywhere': 5}
INFO:modules.dress_code_monitoring:   👔 Uniforms everywhere: ['Uniform_grey', 'Uniform_grey']
INFO:modules.dress_code_monitoring:   👔 Compliance items detected: ['Hairnet']
INFO:modules.dress_code_monitoring:[camera_7] Compliance check: Uniform=Uniform_grey, In counter=False
INFO:modules.dress_code_monitoring:   Is compliant: True, Violations: []
INFO:modules.dress_code_monitoring:   Allowed uniforms: []
INFO:modules.dress_code_monitoring:   Position key: Uniform_grey_0_200
INFO:modules.dress_code_monitoring:[camera_7] Compliance check: Uniform=Uniform_grey, In counter=False
INFO:modules.dress_code_monitoring:   Is compliant: True, Violations: []
INFO:modules.dress_code_monitoring:   Allowed uniforms: []
INFO:modules.dress_code_monitoring:   Position key: Uniform_grey_600_100
INFO:modules.smoking_detection:🔍 Smoke & Fire Detection Frame 300 - Detected: Table_clean(0.83), Table_unclean(0.66), Hairnet(0.65), Hairnet(0.62), Uniform_grey(0.61), Hairnet(0.60), Uniform_grey(0.59), Table_unclean(0.50), Hairnet(0.47), Uniform_black(0.46), Table_unclean(0.43)
INFO:modules.yolo_detector:🔍 YOLO Detection Debug (call #300):
INFO:modules.yolo_detector:   - Model: models/yolo11n.pt
INFO:modules.yolo_detector:   - Person class ID expected: 0
INFO:modules.yolo_detector:   - Confidence threshold: 0.25
INFO:modules.yolo_detector:   - All detections (conf>=0.25): 9
INFO:modules.yolo_detector:   - All classes found: [(0, 0.30946415662765503), (0, 0.31015685200691223), (0, 0.31228500604629517), (0, 0.32828405499458313), (0, 0.5051360726356506), (0, 0.5390413999557495), (0, 0.7410607933998108), (0, 0.7754520773887634), (0, 0.8813555240631104)]
INFO:modules.yolo_detector:   - Person detections (class=0, conf>=0.25): 9
INFO:modules.yolo_detector:   - Sample person detection: bbox=[760, 326, 998, 547], conf=0.88, center=(879, 436)
INFO:modules.service_discipline_monitor:[camera_7] 📊 Tracking Status (Frame 300): 28 total tracks, 1 tables, 7 customers, 3 waiters, 9 person detections, 2 uniform detections
INFO:modules.service_discipline_monitor:[camera_7] 📊 Violation Check (Frame 300): order_threshold=300.0s, service_threshold=180.0s, cooldown=300.0s, 1 tables, 7 customers tracked
INFO:modules.service_discipline_monitor:[camera_7] 📋 Table table_6: 7 customer(s) tracked
INFO:modules.service_discipline_monitor:[camera_7] ⏱️ Table table_6, customer 82: Order wait 562.7s (threshold: 300.0s, remaining: -262.7s)
INFO:modules.service_discipline_monitor:[camera_7] ⏱️ Table table_6, customer 209: Order wait 89.6s (threshold: 300.0s, remaining: 210.4s)
INFO:modules.dress_code_monitoring:📊 [camera_8] DressCode Frame 300: Total detections: 2
INFO:modules.dress_code_monitoring:   Counter ROI configured: False, Queue ROI configured: False
INFO:modules.dress_code_monitoring:   Allowed uniforms in counter: []
INFO:modules.dress_code_monitoring:   Detected classes: {'Hairnet': 2}
INFO:modules.dress_code_monitoring:   Detections by area: {'counter': 0, 'queue': 0, 'unknown': 0, 'everywhere': 2}
INFO:modules.dress_code_monitoring:   👔 Compliance items detected: ['Hairnet']
INFO:modules.smoking_detection:🔍 Smoke & Fire Detection Frame 300 - Detected: Table_unclean(0.66), Table_unclean(0.63), Hairnet(0.60), Table_unclean(0.57), Hairnet(0.50), Uniform_grey(0.48), Uniform_black(0.46)
INFO:modules.yolo_detector:🔍 YOLO Detection Debug (call #300):
INFO:modules.yolo_detector:   - Model: models/yolo11n.pt
INFO:modules.yolo_detector:   - Person class ID expected: 0
INFO:modules.yolo_detector:   - Confidence threshold: 0.25
INFO:modules.yolo_detector:   - All detections (conf>=0.25): 2
INFO:modules.yolo_detector:   - All classes found: [(0, 0.27197080850601196), (0, 0.2778620421886444)]
INFO:modules.yolo_detector:   - Person detections (class=0, conf>=0.25): 2
INFO:modules.yolo_detector:   - Sample person detection: bbox=[598, 23, 648, 132], conf=0.28, center=(623, 77)
INFO:modules.service_discipline_monitor:[camera_8] 📊 Tracking Status (Frame 300): 21 total tracks, 1 tables, 2 customers, 0 waiters, 2 person detections, 0 uniform detections
INFO:modules.service_discipline_monitor:[camera_8] 📊 Violation Check (Frame 300): order_threshold=300.0s, service_threshold=180.0s, cooldown=300.0s, 1 tables, 2 customers tracked
INFO:modules.service_discipline_monitor:[camera_8] 📋 Table table_7: 2 customer(s) tracked
ERROR:modules.service_discipline_monitor:ServiceDiscipline processing error: unsupported format string passed to NoneType.__format__
Traceback (most recent call last):
  File "/home/ubuntu/Niyaaz_biryani/niyaaz/modules/service_discipline_monitor.py", line 893, in process_frame
    self._check_violations(current_time, clean_frame)
  File "/home/ubuntu/Niyaaz_biryani/niyaaz/modules/service_discipline_monitor.py", line 1307, in _check_violations
    f"T_order_start={t_order:.1f if t_order else 'None'}, "
                    ^^^^^^^^^^^^^^^^^^^^^^^^^^^^^^^^^^^^
TypeError: unsupported format string passed to NoneType.__format__
INFO:modules.dress_code_monitoring:📊 [camera_10] DressCode Frame 300: Total detections: 8
INFO:modules.dress_code_monitoring:   Counter ROI configured: False, Queue ROI configured: False
INFO:modules.dress_code_monitoring:   Allowed uniforms in counter: []
INFO:modules.dress_code_monitoring:   Detected classes: {'Hairnet': 6, 'Apron': 2}
INFO:modules.dress_code_monitoring:   Detections by area: {'counter': 0, 'queue': 0, 'unknown': 0, 'everywhere': 8}
INFO:modules.dress_code_monitoring:   👔 Compliance items detected: ['Hairnet', 'Apron']
INFO:modules.ppe_monitoring:📊 PPE Frame 300: Total detections: 8
INFO:modules.ppe_monitoring:   Detected PPE classes: {'Apron', 'Hairnet'}
INFO:modules.ppe_monitoring:   All detected classes in frame: {'Apron', 'Hairnet'}
INFO:modules.smoking_detection:🔍 Smoke & Fire Detection Frame 300 - Detected: Hairnet(0.75), Hairnet(0.74), Hairnet(0.66), Hairnet(0.65), Hairnet(0.64), Apron(0.57), Hairnet(0.51), Apron(0.51), Hairnet(0.49)
INFO:modules.dress_code_monitoring:📊 [camera_12] DressCode Frame 300: Total detections: 1
INFO:modules.dress_code_monitoring:   Counter ROI configured: False, Queue ROI configured: False
INFO:modules.dress_code_monitoring:   Allowed uniforms in counter: []
INFO:modules.dress_code_monitoring:   Detected classes: {'Hairnet': 1}
INFO:modules.dress_code_monitoring:   Detections by area: {'counter': 0, 'queue': 0, 'unknown': 0, 'everywhere': 1}
INFO:modules.dress_code_monitoring:   👔 Compliance items detected: ['Hairnet']
INFO:modules.smoking_detection:🔍 Smoke & Fire Detection Frame 300 - Detected: Hairnet(0.79)
INFO:modules.yolo_detector:🔍 YOLO Detection Debug (call #150):
INFO:modules.yolo_detector:   - Model: models/yolo11n.pt
INFO:modules.yolo_detector:   - Person class ID expected: 0
INFO:modules.yolo_detector:   - Confidence threshold: 0.5
INFO:modules.yolo_detector:   - All detections (conf>=0.25): 0
WARNING:modules.yolo_detector:   - ⚠️ No detections found at all (conf>=0.25)!
INFO:modules.yolo_detector:   - Person detections (class=0, conf>=0.5): 0
WARNING:modules.yolo_detector:   - ⚠️ No detections found - model may not be detecting anything in this frame
INFO:modules.yolo_detector:🔍 YOLO Detection Debug (call #300):
INFO:modules.yolo_detector:   - Model: models/yolo11n.pt
INFO:modules.yolo_detector:   - Person class ID expected: 0
INFO:modules.yolo_detector:   - Confidence threshold: 0.25
INFO:modules.yolo_detector:   - All detections (conf>=0.25): 3
INFO:modules.yolo_detector:   - All classes found: [(0, 0.37307360768318176), (0, 0.4111878573894501), (0, 0.5303911566734314)]
INFO:modules.yolo_detector:   - Person detections (class=0, conf>=0.25): 3
INFO:modules.yolo_detector:   - Sample person detection: bbox=[632, 402, 768, 666], conf=0.53, center=(700, 534)
INFO:modules.service_discipline_monitor:[camera_23] 📊 Tracking Status (Frame 300): 8 total tracks, 1 tables, 1 customers, 0 waiters, 3 person detections, 0 uniform detections
INFO:modules.service_discipline_monitor:[camera_23] 📊 Violation Check (Frame 300): order_threshold=300.0s, service_threshold=180.0s, cooldown=300.0s, 1 tables, 1 customers tracked
INFO:modules.service_discipline_monitor:[camera_23] 📋 Table table_13: 1 customer(s) tracked
ERROR:modules.service_discipline_monitor:ServiceDiscipline processing error: unsupported format string passed to NoneType.__format__
Traceback (most recent call last):
  File "/home/ubuntu/Niyaaz_biryani/niyaaz/modules/service_discipline_monitor.py", line 893, in process_frame
    self._check_violations(current_time, clean_frame)
  File "/home/ubuntu/Niyaaz_biryani/niyaaz/modules/service_discipline_monitor.py", line 1307, in _check_violations
    f"T_order_start={t_order:.1f if t_order else 'None'}, "
                    ^^^^^^^^^^^^^^^^^^^^^^^^^^^^^^^^^^^^
TypeError: unsupported format string passed to NoneType.__format__
INFO:modules.queue_monitor:[camera_17] Frame 300 detections:
INFO:modules.queue_monitor:  total=0, queue=0, counter=0, outside=0
INFO:modules.queue_monitor:  Queue ROI configured: False
INFO:modules.queue_monitor:  Counter ROI configured: False
INFO:modules.queue_monitor:[camera_17] Queue tracking debug (Frame 300):
INFO:modules.queue_monitor:  Detections passed to tracking: 0
INFO:modules.queue_monitor:  Active tracks in queue area: 0
INFO:modules.queue_monitor:  Dwell time threshold: 5.0s
INFO:modules.queue_monitor:  Final count: 0
INFO:modules.queue_monitor:[camera_17] Frame 300 tracking results:
INFO:modules.queue_monitor:  Counter detections passed to tracking: 0
INFO:modules.queue_monitor:  Counter count after tracking: 0
INFO:modules.queue_monitor:  Dwell time threshold: 0.0
INFO:modules.queue_monitor:  Uniform fallback enabled: True
INFO:modules.queue_monitor:[camera_17] 📊 Queue Monitor Status (Frame 300):
INFO:modules.queue_monitor:  Queue count: 0, Counter count: 0
INFO:modules.queue_monitor:  Settings: queue_threshold=3, wait_threshold=120.0s
INFO:modules.queue_monitor:  Last alert: Never
INFO:modules.dress_code_monitoring:📊 [camera_17] DressCode Frame 300: Total detections: 0
INFO:modules.dress_code_monitoring:   Counter ROI configured: False, Queue ROI configured: False
INFO:modules.dress_code_monitoring:   Allowed uniforms in counter: []
INFO:modules.service_discipline_monitor:[camera_19] 🪑 T_seated: Customer track 39 at table table_11
INFO:modules.table_service_monitor:[camera_6] Table table_589_637: State changed to unclean (no person present, 5 consecutive detections, conf=0.858)
INFO:modules.material_theft_monitor:[camera_15] 👤 Person(s) detected near ROI: 1 person(s)
ERROR:__main__:Error reading legacy stores.json: Expecting value: line 1 column 1 (char 0)
INFO:werkzeug:127.0.0.1 - - [14/Mar/2026 15:17:16] "GET /api/get_stores HTTP/1.1" 200 -
INFO:werkzeug:127.0.0.1 - - [14/Mar/2026 15:17:16] "GET /api/get_module_analytics/QueueMonitor?store_id=store_1 HTTP/1.1" 200 -
INFO:werkzeug:127.0.0.1 - - [14/Mar/2026 15:17:16] "GET /api/get_module_analytics/DressCodeMonitoring?store_id=store_1 HTTP/1.1" 200 -
INFO:werkzeug:127.0.0.1 - - [14/Mar/2026 15:17:16] "GET /api/get_module_analytics/PPEMonitoring?store_id=store_1 HTTP/1.1" 200 -
INFO:werkzeug:127.0.0.1 - - [14/Mar/2026 15:17:16] "GET /api/get_module_analytics/CashDetection?store_id=store_1 HTTP/1.1" 200 -
INFO:werkzeug:127.0.0.1 - - [14/Mar/2026 15:17:16] "GET /api/get_module_analytics/TableServiceMonitor?store_id=store_1 HTTP/1.1" 200 -
INFO:__main__:📊 Service Discipline Analytics: Querying violations from last 7 days (since 2026-03-07 15:17:16.576410+05:30 IST)
INFO:__main__:📊 Service Discipline Analytics: Found 55 total violations in database (last 7 days)
INFO:__main__:📊 Service Discipline Analytics: 55 relevant violations after filtering (excluded types: {'unclean_table', 'wrong_uniform', 'slow_reset'})
INFO:__main__:📊 Wait times found: 55 total, 55 order, 0 service
INFO:werkzeug:127.0.0.1 - - [14/Mar/2026 15:17:16] "GET /api/get_module_analytics/ServiceDisciplineMonitor?store_id=store_1 HTTP/1.1" 200 -
INFO:werkzeug:127.0.0.1 - - [14/Mar/2026 15:17:16] "GET /api/get_module_analytics/UnauthorizedEntryMonitor?store_id=store_1 HTTP/1.1" 200 -
INFO:werkzeug:127.0.0.1 - - [14/Mar/2026 15:17:16] "GET /api/get_module_analytics/MaterialTheftMonitor?store_id=store_1 HTTP/1.1" 200 -
INFO:werkzeug:127.0.0.1 - - [14/Mar/2026 15:17:16] "GET /api/get_module_analytics/FallDetection?store_id=store_1 HTTP/1.1" 200 -
INFO:werkzeug:127.0.0.1 - - [14/Mar/2026 15:17:16] "GET /api/get_module_analytics/SmokingDetection?store_id=store_1 HTTP/1.1" 200 -
INFO:werkzeug:127.0.0.1 - - [14/Mar/2026 15:17:16] "GET /api/get_module_analytics/PersonSmokingDetection?store_id=store_1 HTTP/1.1" 200 -
INFO:werkzeug:127.0.0.1 - - [14/Mar/2026 15:17:16] "GET /api/get_module_analytics/CrowdDetection?store_id=store_1 HTTP/1.1" 200 -
INFO:werkzeug:127.0.0.1 - - [14/Mar/2026 15:17:16] "GET /api/get_module_analytics/IdleTimeMonitor?store_id=store_1 HTTP/1.1" 200 -
INFO:modules.table_service_monitor:[camera_6] Table table_592_636: State changed to unclean (no person present, 5 consecutive detections, conf=0.855)
INFO:modules.material_theft_monitor:[camera_15] 👤 Person(s) detected near ROI: 1 person(s)
INFO:modules.table_service_monitor:[camera_6] Table table_595_636: State changed to unclean (no person present, 5 consecutive detections, conf=0.860)
INFO:modules.material_theft_monitor:[camera_15] 👤 Person(s) detected near ROI: 1 person(s)
INFO:modules.dress_code_monitoring:[camera_27] Counter ROI not configured - detecting uniforms everywhere in frame
INFO:modules.dress_code_monitoring:📊 [camera_27] DressCode Frame 200: Total detections: 3
INFO:modules.dress_code_monitoring:   Counter ROI configured: False, Queue ROI configured: False
INFO:modules.dress_code_monitoring:   Allowed uniforms in counter: []
INFO:modules.dress_code_monitoring:   Detected classes: {'Hairnet': 3}
INFO:modules.dress_code_monitoring:   Detections by area: {'counter': 0, 'queue': 0, 'unknown': 0, 'everywhere': 3}
INFO:modules.dress_code_monitoring:   👔 Compliance items detected: ['Hairnet']
INFO:modules.smoking_detection:🔍 Smoke & Fire Detection Frame 200 - Detected: Hairnet(0.72), Hairnet(0.68), Hairnet(0.66), No_hairnet(0.52)
INFO:modules.service_discipline_monitor:[camera_19] 🪑 T_seated: Customer track 39 at table table_11
INFO:modules.service_discipline_monitor:[camera_19] 🪑 T_seated: Customer track 5 at table table_11
INFO:modules.table_service_monitor:[camera_6] Table table_589_636: State changed to unclean (no person present, 5 consecutive detections, conf=0.864)
INFO:modules.service_discipline_monitor:[camera_18] 🪑 T_seated: Customer track 87 at table table_8
INFO:modules.service_discipline_monitor:[camera_7] 🪑 T_seated: Customer track 236 at table table_6
INFO:modules.table_service_monitor:[camera_6] Table table_589_635: State changed to unclean (no person present, 5 consecutive detections, conf=0.864)
INFO:modules.cash_detection:💰 Cashdraw-open detected at 1773481674.6245008
WARNING:modules.table_service_monitor:[camera_6] Table table_589_636 unclean violation: Table has been unclean for 14.2s
INFO:modules.table_service_monitor:[camera_6] 🎬 Starting GIF recording for unclean table table_589_636
INFO:modules.gif_recorder:Started alert GIF recording for: Unclean table table_589_636 detected (unclean for 14.2s)
INFO:modules.table_service_monitor:Unclean table violation snapshot saved: static/table_service_violations/unclean_table_table_589_636_camera_6_20260314_151755.jpg
INFO:modules.table_service_monitor:[camera_6] 📸 Unclean table snapshot saved: static/table_service_violations/unclean_table_table_589_636_camera_6_20260314_151755.jpg
INFO:modules.database:Table cleanliness violation saved: type=unclean_table, table=table_589_636, channel=camera_6
INFO:modules.telegram_notifier:Sending Telegram alert with image: static/table_service_violations/unclean_table_table_589_636_camera_6_20260314_151755.jpg
INFO:modules.telegram_notifier:✅ Telegram photo sent successfully: unclean_table_table_589_636_camera_6_20260314_151755.jpg (363.4KB)
INFO:modules.table_service_monitor:[camera_6] ✅ Table cleanliness saved: unclean_table for table_589_636 (GIF recording in progress)
INFO:modules.gif_recorder:GIF saved: static/alerts/alert_20260314_151755.gif (32 frames, 200ms/frame)
INFO:modules.gif_recorder:Alert GIF created: static/alerts/alert_20260314_151755.gif (32 frames)
INFO:modules.table_service_monitor:[camera_6] 🎬 GIF recording completed!
INFO:modules.table_service_monitor:[camera_6] ✅ Updated violation 12 with GIF path: static/alerts/alert_20260314_151755.gif
INFO:modules.telegram_notifier:Sending Telegram alert with image: static/alerts/alert_20260314_151755.gif
INFO:modules.telegram_notifier:✅ Telegram document sent successfully: alert_20260314_151755.gif (3809.9KB)
INFO:modules.telegram_notifier:Sending Telegram alert with image: static/alerts/alert_20260314_151755.gif
INFO:modules.telegram_notifier:✅ Telegram document sent successfully: alert_20260314_151755.gif (3809.9KB)
INFO:modules.table_service_monitor:[camera_6] ✅ Telegram alert sent with GIF: alert_20260314_151755.gif
INFO:modules.table_service_monitor:[camera_6] ✅ Table service alert GIF saved to database: alert_20260314_151755.gif
INFO:modules.service_discipline_monitor:[camera_19] 🪑 T_seated: Customer track 5 at table table_11
INFO:modules.service_discipline_monitor:[camera_19] 🪑 T_seated: Customer track 39 at table table_11
INFO:modules.material_theft_monitor:[camera_15] MaterialTheft Frame 330: item_detected=False, prev_detected=False, persons_nearby=False, cooldown_remaining=40.7s
INFO:modules.yolo_detector:🔍 YOLO Detection Debug (call #330):
INFO:modules.yolo_detector:   - Model: models/yolo11n.pt
INFO:modules.yolo_detector:   - Person class ID expected: 0
INFO:modules.yolo_detector:   - Confidence threshold: 0.25
INFO:modules.yolo_detector:   - All detections (conf>=0.25): 4
INFO:modules.yolo_detector:   - All classes found: [(0, 0.3099478483200073), (0, 0.4310417175292969), (0, 0.5790657997131348), (0, 0.8296355605125427)]
INFO:modules.yolo_detector:   - Person detections (class=0, conf>=0.25): 4
INFO:modules.yolo_detector:   - Sample person detection: bbox=[784, 346, 956, 715], conf=0.83, center=(870, 530)
INFO:modules.yolo_detector:🔍 YOLO Detection Debug (call #330):
INFO:modules.yolo_detector:   - Model: models/yolo11n.pt
INFO:modules.yolo_detector:   - Person class ID expected: 0
INFO:modules.yolo_detector:   - Confidence threshold: 0.25
INFO:modules.yolo_detector:   - All detections (conf>=0.25): 0
WARNING:modules.yolo_detector:   - ⚠️ No detections found at all (conf>=0.25)!
INFO:modules.yolo_detector:   - Person detections (class=0, conf>=0.25): 0
WARNING:modules.yolo_detector:   - ⚠️ No detections found - model may not be detecting anything in this frame
INFO:modules.queue_monitor:[camera_1] Frame 330 detections:
INFO:modules.queue_monitor:  total=4, queue=0, counter=0, outside=4
INFO:modules.queue_monitor:  Queue ROI configured: False
INFO:modules.queue_monitor:  Counter ROI configured: False
INFO:modules.queue_monitor:  All detections classification:
INFO:modules.queue_monitor:    Det 1: bbox=[3, 173, 294, 641], center=(148, 407), area=none
INFO:modules.queue_monitor:    Det 2: bbox=[497, 82, 1052, 720], center=(774, 401), area=none
INFO:modules.queue_monitor:    Det 3: bbox=[147, 75, 340, 438], center=(243, 256), area=none
INFO:modules.queue_monitor:    Det 4: bbox=[989, 42, 1277, 620], center=(1133, 331), area=none
INFO:modules.queue_monitor:[camera_1] Queue tracking debug (Frame 330):
INFO:modules.queue_monitor:  Detections passed to tracking: 0
INFO:modules.queue_monitor:  Active tracks in queue area: 0
INFO:modules.queue_monitor:  Dwell time threshold: 5.0s
INFO:modules.queue_monitor:  Final count: 0
INFO:modules.queue_monitor:[camera_1] Frame 330 tracking results:
INFO:modules.queue_monitor:  Counter detections passed to tracking: 0
INFO:modules.queue_monitor:  Counter count after tracking: 0
INFO:modules.queue_monitor:  Dwell time threshold: 0.0
INFO:modules.queue_monitor:  Uniform fallback enabled: True
INFO:modules.queue_monitor:[camera_2] Frame 330 detections:
INFO:modules.queue_monitor:  total=4, queue=0, counter=0, outside=4
INFO:modules.queue_monitor:  Queue ROI configured: False
INFO:modules.queue_monitor:  Counter ROI configured: False
INFO:modules.queue_monitor:  All detections classification:
INFO:modules.queue_monitor:    Det 1: bbox=[71, 259, 361, 532], center=(216, 395), area=none
INFO:modules.queue_monitor:    Det 2: bbox=[768, 89, 885, 325], center=(826, 207), area=none
INFO:modules.queue_monitor:    Det 3: bbox=[186, 136, 283, 265], center=(234, 200), area=none
INFO:modules.queue_monitor:    Det 4: bbox=[586, 43, 662, 208], center=(624, 125), area=none
INFO:modules.queue_monitor:[camera_2] Queue tracking debug (Frame 330):
INFO:modules.queue_monitor:  Detections passed to tracking: 0
INFO:modules.queue_monitor:  Active tracks in queue area: 0
INFO:modules.queue_monitor:  Dwell time threshold: 5.0s
INFO:modules.queue_monitor:  Final count: 0
INFO:modules.queue_monitor:[camera_2] Frame 330 tracking results:
INFO:modules.queue_monitor:  Counter detections passed to tracking: 0
INFO:modules.queue_monitor:  Counter count after tracking: 0
INFO:modules.queue_monitor:  Dwell time threshold: 0.0
INFO:modules.queue_monitor:  Uniform fallback enabled: True
INFO:modules.yolo_detector:🔍 YOLO Detection Debug (call #330):
INFO:modules.yolo_detector:   - Model: models/yolo11n.pt
INFO:modules.yolo_detector:   - Person class ID expected: 0
INFO:modules.yolo_detector:   - Confidence threshold: 0.25
INFO:modules.yolo_detector:   - All detections (conf>=0.25): 6
INFO:modules.yolo_detector:   - All classes found: [(0, 0.27116402983665466), (0, 0.33767378330230713), (0, 0.5961761474609375), (0, 0.6348221898078918), (0, 0.7009543776512146), (0, 0.9535619020462036)]
INFO:modules.yolo_detector:   - Person detections (class=0, conf>=0.25): 6
INFO:modules.yolo_detector:   - Sample person detection: bbox=[222, 154, 559, 712], conf=0.95, center=(390, 433)
INFO:modules.yolo_detector:🔍 YOLO Detection Debug (call #330):
INFO:modules.yolo_detector:   - Model: models/yolo11n.pt
INFO:modules.yolo_detector:   - Person class ID expected: 0
INFO:modules.yolo_detector:   - Confidence threshold: 0.25
INFO:modules.yolo_detector:   - All detections (conf>=0.25): 6
INFO:modules.yolo_detector:   - All classes found: [(0, 0.2516728639602661), (0, 0.26981082558631897), (0, 0.3612775206565857), (0, 0.3993939161300659), (0, 0.4420069754123688), (0, 0.46187758445739746)]
INFO:modules.yolo_detector:   - Person detections (class=0, conf>=0.25): 6
INFO:modules.yolo_detector:   - Sample person detection: bbox=[654, 65, 709, 108], conf=0.46, center=(681, 86)
INFO:modules.yolo_detector:🔍 YOLO Detection Debug (call #330):
INFO:modules.yolo_detector:   - Model: models/yolo11n.pt
INFO:modules.yolo_detector:   - Person class ID expected: 0
INFO:modules.yolo_detector:   - Confidence threshold: 0.25
INFO:modules.yolo_detector:   - All detections (conf>=0.25): 4
INFO:modules.yolo_detector:   - All classes found: [(0, 0.4454716145992279), (0, 0.6924039125442505), (0, 0.8423160910606384), (0, 0.8586822748184204)]
INFO:modules.yolo_detector:   - Person detections (class=0, conf>=0.25): 4
INFO:modules.yolo_detector:   - Sample person detection: bbox=[841, 377, 1047, 715], conf=0.86, center=(944, 546)
INFO:modules.yolo_detector:🔍 YOLO Detection Debug (call #330):
INFO:modules.yolo_detector:   - Model: models/yolo11n.pt
INFO:modules.yolo_detector:   - Person class ID expected: 0
INFO:modules.yolo_detector:   - Confidence threshold: 0.25
INFO:modules.yolo_detector:   - All detections (conf>=0.25): 9
INFO:modules.yolo_detector:   - All classes found: [(0, 0.2753794193267822), (0, 0.2851172387599945), (0, 0.2928752899169922), (0, 0.2939695715904236), (0, 0.48084861040115356), (0, 0.5451696515083313), (0, 0.561603307723999), (0, 0.6781212687492371), (0, 0.8814312815666199)]
INFO:modules.yolo_detector:   - Person detections (class=0, conf>=0.25): 9
INFO:modules.yolo_detector:   - Sample person detection: bbox=[760, 326, 997, 548], conf=0.88, center=(878, 437)
INFO:modules.yolo_detector:🔍 YOLO Detection Debug (call #330):
INFO:modules.yolo_detector:   - Model: models/yolo11n.pt
INFO:modules.yolo_detector:   - Person class ID expected: 0
INFO:modules.yolo_detector:   - Confidence threshold: 0.25
INFO:modules.yolo_detector:   - All detections (conf>=0.25): 10
INFO:modules.yolo_detector:   - All classes found: [(0, 0.25467610359191895), (0, 0.26634934544563293), (0, 0.30558276176452637), (0, 0.37655460834503174), (0, 0.40597689151763916), (0, 0.5807995200157166), (0, 0.7319279313087463), (0, 0.7487154603004456), (0, 0.7506954073905945), (0, 0.8014913201332092)]
INFO:modules.yolo_detector:   - Person detections (class=0, conf>=0.25): 10
INFO:modules.yolo_detector:   - Sample person detection: bbox=[111, 481, 351, 694], conf=0.80, center=(231, 587)
ERROR:__main__:Error reading legacy stores.json: Expecting value: line 1 column 1 (char 0)
INFO:werkzeug:127.0.0.1 - - [14/Mar/2026 15:18:16] "GET /api/get_stores HTTP/1.1" 200 -
INFO:werkzeug:127.0.0.1 - - [14/Mar/2026 15:18:16] "GET /api/get_module_analytics/QueueMonitor?store_id=store_1 HTTP/1.1" 200 -
INFO:werkzeug:127.0.0.1 - - [14/Mar/2026 15:18:16] "GET /api/get_module_analytics/DressCodeMonitoring?store_id=store_1 HTTP/1.1" 200 -
INFO:werkzeug:127.0.0.1 - - [14/Mar/2026 15:18:16] "GET /api/get_module_analytics/PPEMonitoring?store_id=store_1 HTTP/1.1" 200 -
INFO:werkzeug:127.0.0.1 - - [14/Mar/2026 15:18:16] "GET /api/get_module_analytics/CashDetection?store_id=store_1 HTTP/1.1" 200 -
INFO:werkzeug:127.0.0.1 - - [14/Mar/2026 15:18:16] "GET /api/get_module_analytics/TableServiceMonitor?store_id=store_1 HTTP/1.1" 200 -
INFO:__main__:📊 Service Discipline Analytics: Querying violations from last 7 days (since 2026-03-07 15:18:16.575751+05:30 IST)
INFO:__main__:📊 Service Discipline Analytics: Found 55 total violations in database (last 7 days)
INFO:__main__:📊 Service Discipline Analytics: 55 relevant violations after filtering (excluded types: {'unclean_table', 'wrong_uniform', 'slow_reset'})
INFO:__main__:📊 Wait times found: 55 total, 55 order, 0 service
INFO:werkzeug:127.0.0.1 - - [14/Mar/2026 15:18:16] "GET /api/get_module_analytics/ServiceDisciplineMonitor?store_id=store_1 HTTP/1.1" 200 -
INFO:werkzeug:127.0.0.1 - - [14/Mar/2026 15:18:16] "GET /api/get_module_analytics/UnauthorizedEntryMonitor?store_id=store_1 HTTP/1.1" 200 -
INFO:werkzeug:127.0.0.1 - - [14/Mar/2026 15:18:16] "GET /api/get_module_analytics/MaterialTheftMonitor?store_id=store_1 HTTP/1.1" 200 -
INFO:werkzeug:127.0.0.1 - - [14/Mar/2026 15:18:16] "GET /api/get_module_analytics/FallDetection?store_id=store_1 HTTP/1.1" 200 -
INFO:werkzeug:127.0.0.1 - - [14/Mar/2026 15:18:16] "GET /api/get_module_analytics/SmokingDetection?store_id=store_1 HTTP/1.1" 200 -
INFO:werkzeug:127.0.0.1 - - [14/Mar/2026 15:18:16] "GET /api/get_module_analytics/PersonSmokingDetection?store_id=store_1 HTTP/1.1" 200 -
INFO:werkzeug:127.0.0.1 - - [14/Mar/2026 15:18:16] "GET /api/get_module_analytics/CrowdDetection?store_id=store_1 HTTP/1.1" 200 -
INFO:werkzeug:127.0.0.1 - - [14/Mar/2026 15:18:16] "GET /api/get_module_analytics/IdleTimeMonitor?store_id=store_1 HTTP/1.1" 200 -
INFO:werkzeug:127.0.0.1 - - [14/Mar/2026 15:18:16] "[33mGET /static/images/icons/queue.png HTTP/1.1[0m" 404 -
INFO:werkzeug:127.0.0.1 - - [14/Mar/2026 15:18:16] "[33mGET /static/images/icons/uniform.png HTTP/1.1[0m" 404 -
INFO:werkzeug:127.0.0.1 - - [14/Mar/2026 15:18:16] "[33mGET /static/images/icons/ppe.png HTTP/1.1[0m" 404 -
INFO:werkzeug:127.0.0.1 - - [14/Mar/2026 15:18:16] "[33mGET /static/images/icons/cash.png HTTP/1.1[0m" 404 -
INFO:werkzeug:127.0.0.1 - - [14/Mar/2026 15:18:16] "[33mGET /static/images/icons/clean.jpg HTTP/1.1[0m" 404 -
INFO:werkzeug:127.0.0.1 - - [14/Mar/2026 15:18:16] "[33mGET /static/images/icons/table_service.jpg HTTP/1.1[0m" 404 -
INFO:werkzeug:127.0.0.1 - - [14/Mar/2026 15:18:16] "[33mGET /static/images/icons/un.png HTTP/1.1[0m" 404 -
INFO:werkzeug:127.0.0.1 - - [14/Mar/2026 15:18:16] "[33mGET /static/images/icons/theft.jpg HTTP/1.1[0m" 404 -
INFO:werkzeug:127.0.0.1 - - [14/Mar/2026 15:18:16] "[33mGET /static/images/icons/fall.jpg HTTP/1.1[0m" 404 -
INFO:werkzeug:127.0.0.1 - - [14/Mar/2026 15:18:16] "[33mGET /static/images/icons/cig.jpg HTTP/1.1[0m" 404 -
INFO:werkzeug:127.0.0.1 - - [14/Mar/2026 15:18:16] "[33mGET /static/images/icons/smoking.jpg HTTP/1.1[0m" 404 -
INFO:werkzeug:127.0.0.1 - - [14/Mar/2026 15:18:16] "[33mGET /static/images/icons/crowd.jpg HTTP/1.1[0m" 404 -
INFO:werkzeug:127.0.0.1 - - [14/Mar/2026 15:18:16] "[33mGET /static/images/icons/ideal.png HTTP/1.1[0m" 404 -
INFO:modules.yolo_detector:🔍 YOLO Detection Debug (call #330):
INFO:modules.yolo_detector:   - Model: models/yolo11n.pt
INFO:modules.yolo_detector:   - Person class ID expected: 0
INFO:modules.yolo_detector:   - Confidence threshold: 0.25
INFO:modules.yolo_detector:   - All detections (conf>=0.25): 4
INFO:modules.yolo_detector:   - All classes found: [(0, 0.28086912631988525), (0, 0.35039642453193665), (0, 0.41545549035072327), (0, 0.6305697560310364)]
INFO:modules.yolo_detector:   - Person detections (class=0, conf>=0.25): 4
INFO:modules.yolo_detector:   - Sample person detection: bbox=[628, 409, 768, 674], conf=0.63, center=(698, 541)
INFO:modules.cash_detection:[camera_2] 💰🗄️ ALERT: Cashdraw-open detected! Starting GIF recording...
INFO:modules.gif_recorder:Started alert GIF recording for: ALERT: Cashdraw-open detected
INFO:modules.cash_detection:[camera_2] ✅ GIF recording started, _pending_alert_info set: message='ALERT: Cashdraw-open detected', timestamp='2026-03-14T15:18:17.587827'
INFO:modules.cash_detection:[camera_2] 📊 GIF recorder state: is_recording_alert=True
INFO:modules.database:Cash snapshot saved to database: ID 25
WARNING:modules.telegram_notifier:Could not resolve image path: static/cash_snapshots/cash_camera_2_20260314_151817.gif
WARNING:modules.telegram_notifier:Skipping Telegram alert - image file not found: static/cash_snapshots/cash_camera_2_20260314_151817.gif (resolved: None)
INFO:modules.cash_detection:[camera_2] Cash snapshot record created in database: ID 25 (GIF recording in progress)
INFO:modules.queue_monitor:[camera_17] Frame 330 detections:
INFO:modules.queue_monitor:  total=0, queue=0, counter=0, outside=0
INFO:modules.queue_monitor:  Queue ROI configured: False
INFO:modules.queue_monitor:  Counter ROI configured: False
INFO:modules.queue_monitor:[camera_17] Queue tracking debug (Frame 330):
INFO:modules.queue_monitor:  Detections passed to tracking: 0
INFO:modules.queue_monitor:  Active tracks in queue area: 0
INFO:modules.queue_monitor:  Dwell time threshold: 5.0s
INFO:modules.queue_monitor:  Final count: 0
INFO:modules.queue_monitor:[camera_17] Frame 330 tracking results:
INFO:modules.queue_monitor:  Counter detections passed to tracking: 0
INFO:modules.queue_monitor:  Counter count after tracking: 0
INFO:modules.queue_monitor:  Dwell time threshold: 0.0
INFO:modules.queue_monitor:  Uniform fallback enabled: True
INFO:modules.cash_detection:💰 Cashdraw-open detected at 1773481699.9297605
INFO:modules.gif_recorder:GIF saved: static/alerts/alert_20260314_151817.gif (33 frames, 200ms/frame)
INFO:modules.gif_recorder:Alert GIF created: static/alerts/alert_20260314_151817.gif (33 frames)
INFO:modules.cash_detection:[camera_2] 🎬 GIF recording completed! Previous state: True, Current state: False
INFO:modules.cash_detection:[camera_2] 📊 GIF recorder state check: was_recording=True, is_recording_now=False, _was_recording_alert=True
INFO:modules.cash_detection:[camera_2] ✅ Retrieved GIF info: path=static/alerts/alert_20260314_151817.gif, frames=33
INFO:modules.cash_detection:[camera_2] ✅ _pending_alert_info available: message='ALERT: Cashdraw-open detected'
INFO:modules.cash_detection:[camera_2] ✅ Updated cash snapshot 25 with GIF path: static/alerts/alert_20260314_151817.gif
INFO:modules.telegram_notifier:Sending Telegram alert with image: static/alerts/alert_20260314_151817.gif
INFO:modules.telegram_notifier:✅ Telegram document sent successfully: alert_20260314_151817.gif (3625.7KB)
INFO:modules.cash_detection:[camera_2] ✅ Cash alert GIF saved to database: alert_20260314_151817.gif (path: static/alerts/alert_20260314_151817.gif)
WARNING:modules.crowd_detection:Crowd threshold alert: Crowd detected: 6 people (threshold: 5)
INFO:modules.gif_recorder:Started alert GIF recording for: Crowd detected: 6 people (threshold: 5)
INFO:modules.table_service_monitor:[camera_6] Table table_601_638: State changed to unclean (no person present, 5 consecutive detections, conf=0.867)
INFO:modules.gif_recorder:GIF saved: static/alerts/alert_20260314_151828.gif (34 frames, 33ms/frame)
INFO:modules.gif_recorder:Alert GIF created: static/alerts/alert_20260314_151828.gif (34 frames)
INFO:modules.crowd_detection:Saved crowd alert GIF to database: static/alerts/alert_20260314_151828.gif
WARNING:modules.service_discipline_monitor:[camera_6] ⚠️ APPROACHING THRESHOLD: Table table_5, customer 77: Order wait 270.9s (threshold: 300.0s, remaining: 29.1s)
INFO:modules.table_service_monitor:[camera_6] Table table_596_634: State changed to unclean (no person present, 5 consecutive detections, conf=0.866)
WARNING:modules.service_discipline_monitor:[camera_6] ⚠️ APPROACHING THRESHOLD: Table table_5, customer 77: Order wait 273.3s (threshold: 300.0s, remaining: 26.7s)
WARNING:modules.service_discipline_monitor:[camera_6] ⚠️ APPROACHING THRESHOLD: Table table_5, customer 77: Order wait 275.7s (threshold: 300.0s, remaining: 24.3s)
WARNING:modules.service_discipline_monitor:[camera_6] ⚠️ APPROACHING THRESHOLD: Table table_5, customer 77: Order wait 278.1s (threshold: 300.0s, remaining: 21.9s)
WARNING:modules.service_discipline_monitor:[camera_6] ⚠️ APPROACHING THRESHOLD: Table table_5, customer 77: Order wait 280.4s (threshold: 300.0s, remaining: 19.6s)
WARNING:modules.service_discipline_monitor:[camera_6] ⚠️ APPROACHING THRESHOLD: Table table_5, customer 77: Order wait 282.7s (threshold: 300.0s, remaining: 17.3s)
INFO:modules.table_service_monitor:[camera_6] Table table_593_634: State changed to unclean (no person present, 5 consecutive detections, conf=0.851)
WARNING:modules.service_discipline_monitor:[camera_6] ⚠️ APPROACHING THRESHOLD: Table table_5, customer 77: Order wait 284.9s (threshold: 300.0s, remaining: 15.1s)
WARNING:modules.service_discipline_monitor:[camera_6] ⚠️ APPROACHING THRESHOLD: Table table_5, customer 77: Order wait 287.3s (threshold: 300.0s, remaining: 12.7s)
WARNING:modules.service_discipline_monitor:[camera_6] ⚠️ APPROACHING THRESHOLD: Table table_5, customer 77: Order wait 289.6s (threshold: 300.0s, remaining: 10.4s)
WARNING:modules.service_discipline_monitor:[camera_6] ⚠️ APPROACHING THRESHOLD: Table table_5, customer 77: Order wait 291.9s (threshold: 300.0s, remaining: 8.1s)
INFO:modules.service_discipline_monitor:[camera_18] 🪑 T_seated: Customer track 86 at table table_8
WARNING:modules.service_discipline_monitor:[camera_6] ⚠️ APPROACHING THRESHOLD: Table table_5, customer 77: Order wait 294.2s (threshold: 300.0s, remaining: 5.8s)
INFO:modules.service_discipline_monitor:[camera_19] 🪑 T_seated: Customer track 5 at table table_10
INFO:modules.service_discipline_monitor:[camera_19] 🪑 T_seated: Customer track 39 at table table_11
INFO:modules.cash_detection:💰 Cashdraw-open detected at 1773481747.57301
WARNING:modules.service_discipline_monitor:[camera_6] ⚠️ APPROACHING THRESHOLD: Table table_5, customer 77: Order wait 296.5s (threshold: 300.0s, remaining: 3.5s)
INFO:modules.dress_code_monitoring:📊 [camera_1] DressCode Frame 350: Total detections: 4
INFO:modules.dress_code_monitoring:   Counter ROI configured: False, Queue ROI configured: False
INFO:modules.dress_code_monitoring:   Allowed uniforms in counter: []
INFO:modules.dress_code_monitoring:   Detected classes: {'Uniform_grey': 2, 'Uniform_cream': 1, 'Hairnet': 1}
INFO:modules.dress_code_monitoring:   Detections by area: {'counter': 0, 'queue': 0, 'unknown': 0, 'everywhere': 4}
INFO:modules.dress_code_monitoring:   👔 Uniforms everywhere: ['Uniform_grey', 'Uniform_cream', 'Uniform_grey']
INFO:modules.dress_code_monitoring:   👔 Compliance items detected: ['Hairnet']
INFO:modules.dress_code_monitoring:[camera_1] Compliance check: Uniform=Uniform_grey, In counter=False
INFO:modules.dress_code_monitoring:   Is compliant: True, Violations: []
INFO:modules.dress_code_monitoring:   Allowed uniforms: []
INFO:modules.dress_code_monitoring:   Position key: Uniform_grey_800_400
INFO:modules.dress_code_monitoring:[camera_1] Compliance check: Uniform=Uniform_cream, In counter=False
INFO:modules.dress_code_monitoring:   Is compliant: True, Violations: []
INFO:modules.dress_code_monitoring:   Allowed uniforms: []
INFO:modules.dress_code_monitoring:   Position key: Uniform_cream_700_0
INFO:modules.dress_code_monitoring:[camera_1] Compliance check: Uniform=Uniform_grey, In counter=False
INFO:modules.dress_code_monitoring:   Is compliant: True, Violations: []
INFO:modules.dress_code_monitoring:   Allowed uniforms: []
INFO:modules.dress_code_monitoring:   Position key: Uniform_grey_100_400
INFO:modules.dress_code_monitoring:📊 [camera_2] DressCode Frame 350: Total detections: 0
INFO:modules.dress_code_monitoring:   Counter ROI configured: False, Queue ROI configured: False
INFO:modules.dress_code_monitoring:   Allowed uniforms in counter: []
INFO:modules.dress_code_monitoring:📊 [camera_4] DressCode Frame 350: Total detections: 2
INFO:modules.dress_code_monitoring:   Counter ROI configured: False, Queue ROI configured: False
INFO:modules.dress_code_monitoring:   Allowed uniforms in counter: []
INFO:modules.dress_code_monitoring:   Detected classes: {'Hairnet': 1, 'Uniform_grey': 1}
INFO:modules.dress_code_monitoring:   Detections by area: {'counter': 0, 'queue': 0, 'unknown': 0, 'everywhere': 2}
INFO:modules.dress_code_monitoring:   👔 Uniforms everywhere: ['Uniform_grey']
INFO:modules.dress_code_monitoring:   👔 Compliance items detected: ['Hairnet']
INFO:modules.dress_code_monitoring:[camera_4] Compliance check: Uniform=Uniform_grey, In counter=False
INFO:modules.dress_code_monitoring:   Is compliant: True, Violations: []
INFO:modules.dress_code_monitoring:   Allowed uniforms: []
INFO:modules.dress_code_monitoring:   Position key: Uniform_grey_500_100
INFO:modules.dress_code_monitoring:📊 [camera_5] DressCode Frame 350: Total detections: 0
INFO:modules.dress_code_monitoring:   Counter ROI configured: False, Queue ROI configured: False
INFO:modules.dress_code_monitoring:   Allowed uniforms in counter: []
INFO:modules.dress_code_monitoring:📊 [camera_6] DressCode Frame 350: Total detections: 0
INFO:modules.dress_code_monitoring:   Counter ROI configured: False, Queue ROI configured: False
INFO:modules.dress_code_monitoring:   Allowed uniforms in counter: []
WARNING:modules.service_discipline_monitor:[camera_6] ⚠️ APPROACHING THRESHOLD: Table table_5, customer 77: Order wait 299.0s (threshold: 300.0s, remaining: 1.0s)
INFO:modules.dress_code_monitoring:📊 [camera_7] DressCode Frame 350: Total detections: 4
INFO:modules.dress_code_monitoring:   Counter ROI configured: False, Queue ROI configured: False
INFO:modules.dress_code_monitoring:   Allowed uniforms in counter: []
INFO:modules.dress_code_monitoring:   Detected classes: {'Hairnet': 2, 'Uniform_grey': 2}
INFO:modules.dress_code_monitoring:   Detections by area: {'counter': 0, 'queue': 0, 'unknown': 0, 'everywhere': 4}
INFO:modules.dress_code_monitoring:   👔 Uniforms everywhere: ['Uniform_grey', 'Uniform_grey']
INFO:modules.dress_code_monitoring:   👔 Compliance items detected: ['Hairnet']
INFO:modules.dress_code_monitoring:[camera_7] Compliance check: Uniform=Uniform_grey, In counter=False
INFO:modules.dress_code_monitoring:   Is compliant: True, Violations: []
INFO:modules.dress_code_monitoring:   Allowed uniforms: []
INFO:modules.dress_code_monitoring:   Position key: Uniform_grey_100_100
INFO:modules.dress_code_monitoring:[camera_7] Compliance check: Uniform=Uniform_grey, In counter=False
INFO:modules.dress_code_monitoring:   Is compliant: True, Violations: []
INFO:modules.dress_code_monitoring:   Allowed uniforms: []
INFO:modules.dress_code_monitoring:   Position key: Uniform_grey_600_100
INFO:modules.dress_code_monitoring:📊 [camera_8] DressCode Frame 350: Total detections: 1
INFO:modules.dress_code_monitoring:   Counter ROI configured: False, Queue ROI configured: False
INFO:modules.dress_code_monitoring:   Allowed uniforms in counter: []
INFO:modules.dress_code_monitoring:   Detected classes: {'Hairnet': 1}
INFO:modules.dress_code_monitoring:   Detections by area: {'counter': 0, 'queue': 0, 'unknown': 0, 'everywhere': 1}
INFO:modules.dress_code_monitoring:   👔 Compliance items detected: ['Hairnet']
INFO:modules.dress_code_monitoring:📊 [camera_10] DressCode Frame 350: Total detections: 4
INFO:modules.dress_code_monitoring:   Counter ROI configured: False, Queue ROI configured: False
INFO:modules.dress_code_monitoring:   Allowed uniforms in counter: []
INFO:modules.dress_code_monitoring:   Detected classes: {'Hairnet': 4}
INFO:modules.dress_code_monitoring:   Detections by area: {'counter': 0, 'queue': 0, 'unknown': 0, 'everywhere': 4}
INFO:modules.dress_code_monitoring:   👔 Compliance items detected: ['Hairnet']
INFO:modules.dress_code_monitoring:📊 [camera_12] DressCode Frame 350: Total detections: 0
INFO:modules.dress_code_monitoring:   Counter ROI configured: False, Queue ROI configured: False
INFO:modules.dress_code_monitoring:   Allowed uniforms in counter: []
INFO:modules.dress_code_monitoring:📊 [camera_17] DressCode Frame 350: Total detections: 0
INFO:modules.dress_code_monitoring:   Counter ROI configured: False, Queue ROI configured: False
INFO:modules.dress_code_monitoring:   Allowed uniforms in counter: []
INFO:modules.smoking_detection:🔥 Smoke/Fire detected at 2026-03-14 15:19:14
WARNING:modules.smoking_detection:🔥 SMOKE/FIRE ALERT - Channel camera_17 at 15:19:16 - 1 detection(s)
INFO:modules.database:Smoking snapshot saved: smoke_fire_camera_17_20260314_151916.jpg
INFO:modules.telegram_notifier:Sending Telegram alert with image: static/smoking_snapshots/smoke_fire_camera_17_20260314_151916.jpg
ERROR:__main__:Error reading legacy stores.json: Expecting value: line 1 column 1 (char 0)
INFO:werkzeug:127.0.0.1 - - [14/Mar/2026 15:19:17] "GET /api/get_stores HTTP/1.1" 200 -
INFO:werkzeug:127.0.0.1 - - [14/Mar/2026 15:19:17] "GET /api/get_module_analytics/QueueMonitor?store_id=store_1 HTTP/1.1" 200 -
INFO:werkzeug:127.0.0.1 - - [14/Mar/2026 15:19:17] "GET /api/get_module_analytics/DressCodeMonitoring?store_id=store_1 HTTP/1.1" 200 -
INFO:werkzeug:127.0.0.1 - - [14/Mar/2026 15:19:17] "GET /api/get_module_analytics/PPEMonitoring?store_id=store_1 HTTP/1.1" 200 -
INFO:werkzeug:127.0.0.1 - - [14/Mar/2026 15:19:17] "GET /api/get_module_analytics/CashDetection?store_id=store_1 HTTP/1.1" 200 -
INFO:werkzeug:127.0.0.1 - - [14/Mar/2026 15:19:17] "GET /api/get_module_analytics/TableServiceMonitor?store_id=store_1 HTTP/1.1" 200 -
INFO:__main__:📊 Service Discipline Analytics: Querying violations from last 7 days (since 2026-03-07 15:19:17.362543+05:30 IST)
INFO:__main__:📊 Service Discipline Analytics: Found 55 total violations in database (last 7 days)
INFO:__main__:📊 Service Discipline Analytics: 55 relevant violations after filtering (excluded types: {'unclean_table', 'wrong_uniform', 'slow_reset'})
INFO:__main__:📊 Wait times found: 55 total, 55 order, 0 service
INFO:werkzeug:127.0.0.1 - - [14/Mar/2026 15:19:17] "GET /api/get_module_analytics/ServiceDisciplineMonitor?store_id=store_1 HTTP/1.1" 200 -
INFO:werkzeug:127.0.0.1 - - [14/Mar/2026 15:19:17] "GET /api/get_module_analytics/UnauthorizedEntryMonitor?store_id=store_1 HTTP/1.1" 200 -
INFO:werkzeug:127.0.0.1 - - [14/Mar/2026 15:19:17] "GET /api/get_module_analytics/MaterialTheftMonitor?store_id=store_1 HTTP/1.1" 200 -
INFO:werkzeug:127.0.0.1 - - [14/Mar/2026 15:19:17] "GET /api/get_module_analytics/FallDetection?store_id=store_1 HTTP/1.1" 200 -
INFO:werkzeug:127.0.0.1 - - [14/Mar/2026 15:19:17] "GET /api/get_module_analytics/SmokingDetection?store_id=store_1 HTTP/1.1" 200 -
INFO:werkzeug:127.0.0.1 - - [14/Mar/2026 15:19:17] "GET /api/get_module_analytics/PersonSmokingDetection?store_id=store_1 HTTP/1.1" 200 -
INFO:werkzeug:127.0.0.1 - - [14/Mar/2026 15:19:17] "GET /api/get_module_analytics/CrowdDetection?store_id=store_1 HTTP/1.1" 200 -
INFO:werkzeug:127.0.0.1 - - [14/Mar/2026 15:19:17] "GET /api/get_module_analytics/IdleTimeMonitor?store_id=store_1 HTTP/1.1" 200 -
INFO:werkzeug:127.0.0.1 - - [14/Mar/2026 15:19:17] "[33mGET /static/images/icons/queue.png HTTP/1.1[0m" 404 -
INFO:werkzeug:127.0.0.1 - - [14/Mar/2026 15:19:17] "[33mGET /static/images/icons/uniform.png HTTP/1.1[0m" 404 -
INFO:werkzeug:127.0.0.1 - - [14/Mar/2026 15:19:17] "[33mGET /static/images/icons/ppe.png HTTP/1.1[0m" 404 -
INFO:werkzeug:127.0.0.1 - - [14/Mar/2026 15:19:17] "[33mGET /static/images/icons/cash.png HTTP/1.1[0m" 404 -
INFO:werkzeug:127.0.0.1 - - [14/Mar/2026 15:19:17] "[33mGET /static/images/icons/clean.jpg HTTP/1.1[0m" 404 -
INFO:werkzeug:127.0.0.1 - - [14/Mar/2026 15:19:17] "[33mGET /static/images/icons/un.png HTTP/1.1[0m" 404 -
INFO:werkzeug:127.0.0.1 - - [14/Mar/2026 15:19:17] "[33mGET /static/images/icons/table_service.jpg HTTP/1.1[0m" 404 -
INFO:werkzeug:127.0.0.1 - - [14/Mar/2026 15:19:17] "[33mGET /static/images/icons/theft.jpg HTTP/1.1[0m" 404 -
INFO:werkzeug:127.0.0.1 - - [14/Mar/2026 15:19:17] "[33mGET /static/images/icons/fall.jpg HTTP/1.1[0m" 404 -
INFO:werkzeug:127.0.0.1 - - [14/Mar/2026 15:19:17] "[33mGET /static/images/icons/smoking.jpg HTTP/1.1[0m" 404 -
INFO:werkzeug:127.0.0.1 - - [14/Mar/2026 15:19:17] "[33mGET /static/images/icons/cig.jpg HTTP/1.1[0m" 404 -
INFO:werkzeug:127.0.0.1 - - [14/Mar/2026 15:19:17] "[33mGET /static/images/icons/crowd.jpg HTTP/1.1[0m" 404 -
INFO:werkzeug:127.0.0.1 - - [14/Mar/2026 15:19:17] "[33mGET /static/images/icons/ideal.png HTTP/1.1[0m" 404 -
INFO:modules.telegram_notifier:✅ Telegram photo sent successfully: smoke_fire_camera_17_20260314_151916.jpg (187.4KB)
INFO:modules.smoking_detection:✓ Smoke/Fire snapshot saved to database: smoke_fire_camera_17_20260314_151916.jpg
INFO:modules.smoking_detection:✓ Smoke/Fire alert sent via SocketIO for camera_17
INFO:modules.service_discipline_monitor:[camera_19] 🪑 T_seated: Customer track 41 at table table_11
INFO:modules.service_discipline_monitor:[camera_8] 🪑 T_seated: Customer track 154 at table table_7
INFO:modules.yolo_detector:🔍 YOLO Detection Debug (call #180):
INFO:modules.yolo_detector:   - Model: models/yolo11n.pt
INFO:modules.yolo_detector:   - Person class ID expected: 0
INFO:modules.yolo_detector:   - Confidence threshold: 0.5
INFO:modules.yolo_detector:   - All detections (conf>=0.25): 5
INFO:modules.yolo_detector:   - All classes found: [(0, 0.7143936157226562), (0, 0.83192378282547), (0, 0.8337679505348206), (0, 0.8739567399024963), (0, 0.8906672596931458)]
INFO:modules.yolo_detector:   - Person detections (class=0, conf>=0.5): 5
INFO:modules.yolo_detector:   - Sample person detection: bbox=[502, 82, 1051, 720], conf=0.89, center=(776, 401)
INFO:modules.yolo_detector:🔍 YOLO Detection Debug (call #180):
INFO:modules.yolo_detector:   - Model: models/yolo11n.pt
INFO:modules.yolo_detector:   - Person class ID expected: 0
INFO:modules.yolo_detector:   - Confidence threshold: 0.5
INFO:modules.yolo_detector:   - All detections (conf>=0.25): 3
INFO:modules.yolo_detector:   - All classes found: [(0, 0.28690531849861145), (0, 0.7352950572967529), (0, 0.8454909920692444)]
INFO:modules.yolo_detector:   - Person detections (class=0, conf>=0.5): 2
INFO:modules.yolo_detector:   - Sample person detection: bbox=[74, 218, 355, 528], conf=0.85, center=(214, 373)
INFO:modules.table_service_monitor:[camera_6] Table table_593_633: State changed to unclean (no person present, 5 consecutive detections, conf=0.864)
INFO:modules.yolo_detector:🔍 YOLO Detection Debug (call #90):
INFO:modules.yolo_detector:   - Model: models/yolo11n.pt
INFO:modules.yolo_detector:   - Person class ID expected: 0
INFO:modules.yolo_detector:   - Confidence threshold: 0.4
INFO:modules.yolo_detector:   - All detections (conf>=0.25): 1
INFO:modules.yolo_detector:   - All classes found: [(0, 0.4489332139492035)]
INFO:modules.yolo_detector:   - Person detections (class=0, conf>=0.4): 1
INFO:modules.yolo_detector:   - Sample person detection: bbox=[545, 105, 645, 298], conf=0.45, center=(595, 201)
INFO:modules.yolo_detector:🔍 YOLO Detection Debug (call #120):
INFO:modules.yolo_detector:   - Model: models/yolo11n.pt
INFO:modules.yolo_detector:   - Person class ID expected: 0
INFO:modules.yolo_detector:   - Confidence threshold: 0.25
INFO:modules.yolo_detector:   - All detections (conf>=0.25): 0
WARNING:modules.yolo_detector:   - ⚠️ No detections found at all (conf>=0.25)!
INFO:modules.yolo_detector:   - Person detections (class=0, conf>=0.25): 0
WARNING:modules.yolo_detector:   - ⚠️ No detections found - model may not be detecting anything in this frame
INFO:modules.material_theft_monitor:[camera_15] Person detection: Found 0 person(s) in frame
INFO:modules.material_theft_monitor:[camera_15] MaterialTheft Frame 360: item_detected=False, prev_detected=False, persons_nearby=False, cooldown_remaining=0.0s
INFO:modules.yolo_detector:🔍 YOLO Detection Debug (call #360):
INFO:modules.yolo_detector:   - Model: models/yolo11n.pt
INFO:modules.yolo_detector:   - Person class ID expected: 0
INFO:modules.yolo_detector:   - Confidence threshold: 0.25
INFO:modules.yolo_detector:   - All detections (conf>=0.25): 3
INFO:modules.yolo_detector:   - All classes found: [(0, 0.3518180847167969), (0, 0.5326209664344788), (0, 0.7386130094528198)]
INFO:modules.yolo_detector:   - Person detections (class=0, conf>=0.25): 3
INFO:modules.yolo_detector:   - Sample person detection: bbox=[521, 474, 649, 718], conf=0.74, center=(585, 596)
INFO:modules.yolo_detector:🔍 YOLO Detection Debug (call #360):
INFO:modules.yolo_detector:   - Model: models/yolo11n.pt
INFO:modules.yolo_detector:   - Person class ID expected: 0
INFO:modules.yolo_detector:   - Confidence threshold: 0.25
INFO:modules.yolo_detector:   - All detections (conf>=0.25): 1
INFO:modules.yolo_detector:   - All classes found: [(0, 0.7636873722076416)]
INFO:modules.yolo_detector:   - Person detections (class=0, conf>=0.25): 1
INFO:modules.yolo_detector:   - Sample person detection: bbox=[559, 303, 672, 687], conf=0.76, center=(615, 495)
INFO:modules.queue_monitor:[camera_1] Frame 360 detections:
INFO:modules.queue_monitor:  total=5, queue=0, counter=0, outside=5
INFO:modules.queue_monitor:  Queue ROI configured: False
INFO:modules.queue_monitor:  Counter ROI configured: False
INFO:modules.queue_monitor:  All detections classification:
INFO:modules.queue_monitor:    Det 1: bbox=[502, 82, 1051, 720], center=(776, 401), area=none
INFO:modules.queue_monitor:    Det 2: bbox=[3, 168, 291, 643], center=(147, 405), area=none
INFO:modules.queue_monitor:    Det 3: bbox=[976, 40, 1277, 647], center=(1126, 343), area=none
INFO:modules.queue_monitor:    Det 4: bbox=[152, 75, 340, 445], center=(246, 260), area=none
INFO:modules.queue_monitor:    Det 5: bbox=[612, 2, 808, 305], center=(710, 153), area=none
INFO:modules.queue_monitor:[camera_1] Queue tracking debug (Frame 360):
INFO:modules.queue_monitor:  Detections passed to tracking: 0
INFO:modules.queue_monitor:  Active tracks in queue area: 0
INFO:modules.queue_monitor:  Dwell time threshold: 5.0s
INFO:modules.queue_monitor:  Final count: 0
INFO:modules.queue_monitor:[camera_1] Frame 360 tracking results:
INFO:modules.queue_monitor:  Counter detections passed to tracking: 0
INFO:modules.queue_monitor:  Counter count after tracking: 0
INFO:modules.queue_monitor:  Dwell time threshold: 0.0
INFO:modules.queue_monitor:  Uniform fallback enabled: True
INFO:modules.queue_monitor:[camera_1] 📊 Queue Monitor Status (Frame 360):
INFO:modules.queue_monitor:  Queue count: 0, Counter count: 0
INFO:modules.queue_monitor:  Settings: queue_threshold=3, wait_threshold=120.0s
INFO:modules.queue_monitor:  Last alert: Never
INFO:modules.queue_monitor:[camera_2] Frame 360 detections:
INFO:modules.queue_monitor:  total=2, queue=0, counter=0, outside=2
INFO:modules.queue_monitor:  Queue ROI configured: False
INFO:modules.queue_monitor:  Counter ROI configured: False
INFO:modules.queue_monitor:  All detections classification:
INFO:modules.queue_monitor:    Det 1: bbox=[74, 218, 355, 528], center=(214, 373), area=none
INFO:modules.queue_monitor:    Det 2: bbox=[593, 57, 663, 205], center=(628, 131), area=none
INFO:modules.queue_monitor:[camera_2] Queue tracking debug (Frame 360):
INFO:modules.queue_monitor:  Detections passed to tracking: 0
INFO:modules.queue_monitor:  Active tracks in queue area: 0
INFO:modules.queue_monitor:  Dwell time threshold: 5.0s
INFO:modules.queue_monitor:  Final count: 0
INFO:modules.queue_monitor:[camera_2] Frame 360 tracking results:
INFO:modules.queue_monitor:  Counter detections passed to tracking: 0
INFO:modules.queue_monitor:  Counter count after tracking: 0
INFO:modules.queue_monitor:  Dwell time threshold: 0.0
INFO:modules.queue_monitor:  Uniform fallback enabled: True
INFO:modules.queue_monitor:[camera_2] 📊 Queue Monitor Status (Frame 360):
INFO:modules.queue_monitor:  Queue count: 0, Counter count: 0
INFO:modules.queue_monitor:  Settings: queue_threshold=3, wait_threshold=120.0s
INFO:modules.queue_monitor:  Last alert: Never
INFO:modules.yolo_detector:🔍 YOLO Detection Debug (call #360):
INFO:modules.yolo_detector:   - Model: models/yolo11n.pt
INFO:modules.yolo_detector:   - Person class ID expected: 0
INFO:modules.yolo_detector:   - Confidence threshold: 0.25
INFO:modules.yolo_detector:   - All detections (conf>=0.25): 2
INFO:modules.yolo_detector:   - All classes found: [(0, 0.6015758514404297), (0, 0.6018797159194946)]
INFO:modules.yolo_detector:   - Person detections (class=0, conf>=0.25): 2
INFO:modules.yolo_detector:   - Sample person detection: bbox=[500, 92, 560, 200], conf=0.60, center=(530, 146)
INFO:modules.yolo_detector:🔍 YOLO Detection Debug (call #360):
INFO:modules.yolo_detector:   - Model: models/yolo11n.pt
INFO:modules.yolo_detector:   - Person class ID expected: 0
INFO:modules.yolo_detector:   - Confidence threshold: 0.25
INFO:modules.yolo_detector:   - All detections (conf>=0.25): 0
WARNING:modules.yolo_detector:   - ⚠️ No detections found at all (conf>=0.25)!
INFO:modules.yolo_detector:   - Person detections (class=0, conf>=0.25): 0
WARNING:modules.yolo_detector:   - ⚠️ No detections found - model may not be detecting anything in this frame
INFO:modules.yolo_detector:🔍 YOLO Detection Debug (call #360):
INFO:modules.yolo_detector:   - Model: models/yolo11n.pt
INFO:modules.yolo_detector:   - Person class ID expected: 0
INFO:modules.yolo_detector:   - Confidence threshold: 0.25
INFO:modules.yolo_detector:   - All detections (conf>=0.25): 3
INFO:modules.yolo_detector:   - All classes found: [(0, 0.5437377095222473), (0, 0.591999351978302), (0, 0.8946036696434021)]
INFO:modules.yolo_detector:   - Person detections (class=0, conf>=0.25): 3
INFO:modules.yolo_detector:   - Sample person detection: bbox=[829, 420, 1026, 717], conf=0.89, center=(927, 568)
INFO:modules.yolo_detector:🔍 YOLO Detection Debug (call #360):
INFO:modules.yolo_detector:   - Model: models/yolo11n.pt
INFO:modules.yolo_detector:   - Person class ID expected: 0
INFO:modules.yolo_detector:   - Confidence threshold: 0.25
INFO:modules.yolo_detector:   - All detections (conf>=0.25): 10
INFO:modules.yolo_detector:   - All classes found: [(0, 0.2585856318473816), (0, 0.29234716296195984), (0, 0.3452061712741852), (0, 0.3598250150680542), (0, 0.39461562037467957), (0, 0.4057329297065735), (0, 0.41341251134872437), (0, 0.5135754346847534), (0, 0.5805953145027161), (0, 0.8739015460014343)]
INFO:modules.yolo_detector:   - Person detections (class=0, conf>=0.25): 10
INFO:modules.yolo_detector:   - Sample person detection: bbox=[761, 327, 997, 547], conf=0.87, center=(879, 437)
INFO:modules.yolo_detector:🔍 YOLO Detection Debug (call #360):
INFO:modules.yolo_detector:   - Model: models/yolo11n.pt
INFO:modules.yolo_detector:   - Person class ID expected: 0
INFO:modules.yolo_detector:   - Confidence threshold: 0.25
INFO:modules.yolo_detector:   - All detections (conf>=0.25): 0
WARNING:modules.yolo_detector:   - ⚠️ No detections found at all (conf>=0.25)!
INFO:modules.yolo_detector:   - Person detections (class=0, conf>=0.25): 0
WARNING:modules.yolo_detector:   - ⚠️ No detections found - model may not be detecting anything in this frame
INFO:modules.yolo_detector:🔍 YOLO Detection Debug (call #180):
INFO:modules.yolo_detector:   - Model: models/yolo11n.pt
INFO:modules.yolo_detector:   - Person class ID expected: 0
INFO:modules.yolo_detector:   - Confidence threshold: 0.5
INFO:modules.yolo_detector:   - All detections (conf>=0.25): 4
INFO:modules.yolo_detector:   - All classes found: [(0, 0.2876977324485779), (0, 0.3263143301010132), (0, 0.38953837752342224), (0, 0.696260392665863)]
INFO:modules.yolo_detector:   - Person detections (class=0, conf>=0.5): 1
INFO:modules.yolo_detector:   - Sample person detection: bbox=[723, 72, 819, 443], conf=0.70, center=(771, 257)
INFO:modules.yolo_detector:🔍 YOLO Detection Debug (call #360):
INFO:modules.yolo_detector:   - Model: models/yolo11n.pt
INFO:modules.yolo_detector:   - Person class ID expected: 0
INFO:modules.yolo_detector:   - Confidence threshold: 0.25
INFO:modules.yolo_detector:   - All detections (conf>=0.25): 1
INFO:modules.yolo_detector:   - All classes found: [(0, 0.27997294068336487)]
INFO:modules.yolo_detector:   - Person detections (class=0, conf>=0.25): 1
INFO:modules.yolo_detector:   - Sample person detection: bbox=[593, 150, 714, 386], conf=0.28, center=(653, 268)
INFO:modules.queue_monitor:[camera_17] Frame 360 detections:
INFO:modules.queue_monitor:  total=1, queue=0, counter=0, outside=1
INFO:modules.queue_monitor:  Queue ROI configured: False
INFO:modules.queue_monitor:  Counter ROI configured: False
INFO:modules.queue_monitor:  All detections classification:
INFO:modules.queue_monitor:    Det 1: bbox=[723, 72, 819, 443], center=(771, 257), area=none
INFO:modules.queue_monitor:[camera_17] Queue tracking debug (Frame 360):
INFO:modules.queue_monitor:  Detections passed to tracking: 0
INFO:modules.queue_monitor:  Active tracks in queue area: 0
INFO:modules.queue_monitor:  Dwell time threshold: 5.0s
INFO:modules.queue_monitor:  Final count: 0
INFO:modules.queue_monitor:[camera_17] Frame 360 tracking results:
INFO:modules.queue_monitor:  Counter detections passed to tracking: 0
INFO:modules.queue_monitor:  Counter count after tracking: 0
INFO:modules.queue_monitor:  Dwell time threshold: 0.0
INFO:modules.queue_monitor:  Uniform fallback enabled: True
INFO:modules.queue_monitor:[camera_17] 📊 Queue Monitor Status (Frame 360):
INFO:modules.queue_monitor:  Queue count: 0, Counter count: 0
INFO:modules.queue_monitor:  Settings: queue_threshold=3, wait_threshold=120.0s
INFO:modules.queue_monitor:  Last alert: Never
INFO:modules.service_discipline_monitor:[camera_19] 🪑 T_seated: Customer track 1 at table table_11
INFO:modules.cash_detection:💰 Cashdraw-open detected at 1773481781.723772
INFO:modules.dress_code_monitoring:📊 [camera_27] DressCode Frame 250: Total detections: 4
INFO:modules.dress_code_monitoring:   Counter ROI configured: False, Queue ROI configured: False
INFO:modules.dress_code_monitoring:   Allowed uniforms in counter: []
INFO:modules.dress_code_monitoring:   Detected classes: {'Hairnet': 3, 'Uniform_grey': 1}
INFO:modules.dress_code_monitoring:   Detections by area: {'counter': 0, 'queue': 0, 'unknown': 0, 'everywhere': 4}
INFO:modules.dress_code_monitoring:   👔 Uniforms everywhere: ['Uniform_grey']
INFO:modules.dress_code_monitoring:   👔 Compliance items detected: ['Hairnet']
INFO:modules.dress_code_monitoring:[camera_27] Compliance check: Uniform=Uniform_grey, In counter=False
INFO:modules.dress_code_monitoring:   Is compliant: True, Violations: []
INFO:modules.dress_code_monitoring:   Allowed uniforms: []
INFO:modules.dress_code_monitoring:   Position key: Uniform_grey_400_100
WARNING:modules.crowd_detection:Crowd threshold alert: Crowd detected: 6 people (threshold: 5)
INFO:modules.gif_recorder:Started alert GIF recording for: Crowd detected: 6 people (threshold: 5)
INFO:modules.cash_detection:💰 Cashdraw-open detected at 1773481790.9085355
INFO:modules.gif_recorder:GIF saved: static/alerts/alert_20260314_151949.gif (34 frames, 33ms/frame)
INFO:modules.gif_recorder:Alert GIF created: static/alerts/alert_20260314_151949.gif (34 frames)
INFO:modules.crowd_detection:Saved crowd alert GIF to database: static/alerts/alert_20260314_151949.gif
INFO:modules.table_service_monitor:[camera_6] Table table_589_636: State changed to unclean (no person present, 5 consecutive detections, conf=0.867)
WARNING:modules.service_discipline_monitor:[camera_7] ⚠️ APPROACHING THRESHOLD: Table table_6, customer 209: Order wait 272.8s (threshold: 300.0s, remaining: 27.2s)
WARNING:modules.service_discipline_monitor:[camera_7] ⚠️ APPROACHING THRESHOLD: Table table_6, customer 209: Order wait 275.2s (threshold: 300.0s, remaining: 24.8s)
WARNING:modules.service_discipline_monitor:[camera_7] ⚠️ APPROACHING THRESHOLD: Table table_6, customer 209: Order wait 277.6s (threshold: 300.0s, remaining: 22.4s)
WARNING:modules.service_discipline_monitor:[camera_4] ⚠️ APPROACHING THRESHOLD: Table table_3, customer 57: Order wait 270.7s (threshold: 300.0s, remaining: 29.3s)
WARNING:modules.service_discipline_monitor:[camera_4] ⚠️ APPROACHING THRESHOLD: Table table_3, customer 107: Order wait 270.7s (threshold: 300.0s, remaining: 29.3s)
WARNING:modules.service_discipline_monitor:[camera_7] ⚠️ APPROACHING THRESHOLD: Table table_6, customer 209: Order wait 279.9s (threshold: 300.0s, remaining: 20.1s)
WARNING:modules.service_discipline_monitor:[camera_4] ⚠️ APPROACHING THRESHOLD: Table table_3, customer 57: Order wait 273.0s (threshold: 300.0s, remaining: 27.0s)
WARNING:modules.service_discipline_monitor:[camera_4] ⚠️ APPROACHING THRESHOLD: Table table_3, customer 107: Order wait 273.0s (threshold: 300.0s, remaining: 27.0s)
WARNING:modules.service_discipline_monitor:[camera_7] ⚠️ APPROACHING THRESHOLD: Table table_6, customer 209: Order wait 282.2s (threshold: 300.0s, remaining: 17.8s)
WARNING:modules.service_discipline_monitor:[camera_4] ⚠️ APPROACHING THRESHOLD: Table table_3, customer 57: Order wait 275.3s (threshold: 300.0s, remaining: 24.7s)
WARNING:modules.service_discipline_monitor:[camera_4] ⚠️ APPROACHING THRESHOLD: Table table_3, customer 107: Order wait 275.3s (threshold: 300.0s, remaining: 24.7s)
WARNING:modules.service_discipline_monitor:[camera_7] ⚠️ APPROACHING THRESHOLD: Table table_6, customer 209: Order wait 284.6s (threshold: 300.0s, remaining: 15.4s)
WARNING:modules.service_discipline_monitor:[camera_4] ⚠️ APPROACHING THRESHOLD: Table table_3, customer 57: Order wait 277.7s (threshold: 300.0s, remaining: 22.3s)
WARNING:modules.service_discipline_monitor:[camera_4] ⚠️ APPROACHING THRESHOLD: Table table_3, customer 107: Order wait 277.7s (threshold: 300.0s, remaining: 22.3s)
WARNING:modules.service_discipline_monitor:[camera_7] ⚠️ APPROACHING THRESHOLD: Table table_6, customer 209: Order wait 287.0s (threshold: 300.0s, remaining: 13.0s)
INFO:modules.cash_detection:💰 Cashdraw-open detected at 1773481815.3802981
WARNING:modules.service_discipline_monitor:[camera_4] ⚠️ APPROACHING THRESHOLD: Table table_3, customer 57: Order wait 280.2s (threshold: 300.0s, remaining: 19.8s)
WARNING:modules.service_discipline_monitor:[camera_4] ⚠️ APPROACHING THRESHOLD: Table table_3, customer 107: Order wait 280.2s (threshold: 300.0s, remaining: 19.8s)
WARNING:modules.service_discipline_monitor:[camera_7] ⚠️ APPROACHING THRESHOLD: Table table_6, customer 209: Order wait 289.4s (threshold: 300.0s, remaining: 10.6s)
WARNING:modules.service_discipline_monitor:[camera_4] ⚠️ APPROACHING THRESHOLD: Table table_3, customer 57: Order wait 282.5s (threshold: 300.0s, remaining: 17.5s)
WARNING:modules.service_discipline_monitor:[camera_4] ⚠️ APPROACHING THRESHOLD: Table table_3, customer 107: Order wait 282.5s (threshold: 300.0s, remaining: 17.5s)
ERROR:__main__:Error reading legacy stores.json: Expecting value: line 1 column 1 (char 0)
INFO:werkzeug:127.0.0.1 - - [14/Mar/2026 15:20:18] "GET /api/get_stores HTTP/1.1" 200 -
INFO:werkzeug:127.0.0.1 - - [14/Mar/2026 15:20:18] "GET /api/get_module_analytics/QueueMonitor?store_id=store_1 HTTP/1.1" 200 -
INFO:werkzeug:127.0.0.1 - - [14/Mar/2026 15:20:18] "GET /api/get_module_analytics/DressCodeMonitoring?store_id=store_1 HTTP/1.1" 200 -
INFO:werkzeug:127.0.0.1 - - [14/Mar/2026 15:20:18] "GET /api/get_module_analytics/PPEMonitoring?store_id=store_1 HTTP/1.1" 200 -
INFO:werkzeug:127.0.0.1 - - [14/Mar/2026 15:20:18] "GET /api/get_module_analytics/CashDetection?store_id=store_1 HTTP/1.1" 200 -
INFO:werkzeug:127.0.0.1 - - [14/Mar/2026 15:20:18] "GET /api/get_module_analytics/TableServiceMonitor?store_id=store_1 HTTP/1.1" 200 -
INFO:__main__:📊 Service Discipline Analytics: Querying violations from last 7 days (since 2026-03-07 15:20:18.107009+05:30 IST)
INFO:__main__:📊 Service Discipline Analytics: Found 55 total violations in database (last 7 days)
INFO:__main__:📊 Service Discipline Analytics: 55 relevant violations after filtering (excluded types: {'unclean_table', 'wrong_uniform', 'slow_reset'})
INFO:__main__:📊 Wait times found: 55 total, 55 order, 0 service
INFO:werkzeug:127.0.0.1 - - [14/Mar/2026 15:20:18] "GET /api/get_module_analytics/ServiceDisciplineMonitor?store_id=store_1 HTTP/1.1" 200 -
INFO:werkzeug:127.0.0.1 - - [14/Mar/2026 15:20:18] "GET /api/get_module_analytics/UnauthorizedEntryMonitor?store_id=store_1 HTTP/1.1" 200 -
INFO:werkzeug:127.0.0.1 - - [14/Mar/2026 15:20:18] "GET /api/get_module_analytics/MaterialTheftMonitor?store_id=store_1 HTTP/1.1" 200 -
INFO:werkzeug:127.0.0.1 - - [14/Mar/2026 15:20:18] "GET /api/get_module_analytics/FallDetection?store_id=store_1 HTTP/1.1" 200 -
INFO:werkzeug:127.0.0.1 - - [14/Mar/2026 15:20:18] "GET /api/get_module_analytics/SmokingDetection?store_id=store_1 HTTP/1.1" 200 -
INFO:werkzeug:127.0.0.1 - - [14/Mar/2026 15:20:18] "GET /api/get_module_analytics/PersonSmokingDetection?store_id=store_1 HTTP/1.1" 200 -
INFO:werkzeug:127.0.0.1 - - [14/Mar/2026 15:20:18] "GET /api/get_module_analytics/CrowdDetection?store_id=store_1 HTTP/1.1" 200 -
INFO:werkzeug:127.0.0.1 - - [14/Mar/2026 15:20:18] "GET /api/get_module_analytics/IdleTimeMonitor?store_id=store_1 HTTP/1.1" 200 -
INFO:werkzeug:127.0.0.1 - - [14/Mar/2026 15:20:18] "[33mGET /static/images/icons/queue.png HTTP/1.1[0m" 404 -
INFO:werkzeug:127.0.0.1 - - [14/Mar/2026 15:20:18] "[33mGET /static/images/icons/uniform.png HTTP/1.1[0m" 404 -
INFO:werkzeug:127.0.0.1 - - [14/Mar/2026 15:20:18] "[33mGET /static/images/icons/ppe.png HTTP/1.1[0m" 404 -
INFO:werkzeug:127.0.0.1 - - [14/Mar/2026 15:20:18] "[33mGET /static/images/icons/cash.png HTTP/1.1[0m" 404 -
INFO:werkzeug:127.0.0.1 - - [14/Mar/2026 15:20:18] "[33mGET /static/images/icons/clean.jpg HTTP/1.1[0m" 404 -
INFO:werkzeug:127.0.0.1 - - [14/Mar/2026 15:20:18] "[33mGET /static/images/icons/table_service.jpg HTTP/1.1[0m" 404 -
INFO:werkzeug:127.0.0.1 - - [14/Mar/2026 15:20:18] "[33mGET /static/images/icons/un.png HTTP/1.1[0m" 404 -
INFO:werkzeug:127.0.0.1 - - [14/Mar/2026 15:20:18] "[33mGET /static/images/icons/theft.jpg HTTP/1.1[0m" 404 -
INFO:werkzeug:127.0.0.1 - - [14/Mar/2026 15:20:18] "[33mGET /static/images/icons/fall.jpg HTTP/1.1[0m" 404 -
INFO:werkzeug:127.0.0.1 - - [14/Mar/2026 15:20:18] "[33mGET /static/images/icons/cig.jpg HTTP/1.1[0m" 404 -
INFO:werkzeug:127.0.0.1 - - [14/Mar/2026 15:20:18] "[33mGET /static/images/icons/smoking.jpg HTTP/1.1[0m" 404 -
INFO:werkzeug:127.0.0.1 - - [14/Mar/2026 15:20:18] "[33mGET /static/images/icons/crowd.jpg HTTP/1.1[0m" 404 -
INFO:werkzeug:127.0.0.1 - - [14/Mar/2026 15:20:18] "[33mGET /static/images/icons/ideal.png HTTP/1.1[0m" 404 -
WARNING:modules.service_discipline_monitor:[camera_7] ⚠️ APPROACHING THRESHOLD: Table table_6, customer 209: Order wait 291.7s (threshold: 300.0s, remaining: 8.3s)
WARNING:modules.service_discipline_monitor:[camera_4] ⚠️ APPROACHING THRESHOLD: Table table_3, customer 57: Order wait 284.8s (threshold: 300.0s, remaining: 15.2s)
WARNING:modules.service_discipline_monitor:[camera_4] ⚠️ APPROACHING THRESHOLD: Table table_3, customer 107: Order wait 284.8s (threshold: 300.0s, remaining: 15.2s)
WARNING:modules.service_discipline_monitor:[camera_7] ⚠️ APPROACHING THRESHOLD: Table table_6, customer 209: Order wait 294.0s (threshold: 300.0s, remaining: 6.0s)
WARNING:modules.service_discipline_monitor:[camera_4] ⚠️ APPROACHING THRESHOLD: Table table_3, customer 57: Order wait 287.1s (threshold: 300.0s, remaining: 12.9s)
WARNING:modules.service_discipline_monitor:[camera_4] ⚠️ APPROACHING THRESHOLD: Table table_3, customer 107: Order wait 287.1s (threshold: 300.0s, remaining: 12.9s)
INFO:modules.table_service_monitor:[camera_6] Table table_589_635: State changed to unclean (no person present, 5 consecutive detections, conf=0.864)
WARNING:modules.service_discipline_monitor:[camera_7] ⚠️ APPROACHING THRESHOLD: Table table_6, customer 209: Order wait 296.3s (threshold: 300.0s, remaining: 3.7s)
WARNING:modules.service_discipline_monitor:[camera_4] ⚠️ APPROACHING THRESHOLD: Table table_3, customer 57: Order wait 289.5s (threshold: 300.0s, remaining: 10.5s)
WARNING:modules.service_discipline_monitor:[camera_4] ⚠️ APPROACHING THRESHOLD: Table table_3, customer 107: Order wait 289.5s (threshold: 300.0s, remaining: 10.5s)
WARNING:modules.table_service_monitor:[camera_6] Table table_589_635 unclean violation: Table has been unclean for 2.4s
INFO:modules.table_service_monitor:[camera_6] 🎬 Starting GIF recording for unclean table table_589_635
INFO:modules.gif_recorder:Started alert GIF recording for: Unclean table table_589_635 detected (unclean for 2.4s)
INFO:modules.table_service_monitor:Unclean table violation snapshot saved: static/table_service_violations/unclean_table_table_589_635_camera_6_20260314_152025.jpg
INFO:modules.table_service_monitor:[camera_6] 📸 Unclean table snapshot saved: static/table_service_violations/unclean_table_table_589_635_camera_6_20260314_152025.jpg
INFO:modules.database:Table cleanliness violation saved: type=unclean_table, table=table_589_635, channel=camera_6
INFO:modules.telegram_notifier:Sending Telegram alert with image: static/table_service_violations/unclean_table_table_589_635_camera_6_20260314_152025.jpg
INFO:modules.telegram_notifier:✅ Telegram photo sent successfully: unclean_table_table_589_635_camera_6_20260314_152025.jpg (363.9KB)
INFO:modules.table_service_monitor:[camera_6] ✅ Table cleanliness saved: unclean_table for table_589_635 (GIF recording in progress)
INFO:modules.service_discipline_monitor:[camera_19] 🪑 T_seated: Customer track 1 at table table_11
WARNING:modules.service_discipline_monitor:[camera_4] ⚠️ APPROACHING THRESHOLD: Table table_3, customer 57: Order wait 293.9s (threshold: 300.0s, remaining: 6.1s)
WARNING:modules.service_discipline_monitor:[camera_4] ⚠️ APPROACHING THRESHOLD: Table table_3, customer 107: Order wait 293.9s (threshold: 300.0s, remaining: 6.1s)
INFO:modules.gif_recorder:GIF saved: static/alerts/alert_20260314_152025.gif (32 frames, 200ms/frame)
INFO:modules.gif_recorder:Alert GIF created: static/alerts/alert_20260314_152025.gif (32 frames)
INFO:modules.table_service_monitor:[camera_6] 🎬 GIF recording completed!
INFO:modules.table_service_monitor:[camera_6] ✅ Updated violation 13 with GIF path: static/alerts/alert_20260314_152025.gif
INFO:modules.telegram_notifier:Sending Telegram alert with image: static/alerts/alert_20260314_152025.gif
INFO:modules.telegram_notifier:✅ Telegram document sent successfully: alert_20260314_152025.gif (3956.8KB)
INFO:modules.telegram_notifier:Sending Telegram alert with image: static/alerts/alert_20260314_152025.gif
INFO:modules.telegram_notifier:✅ Telegram document sent successfully: alert_20260314_152025.gif (3956.8KB)
INFO:modules.table_service_monitor:[camera_6] ✅ Telegram alert sent with GIF: alert_20260314_152025.gif
INFO:modules.table_service_monitor:[camera_6] ✅ Table service alert GIF saved to database: alert_20260314_152025.gif
WARNING:modules.service_discipline_monitor:[camera_4] ⚠️ Order wait violation: Table table_3, customer 57 waiting 307.0s (threshold: 300.0s)
INFO:modules.service_discipline_monitor:[camera_4] 🔔 Triggering alert: order_wait=307.0s, threshold=300.0s, cooldown=300.0s, time_since_last_alert=596.1s
INFO:modules.service_discipline_monitor:[camera_4] 📊 Violation details: T_seated=1773481535.381026, T_order_start=None, order_wait=307.0s
INFO:modules.service_discipline_monitor:[camera_4] 📸 Starting GIF recording: frame shape=(720, 1280, 3), table=table_3, violation=order_wait
INFO:modules.service_discipline_monitor:[camera_4] 🎬 Starting GIF recording for table table_3, violation=order_wait
INFO:modules.gif_recorder:Started alert GIF recording for: Unknown alert
INFO:modules.service_discipline_monitor:Service discipline snapshot saved: static/service_discipline/service_table_table_3_camera_4_20260314_152042.jpg
INFO:modules.service_discipline_monitor:[camera_4] 📸 Service discipline snapshot saved: static/service_discipline/service_table_table_3_camera_4_20260314_152042.jpg
INFO:modules.service_discipline_monitor:[camera_4] 📊 Calculated wait times for violation: order_wait_time=307.04621601104736, service_wait_time=None, violation_type=order_wait
INFO:modules.service_discipline_monitor:[camera_4] 💾 Saving violation to database: Table table_3, order_wait = 307.0s
INFO:modules.database:📊 Extracted wait times from alert_data: order_wait_time=307.04621601104736, service_wait_time=None
INFO:modules.database:✅ Table service violation saved: ID=56, Table table_3 in channel camera_4, waiting time: 307.0s, order wait: 307.0s, service wait: N/A, snapshot_path=static/service_discipline/service_table_table_3_camera_4_20260314_152042.jpg
INFO:modules.database:✅ Resolved snapshot path (direct): static/service_discipline/service_table_table_3_camera_4_20260314_152042.jpg -> /home/ubuntu/Niyaaz_biryani/niyaaz/static/service_discipline/service_table_table_3_camera_4_20260314_152042.jpg
INFO:modules.telegram_notifier:Sending Telegram alert with image: /home/ubuntu/Niyaaz_biryani/niyaaz/static/service_discipline/service_table_table_3_camera_4_20260314_152042.jpg
INFO:modules.telegram_notifier:✅ Telegram photo sent successfully: service_table_table_3_camera_4_20260314_152042.jpg (335.1KB)
INFO:modules.service_discipline_monitor:[camera_4] ✅ Violation saved to table_service_violations: ID=56, order_wait=307.04621601104736, service_wait=None (GIF recording in progress)
INFO:modules.service_discipline_monitor:[camera_4] ✅ Alert logged to general alerts table: Service discipline violation: Table table_3 order_wait = 307.0s (threshold: 300.0s)
WARNING:modules.service_discipline_monitor:[camera_4] ⚠️ Order wait violation: Table table_3, customer 107 waiting 307.0s (threshold: 300.0s)
INFO:modules.service_discipline_monitor:[camera_4] 🔔 Triggering alert: order_wait=307.0s, threshold=300.0s, cooldown=300.0s, time_since_last_alert=596.1s
INFO:modules.service_discipline_monitor:[camera_4] 📊 Violation details: T_seated=1773481535.381026, T_order_start=None, order_wait=307.0s
INFO:modules.service_discipline_monitor:[camera_4] 📸 Starting GIF recording: frame shape=(720, 1280, 3), table=table_3, violation=order_wait
INFO:modules.service_discipline_monitor:[camera_4] 🎬 Starting GIF recording for table table_3, violation=order_wait
WARNING:modules.service_discipline_monitor:[camera_4] ⚠️ GIF recording already in progress - skipping GIF for this violation
INFO:modules.service_discipline_monitor:Service discipline snapshot saved: static/service_discipline/service_table_table_3_camera_4_20260314_152042.jpg
INFO:modules.service_discipline_monitor:[camera_4] 📸 Service discipline snapshot saved: static/service_discipline/service_table_table_3_camera_4_20260314_152042.jpg
INFO:modules.service_discipline_monitor:[camera_4] 📊 Calculated wait times for violation: order_wait_time=307.04621601104736, service_wait_time=None, violation_type=order_wait
INFO:modules.service_discipline_monitor:[camera_4] 💾 Saving violation to database: Table table_3, order_wait = 307.0s
INFO:modules.database:📊 Extracted wait times from alert_data: order_wait_time=307.04621601104736, service_wait_time=None
INFO:modules.database:✅ Table service violation saved: ID=57, Table table_3 in channel camera_4, waiting time: 307.0s, order wait: 307.0s, service wait: N/A, snapshot_path=static/service_discipline/service_table_table_3_camera_4_20260314_152042.jpg
INFO:modules.database:✅ Resolved snapshot path (direct): static/service_discipline/service_table_table_3_camera_4_20260314_152042.jpg -> /home/ubuntu/Niyaaz_biryani/niyaaz/static/service_discipline/service_table_table_3_camera_4_20260314_152042.jpg
INFO:modules.telegram_notifier:Sending Telegram alert with image: /home/ubuntu/Niyaaz_biryani/niyaaz/static/service_discipline/service_table_table_3_camera_4_20260314_152042.jpg
INFO:modules.telegram_notifier:✅ Telegram photo sent successfully: service_table_table_3_camera_4_20260314_152042.jpg (335.1KB)
INFO:modules.service_discipline_monitor:[camera_4] ✅ Violation saved to table_service_violations: ID=57, order_wait=307.04621601104736, service_wait=None (GIF recording skipped)
INFO:modules.service_discipline_monitor:[camera_4] ✅ Alert logged to general alerts table: Service discipline violation: Table table_3 order_wait = 307.0s (threshold: 300.0s)
INFO:modules.gif_recorder:GIF saved: static/alerts/alert_20260314_152042.gif (32 frames, 200ms/frame)
INFO:modules.gif_recorder:Alert GIF created: static/alerts/alert_20260314_152042.gif (32 frames)
INFO:modules.service_discipline_monitor:[camera_4] 🎬 GIF recording completed!
INFO:modules.service_discipline_monitor:[camera_4] ✅ Updated violation 56 with GIF path: static/alerts/alert_20260314_152042.gif
INFO:modules.telegram_notifier:Sending Telegram alert with image: static/alerts/alert_20260314_152042.gif
WARNING:modules.telegram_notifier:Telegram API error: 429 - {"ok":false,"error_code":429,"description":"Too Many Requests: retry after 14","parameters":{"retry_after":14}}
INFO:modules.telegram_notifier:Sending Telegram alert with image: static/alerts/alert_20260314_152042.gif
WARNING:modules.telegram_notifier:Telegram API error: 429 - {"ok":false,"error_code":429,"description":"Too Many Requests: retry after 11","parameters":{"retry_after":11}}
INFO:modules.service_discipline_monitor:[camera_4] ✅ Telegram alert sent with GIF: alert_20260314_152042.gif
INFO:modules.service_discipline_monitor:[camera_4] ✅ Service discipline alert GIF saved to database: alert_20260314_152042.gif
INFO:modules.service_discipline_monitor:[camera_4] 🪑 T_seated: Customer track 158 at table table_3
WARNING:modules.service_discipline_monitor:[camera_6] ⚠️ Order wait violation: Table table_5, customer 1 waiting 1216.8s (threshold: 300.0s)
INFO:modules.service_discipline_monitor:[camera_6] 🔔 Triggering alert: order_wait=1216.8s, threshold=300.0s, cooldown=300.0s, time_since_last_alert=300.4s
INFO:modules.service_discipline_monitor:[camera_6] 📊 Violation details: T_seated=1773480642.09588, T_order_start=None, order_wait=1216.8s
INFO:modules.service_discipline_monitor:[camera_6] 📸 Starting GIF recording: frame shape=(720, 1280, 3), table=table_5, violation=order_wait
INFO:modules.service_discipline_monitor:[camera_6] 🎬 Starting GIF recording for table table_5, violation=order_wait
INFO:modules.gif_recorder:Started alert GIF recording for: Unknown alert
INFO:modules.service_discipline_monitor:Service discipline snapshot saved: static/service_discipline/service_table_table_5_camera_6_20260314_152058.jpg
INFO:modules.service_discipline_monitor:[camera_6] 📸 Service discipline snapshot saved: static/service_discipline/service_table_table_5_camera_6_20260314_152058.jpg
INFO:modules.service_discipline_monitor:[camera_6] 📊 Calculated wait times for violation: order_wait_time=1216.7839810848236, service_wait_time=None, violation_type=order_wait
INFO:modules.service_discipline_monitor:[camera_6] 💾 Saving violation to database: Table table_5, order_wait = 1216.8s
INFO:modules.database:📊 Extracted wait times from alert_data: order_wait_time=1216.7839810848236, service_wait_time=None
INFO:modules.database:✅ Table service violation saved: ID=58, Table table_5 in channel camera_6, waiting time: 1216.8s, order wait: 1216.8s, service wait: N/A, snapshot_path=static/service_discipline/service_table_table_5_camera_6_20260314_152058.jpg
INFO:modules.database:✅ Resolved snapshot path (direct): static/service_discipline/service_table_table_5_camera_6_20260314_152058.jpg -> /home/ubuntu/Niyaaz_biryani/niyaaz/static/service_discipline/service_table_table_5_camera_6_20260314_152058.jpg
INFO:modules.telegram_notifier:Sending Telegram alert with image: /home/ubuntu/Niyaaz_biryani/niyaaz/static/service_discipline/service_table_table_5_camera_6_20260314_152058.jpg
INFO:modules.telegram_notifier:✅ Telegram photo sent successfully: service_table_table_5_camera_6_20260314_152058.jpg (362.5KB)
INFO:modules.service_discipline_monitor:[camera_6] ✅ Violation saved to table_service_violations: ID=58, order_wait=1216.7839810848236, service_wait=None (GIF recording in progress)
INFO:modules.service_discipline_monitor:[camera_6] ✅ Alert logged to general alerts table: Service discipline violation: Table table_5 order_wait = 1216.8s (threshold: 300.0s)
WARNING:modules.service_discipline_monitor:[camera_6] ⚠️ Order wait violation: Table table_5, customer 77 waiting 407.3s (threshold: 300.0s)
INFO:modules.service_discipline_monitor:[camera_6] 🔔 Triggering alert: order_wait=407.3s, threshold=300.0s, cooldown=300.0s, time_since_last_alert=300.4s
INFO:modules.service_discipline_monitor:[camera_6] 📊 Violation details: T_seated=1773481451.538137, T_order_start=None, order_wait=407.3s
INFO:modules.service_discipline_monitor:[camera_6] 📸 Starting GIF recording: frame shape=(720, 1280, 3), table=table_5, violation=order_wait
INFO:modules.service_discipline_monitor:[camera_6] 🎬 Starting GIF recording for table table_5, violation=order_wait
WARNING:modules.service_discipline_monitor:[camera_6] ⚠️ GIF recording already in progress - skipping GIF for this violation
INFO:modules.service_discipline_monitor:Service discipline snapshot saved: static/service_discipline/service_table_table_5_camera_6_20260314_152058.jpg
INFO:modules.service_discipline_monitor:[camera_6] 📸 Service discipline snapshot saved: static/service_discipline/service_table_table_5_camera_6_20260314_152058.jpg
INFO:modules.service_discipline_monitor:[camera_6] 📊 Calculated wait times for violation: order_wait_time=407.3417241573334, service_wait_time=None, violation_type=order_wait
INFO:modules.service_discipline_monitor:[camera_6] 💾 Saving violation to database: Table table_5, order_wait = 407.3s
INFO:modules.database:📊 Extracted wait times from alert_data: order_wait_time=407.3417241573334, service_wait_time=None
INFO:modules.database:✅ Table service violation saved: ID=59, Table table_5 in channel camera_6, waiting time: 407.3s, order wait: 407.3s, service wait: N/A, snapshot_path=static/service_discipline/service_table_table_5_camera_6_20260314_152058.jpg
INFO:modules.database:✅ Resolved snapshot path (direct): static/service_discipline/service_table_table_5_camera_6_20260314_152058.jpg -> /home/ubuntu/Niyaaz_biryani/niyaaz/static/service_discipline/service_table_table_5_camera_6_20260314_152058.jpg
INFO:modules.telegram_notifier:Sending Telegram alert with image: /home/ubuntu/Niyaaz_biryani/niyaaz/static/service_discipline/service_table_table_5_camera_6_20260314_152058.jpg
INFO:modules.telegram_notifier:✅ Telegram photo sent successfully: service_table_table_5_camera_6_20260314_152058.jpg (362.1KB)
INFO:modules.service_discipline_monitor:[camera_6] ✅ Violation saved to table_service_violations: ID=59, order_wait=407.3417241573334, service_wait=None (GIF recording skipped)
INFO:modules.service_discipline_monitor:[camera_6] ✅ Alert logged to general alerts table: Service discipline violation: Table table_5 order_wait = 407.3s (threshold: 300.0s)
WARNING:modules.service_discipline_monitor:[camera_7] ⚠️ Order wait violation: Table table_6, customer 209 waiting 334.9s (threshold: 300.0s)
INFO:modules.service_discipline_monitor:[camera_7] 🔔 Triggering alert: order_wait=334.9s, threshold=300.0s, cooldown=300.0s, time_since_last_alert=301.4s
INFO:modules.service_discipline_monitor:[camera_7] 📊 Violation details: T_seated=1773481526.645409, T_order_start=None, order_wait=334.9s
INFO:modules.service_discipline_monitor:[camera_7] 📸 Starting GIF recording: frame shape=(720, 1280, 3), table=table_6, violation=order_wait
INFO:modules.service_discipline_monitor:[camera_7] 🎬 Starting GIF recording for table table_6, violation=order_wait
INFO:modules.gif_recorder:Started alert GIF recording for: Unknown alert
INFO:modules.service_discipline_monitor:Service discipline snapshot saved: static/service_discipline/service_table_table_6_camera_7_20260314_152101.jpg
INFO:modules.service_discipline_monitor:[camera_7] 📸 Service discipline snapshot saved: static/service_discipline/service_table_table_6_camera_7_20260314_152101.jpg
INFO:modules.service_discipline_monitor:[camera_7] 📊 Calculated wait times for violation: order_wait_time=334.9422559738159, service_wait_time=None, violation_type=order_wait
INFO:modules.service_discipline_monitor:[camera_7] 💾 Saving violation to database: Table table_6, order_wait = 334.9s
INFO:modules.database:📊 Extracted wait times from alert_data: order_wait_time=334.9422559738159, service_wait_time=None
INFO:modules.database:✅ Table service violation saved: ID=60, Table table_6 in channel camera_7, waiting time: 334.9s, order wait: 334.9s, service wait: N/A, snapshot_path=static/service_discipline/service_table_table_6_camera_7_20260314_152101.jpg
INFO:modules.database:✅ Resolved snapshot path (direct): static/service_discipline/service_table_table_6_camera_7_20260314_152101.jpg -> /home/ubuntu/Niyaaz_biryani/niyaaz/static/service_discipline/service_table_table_6_camera_7_20260314_152101.jpg
INFO:modules.telegram_notifier:Sending Telegram alert with image: /home/ubuntu/Niyaaz_biryani/niyaaz/static/service_discipline/service_table_table_6_camera_7_20260314_152101.jpg
INFO:modules.telegram_notifier:✅ Telegram photo sent successfully: service_table_table_6_camera_7_20260314_152101.jpg (369.1KB)
INFO:modules.service_discipline_monitor:[camera_7] ✅ Violation saved to table_service_violations: ID=60, order_wait=334.9422559738159, service_wait=None (GIF recording in progress)
INFO:modules.service_discipline_monitor:[camera_7] ✅ Alert logged to general alerts table: Service discipline violation: Table table_6 order_wait = 334.9s (threshold: 300.0s)
WARNING:modules.service_discipline_monitor:[camera_8] ⚠️ APPROACHING THRESHOLD: Table table_7, customer 1: Order wait 274.6s (threshold: 300.0s, remaining: 25.4s)
WARNING:modules.service_discipline_monitor:[camera_8] ⚠️ APPROACHING THRESHOLD: Table table_7, customer 69: Order wait 274.6s (threshold: 300.0s, remaining: 25.4s)
INFO:modules.gif_recorder:GIF saved: static/alerts/alert_20260314_152058.gif (32 frames, 200ms/frame)
INFO:modules.gif_recorder:Alert GIF created: static/alerts/alert_20260314_152058.gif (32 frames)
INFO:modules.service_discipline_monitor:[camera_6] 🎬 GIF recording completed!
INFO:modules.service_discipline_monitor:[camera_6] ✅ Updated violation 58 with GIF path: static/alerts/alert_20260314_152058.gif
INFO:modules.telegram_notifier:Sending Telegram alert with image: static/alerts/alert_20260314_152058.gif
INFO:modules.telegram_notifier:✅ Telegram document sent successfully: alert_20260314_152058.gif (3970.3KB)
INFO:modules.telegram_notifier:Sending Telegram alert with image: static/alerts/alert_20260314_152058.gif
INFO:modules.telegram_notifier:✅ Telegram document sent successfully: alert_20260314_152058.gif (3970.3KB)
INFO:modules.service_discipline_monitor:[camera_6] ✅ Telegram alert sent with GIF: alert_20260314_152058.gif
INFO:modules.service_discipline_monitor:[camera_6] ✅ Service discipline alert GIF saved to database: alert_20260314_152058.gif
INFO:modules.gif_recorder:GIF saved: static/alerts/alert_20260314_152101.gif (32 frames, 200ms/frame)
INFO:modules.gif_recorder:Alert GIF created: static/alerts/alert_20260314_152101.gif (32 frames)
INFO:modules.service_discipline_monitor:[camera_7] 🎬 GIF recording completed!
INFO:modules.service_discipline_monitor:[camera_7] ✅ Updated violation 60 with GIF path: static/alerts/alert_20260314_152101.gif
INFO:modules.telegram_notifier:Sending Telegram alert with image: static/alerts/alert_20260314_152101.gif
ERROR:__main__:Error reading legacy stores.json: Expecting value: line 1 column 1 (char 0)
INFO:werkzeug:127.0.0.1 - - [14/Mar/2026 15:21:18] "GET /api/get_stores HTTP/1.1" 200 -
INFO:werkzeug:127.0.0.1 - - [14/Mar/2026 15:21:18] "GET /api/get_module_analytics/QueueMonitor?store_id=store_1 HTTP/1.1" 200 -
INFO:werkzeug:127.0.0.1 - - [14/Mar/2026 15:21:18] "GET /api/get_module_analytics/DressCodeMonitoring?store_id=store_1 HTTP/1.1" 200 -
INFO:werkzeug:127.0.0.1 - - [14/Mar/2026 15:21:18] "GET /api/get_module_analytics/PPEMonitoring?store_id=store_1 HTTP/1.1" 200 -
INFO:werkzeug:127.0.0.1 - - [14/Mar/2026 15:21:18] "GET /api/get_module_analytics/CashDetection?store_id=store_1 HTTP/1.1" 200 -
INFO:werkzeug:127.0.0.1 - - [14/Mar/2026 15:21:18] "GET /api/get_module_analytics/TableServiceMonitor?store_id=store_1 HTTP/1.1" 200 -
INFO:__main__:📊 Service Discipline Analytics: Querying violations from last 7 days (since 2026-03-07 15:21:18.141826+05:30 IST)
INFO:__main__:📊 Service Discipline Analytics: Found 60 total violations in database (last 7 days)
INFO:__main__:📊 Service Discipline Analytics: 60 relevant violations after filtering (excluded types: {'unclean_table', 'wrong_uniform', 'slow_reset'})
INFO:__main__:📊 Wait times found: 60 total, 60 order, 0 service
INFO:werkzeug:127.0.0.1 - - [14/Mar/2026 15:21:18] "GET /api/get_module_analytics/ServiceDisciplineMonitor?store_id=store_1 HTTP/1.1" 200 -
INFO:werkzeug:127.0.0.1 - - [14/Mar/2026 15:21:18] "GET /api/get_module_analytics/UnauthorizedEntryMonitor?store_id=store_1 HTTP/1.1" 200 -
INFO:werkzeug:127.0.0.1 - - [14/Mar/2026 15:21:18] "GET /api/get_module_analytics/MaterialTheftMonitor?store_id=store_1 HTTP/1.1" 200 -
INFO:werkzeug:127.0.0.1 - - [14/Mar/2026 15:21:18] "GET /api/get_module_analytics/FallDetection?store_id=store_1 HTTP/1.1" 200 -
INFO:werkzeug:127.0.0.1 - - [14/Mar/2026 15:21:18] "GET /api/get_module_analytics/SmokingDetection?store_id=store_1 HTTP/1.1" 200 -
INFO:werkzeug:127.0.0.1 - - [14/Mar/2026 15:21:18] "GET /api/get_module_analytics/PersonSmokingDetection?store_id=store_1 HTTP/1.1" 200 -
INFO:werkzeug:127.0.0.1 - - [14/Mar/2026 15:21:18] "GET /api/get_module_analytics/CrowdDetection?store_id=store_1 HTTP/1.1" 200 -
INFO:werkzeug:127.0.0.1 - - [14/Mar/2026 15:21:18] "GET /api/get_module_analytics/IdleTimeMonitor?store_id=store_1 HTTP/1.1" 200 -
INFO:werkzeug:127.0.0.1 - - [14/Mar/2026 15:21:18] "[33mGET /static/images/icons/queue.png HTTP/1.1[0m" 404 -
INFO:werkzeug:127.0.0.1 - - [14/Mar/2026 15:21:18] "[33mGET /static/images/icons/uniform.png HTTP/1.1[0m" 404 -
INFO:werkzeug:127.0.0.1 - - [14/Mar/2026 15:21:18] "[33mGET /static/images/icons/ppe.png HTTP/1.1[0m" 404 -
INFO:werkzeug:127.0.0.1 - - [14/Mar/2026 15:21:18] "[33mGET /static/images/icons/cash.png HTTP/1.1[0m" 404 -
INFO:werkzeug:127.0.0.1 - - [14/Mar/2026 15:21:18] "[33mGET /static/images/icons/clean.jpg HTTP/1.1[0m" 404 -
INFO:werkzeug:127.0.0.1 - - [14/Mar/2026 15:21:18] "[33mGET /static/images/icons/table_service.jpg HTTP/1.1[0m" 404 -
INFO:werkzeug:127.0.0.1 - - [14/Mar/2026 15:21:18] "[33mGET /static/images/icons/un.png HTTP/1.1[0m" 404 -
INFO:werkzeug:127.0.0.1 - - [14/Mar/2026 15:21:18] "[33mGET /static/images/icons/theft.jpg HTTP/1.1[0m" 404 -
INFO:werkzeug:127.0.0.1 - - [14/Mar/2026 15:21:18] "[33mGET /static/images/icons/fall.jpg HTTP/1.1[0m" 404 -
INFO:werkzeug:127.0.0.1 - - [14/Mar/2026 15:21:18] "[33mGET /static/images/icons/smoking.jpg HTTP/1.1[0m" 404 -
INFO:werkzeug:127.0.0.1 - - [14/Mar/2026 15:21:18] "[33mGET /static/images/icons/cig.jpg HTTP/1.1[0m" 404 -
INFO:werkzeug:127.0.0.1 - - [14/Mar/2026 15:21:18] "[33mGET /static/images/icons/crowd.jpg HTTP/1.1[0m" 404 -
INFO:werkzeug:127.0.0.1 - - [14/Mar/2026 15:21:18] "[33mGET /static/images/icons/ideal.png HTTP/1.1[0m" 404 -
INFO:modules.telegram_notifier:✅ Telegram document sent successfully: alert_20260314_152101.gif (3879.1KB)
INFO:modules.telegram_notifier:Sending Telegram alert with image: static/alerts/alert_20260314_152101.gif
INFO:modules.telegram_notifier:✅ Telegram document sent successfully: alert_20260314_152101.gif (3879.1KB)
INFO:modules.service_discipline_monitor:[camera_7] ✅ Telegram alert sent with GIF: alert_20260314_152101.gif
INFO:modules.service_discipline_monitor:[camera_7] ✅ Service discipline alert GIF saved to database: alert_20260314_152101.gif
WARNING:modules.service_discipline_monitor:[camera_8] ⚠️ APPROACHING THRESHOLD: Table table_7, customer 1: Order wait 295.3s (threshold: 300.0s, remaining: 4.7s)
WARNING:modules.service_discipline_monitor:[camera_8] ⚠️ APPROACHING THRESHOLD: Table table_7, customer 69: Order wait 295.3s (threshold: 300.0s, remaining: 4.7s)
WARNING:modules.service_discipline_monitor:[camera_8] ⚠️ APPROACHING THRESHOLD: Table table_7, customer 1: Order wait 297.6s (threshold: 300.0s, remaining: 2.4s)
WARNING:modules.service_discipline_monitor:[camera_8] ⚠️ APPROACHING THRESHOLD: Table table_7, customer 69: Order wait 297.6s (threshold: 300.0s, remaining: 2.4s)
WARNING:modules.service_discipline_monitor:[camera_8] ⚠️ APPROACHING THRESHOLD: Table table_7, customer 1: Order wait 299.8s (threshold: 300.0s, remaining: 0.2s)
WARNING:modules.service_discipline_monitor:[camera_8] ⚠️ APPROACHING THRESHOLD: Table table_7, customer 69: Order wait 299.8s (threshold: 300.0s, remaining: 0.2s)
WARNING:modules.service_discipline_monitor:[camera_8] ⚠️ Order wait violation: Table table_7, customer 1 waiting 302.1s (threshold: 300.0s)
INFO:modules.service_discipline_monitor:[camera_8] 🔔 Triggering alert: order_wait=302.1s, threshold=300.0s, cooldown=300.0s, time_since_last_alert=629.6s
INFO:modules.service_discipline_monitor:[camera_8] 📊 Violation details: T_seated=1773481588.265849, T_order_start=None, order_wait=302.1s
INFO:modules.service_discipline_monitor:[camera_8] 📸 Starting GIF recording: frame shape=(720, 1280, 3), table=table_7, violation=order_wait
INFO:modules.service_discipline_monitor:[camera_8] 🎬 Starting GIF recording for table table_7, violation=order_wait
INFO:modules.gif_recorder:Started alert GIF recording for: Unknown alert
INFO:modules.service_discipline_monitor:Service discipline snapshot saved: static/service_discipline/service_table_table_7_camera_8_20260314_152130.jpg
INFO:modules.service_discipline_monitor:[camera_8] 📸 Service discipline snapshot saved: static/service_discipline/service_table_table_7_camera_8_20260314_152130.jpg
INFO:modules.service_discipline_monitor:[camera_8] 📊 Calculated wait times for violation: order_wait_time=302.09915494918823, service_wait_time=None, violation_type=order_wait
INFO:modules.service_discipline_monitor:[camera_8] 💾 Saving violation to database: Table table_7, order_wait = 302.1s
INFO:modules.database:📊 Extracted wait times from alert_data: order_wait_time=302.09915494918823, service_wait_time=None
INFO:modules.database:✅ Table service violation saved: ID=61, Table table_7 in channel camera_8, waiting time: 302.1s, order wait: 302.1s, service wait: N/A, snapshot_path=static/service_discipline/service_table_table_7_camera_8_20260314_152130.jpg
INFO:modules.database:✅ Resolved snapshot path (direct): static/service_discipline/service_table_table_7_camera_8_20260314_152130.jpg -> /home/ubuntu/Niyaaz_biryani/niyaaz/static/service_discipline/service_table_table_7_camera_8_20260314_152130.jpg
INFO:modules.telegram_notifier:Sending Telegram alert with image: /home/ubuntu/Niyaaz_biryani/niyaaz/static/service_discipline/service_table_table_7_camera_8_20260314_152130.jpg
INFO:modules.telegram_notifier:✅ Telegram photo sent successfully: service_table_table_7_camera_8_20260314_152130.jpg (429.4KB)
INFO:modules.service_discipline_monitor:[camera_8] ✅ Violation saved to table_service_violations: ID=61, order_wait=302.09915494918823, service_wait=None (GIF recording in progress)
INFO:modules.service_discipline_monitor:[camera_8] ✅ Alert logged to general alerts table: Service discipline violation: Table table_7 order_wait = 302.1s (threshold: 300.0s)
WARNING:modules.service_discipline_monitor:[camera_8] ⚠️ Order wait violation: Table table_7, customer 69 waiting 302.1s (threshold: 300.0s)
INFO:modules.service_discipline_monitor:[camera_8] 🔔 Triggering alert: order_wait=302.1s, threshold=300.0s, cooldown=300.0s, time_since_last_alert=629.6s
INFO:modules.service_discipline_monitor:[camera_8] 📊 Violation details: T_seated=1773481588.265849, T_order_start=None, order_wait=302.1s
INFO:modules.service_discipline_monitor:[camera_8] 📸 Starting GIF recording: frame shape=(720, 1280, 3), table=table_7, violation=order_wait
INFO:modules.service_discipline_monitor:[camera_8] 🎬 Starting GIF recording for table table_7, violation=order_wait
WARNING:modules.service_discipline_monitor:[camera_8] ⚠️ GIF recording already in progress - skipping GIF for this violation
INFO:modules.service_discipline_monitor:Service discipline snapshot saved: static/service_discipline/service_table_table_7_camera_8_20260314_152130.jpg
INFO:modules.service_discipline_monitor:[camera_8] 📸 Service discipline snapshot saved: static/service_discipline/service_table_table_7_camera_8_20260314_152130.jpg
INFO:modules.service_discipline_monitor:[camera_8] 📊 Calculated wait times for violation: order_wait_time=302.09915494918823, service_wait_time=None, violation_type=order_wait
INFO:modules.service_discipline_monitor:[camera_8] 💾 Saving violation to database: Table table_7, order_wait = 302.1s
INFO:modules.database:📊 Extracted wait times from alert_data: order_wait_time=302.09915494918823, service_wait_time=None
INFO:modules.database:✅ Table service violation saved: ID=62, Table table_7 in channel camera_8, waiting time: 302.1s, order wait: 302.1s, service wait: N/A, snapshot_path=static/service_discipline/service_table_table_7_camera_8_20260314_152130.jpg
INFO:modules.database:✅ Resolved snapshot path (direct): static/service_discipline/service_table_table_7_camera_8_20260314_152130.jpg -> /home/ubuntu/Niyaaz_biryani/niyaaz/static/service_discipline/service_table_table_7_camera_8_20260314_152130.jpg
INFO:modules.telegram_notifier:Sending Telegram alert with image: /home/ubuntu/Niyaaz_biryani/niyaaz/static/service_discipline/service_table_table_7_camera_8_20260314_152130.jpg
INFO:modules.telegram_notifier:✅ Telegram photo sent successfully: service_table_table_7_camera_8_20260314_152130.jpg (428.0KB)
INFO:modules.service_discipline_monitor:[camera_8] ✅ Violation saved to table_service_violations: ID=62, order_wait=302.09915494918823, service_wait=None (GIF recording skipped)
INFO:modules.service_discipline_monitor:[camera_8] ✅ Alert logged to general alerts table: Service discipline violation: Table table_7 order_wait = 302.1s (threshold: 300.0s)
INFO:modules.table_service_monitor:[camera_6] Table table_594_637: State changed to unclean (no person present, 5 consecutive detections, conf=0.859)
INFO:modules.gif_recorder:GIF saved: static/alerts/alert_20260314_152130.gif (32 frames, 200ms/frame)
INFO:modules.gif_recorder:Alert GIF created: static/alerts/alert_20260314_152130.gif (32 frames)
INFO:modules.service_discipline_monitor:[camera_8] 🎬 GIF recording completed!
INFO:modules.service_discipline_monitor:[camera_8] ✅ Updated violation 61 with GIF path: static/alerts/alert_20260314_152130.gif
INFO:modules.telegram_notifier:Sending Telegram alert with image: static/alerts/alert_20260314_152130.gif
INFO:modules.telegram_notifier:✅ Telegram document sent successfully: alert_20260314_152130.gif (4431.0KB)
INFO:modules.telegram_notifier:Sending Telegram alert with image: static/alerts/alert_20260314_152130.gif
INFO:modules.telegram_notifier:✅ Telegram document sent successfully: alert_20260314_152130.gif (4431.0KB)
INFO:modules.service_discipline_monitor:[camera_8] ✅ Telegram alert sent with GIF: alert_20260314_152130.gif
INFO:modules.service_discipline_monitor:[camera_8] ✅ Service discipline alert GIF saved to database: alert_20260314_152130.gif
INFO:modules.material_theft_monitor:[camera_15] MaterialTheft Frame 390: item_detected=False, prev_detected=False, persons_nearby=False, cooldown_remaining=0.0s
INFO:modules.yolo_detector:🔍 YOLO Detection Debug (call #390):
INFO:modules.yolo_detector:   - Model: models/yolo11n.pt
INFO:modules.yolo_detector:   - Person class ID expected: 0
INFO:modules.yolo_detector:   - Confidence threshold: 0.25
INFO:modules.yolo_detector:   - All detections (conf>=0.25): 5
INFO:modules.yolo_detector:   - All classes found: [(0, 0.27474644780158997), (0, 0.3216036558151245), (0, 0.34990912675857544), (0, 0.4100901484489441), (0, 0.4265062212944031)]
INFO:modules.yolo_detector:   - Person detections (class=0, conf>=0.25): 5
INFO:modules.yolo_detector:   - Sample person detection: bbox=[695, 182, 744, 290], conf=0.43, center=(719, 236)
INFO:modules.yolo_detector:🔍 YOLO Detection Debug (call #390):
INFO:modules.yolo_detector:   - Model: models/yolo11n.pt
INFO:modules.yolo_detector:   - Person class ID expected: 0
INFO:modules.yolo_detector:   - Confidence threshold: 0.25
INFO:modules.yolo_detector:   - All detections (conf>=0.25): 0
WARNING:modules.yolo_detector:   - ⚠️ No detections found at all (conf>=0.25)!
INFO:modules.yolo_detector:   - Person detections (class=0, conf>=0.25): 0
WARNING:modules.yolo_detector:   - ⚠️ No detections found - model may not be detecting anything in this frame
INFO:modules.queue_monitor:[camera_1] Frame 390 detections:
INFO:modules.queue_monitor:  total=6, queue=0, counter=0, outside=6
INFO:modules.queue_monitor:  Queue ROI configured: False
INFO:modules.queue_monitor:  Counter ROI configured: False
INFO:modules.queue_monitor:  All detections classification:
INFO:modules.queue_monitor:    Det 1: bbox=[490, 65, 1010, 711], center=(750, 388), area=none
INFO:modules.queue_monitor:    Det 2: bbox=[924, 82, 1269, 642], center=(1096, 362), area=none
INFO:modules.queue_monitor:    Det 3: bbox=[0, 230, 300, 678], center=(150, 454), area=none
INFO:modules.queue_monitor:    Det 4: bbox=[139, 83, 352, 427], center=(245, 255), area=none
INFO:modules.queue_monitor:    Det 5: bbox=[30, 23, 102, 171], center=(66, 97), area=none
INFO:modules.queue_monitor:[camera_1] Queue tracking debug (Frame 390):
INFO:modules.queue_monitor:  Detections passed to tracking: 0
INFO:modules.queue_monitor:  Active tracks in queue area: 0
INFO:modules.queue_monitor:  Dwell time threshold: 5.0s
INFO:modules.queue_monitor:  Final count: 0
INFO:modules.queue_monitor:[camera_1] Frame 390 tracking results:
INFO:modules.queue_monitor:  Counter detections passed to tracking: 0
INFO:modules.queue_monitor:  Counter count after tracking: 0
INFO:modules.queue_monitor:  Dwell time threshold: 0.0
INFO:modules.queue_monitor:  Uniform fallback enabled: True
INFO:modules.queue_monitor:[camera_2] Frame 390 detections:
INFO:modules.queue_monitor:  total=2, queue=0, counter=0, outside=2
INFO:modules.queue_monitor:  Queue ROI configured: False
INFO:modules.queue_monitor:  Counter ROI configured: False
INFO:modules.queue_monitor:  All detections classification:
INFO:modules.queue_monitor:    Det 1: bbox=[74, 218, 356, 530], center=(215, 374), area=none
INFO:modules.queue_monitor:    Det 2: bbox=[594, 56, 690, 209], center=(642, 132), area=none
INFO:modules.queue_monitor:[camera_2] Queue tracking debug (Frame 390):
INFO:modules.queue_monitor:  Detections passed to tracking: 0
INFO:modules.queue_monitor:  Active tracks in queue area: 0
INFO:modules.queue_monitor:  Dwell time threshold: 5.0s
INFO:modules.queue_monitor:  Final count: 0
INFO:modules.queue_monitor:[camera_2] Frame 390 tracking results:
INFO:modules.queue_monitor:  Counter detections passed to tracking: 0
INFO:modules.queue_monitor:  Counter count after tracking: 0
INFO:modules.queue_monitor:  Dwell time threshold: 0.0
INFO:modules.queue_monitor:  Uniform fallback enabled: True
INFO:modules.yolo_detector:🔍 YOLO Detection Debug (call #390):
INFO:modules.yolo_detector:   - Model: models/yolo11n.pt
INFO:modules.yolo_detector:   - Person class ID expected: 0
INFO:modules.yolo_detector:   - Confidence threshold: 0.25
INFO:modules.yolo_detector:   - All detections (conf>=0.25): 4
INFO:modules.yolo_detector:   - All classes found: [(0, 0.4222087860107422), (0, 0.47045421600341797), (0, 0.7765175700187683), (0, 0.84453284740448)]
INFO:modules.yolo_detector:   - Person detections (class=0, conf>=0.25): 4
INFO:modules.yolo_detector:   - Sample person detection: bbox=[685, 216, 908, 492], conf=0.84, center=(796, 354)
INFO:modules.yolo_detector:🔍 YOLO Detection Debug (call #390):
INFO:modules.yolo_detector:   - Model: models/yolo11n.pt
INFO:modules.yolo_detector:   - Person class ID expected: 0
INFO:modules.yolo_detector:   - Confidence threshold: 0.25
INFO:modules.yolo_detector:   - All detections (conf>=0.25): 2
INFO:modules.yolo_detector:   - All classes found: [(0, 0.27871400117874146), (0, 0.4961678087711334)]
INFO:modules.yolo_detector:   - Person detections (class=0, conf>=0.25): 2
INFO:modules.yolo_detector:   - Sample person detection: bbox=[765, 37, 830, 108], conf=0.50, center=(797, 72)
INFO:modules.yolo_detector:🔍 YOLO Detection Debug (call #390):
INFO:modules.yolo_detector:   - Model: models/yolo11n.pt
INFO:modules.yolo_detector:   - Person class ID expected: 0
INFO:modules.yolo_detector:   - Confidence threshold: 0.25
INFO:modules.yolo_detector:   - All detections (conf>=0.25): 7
INFO:modules.yolo_detector:   - All classes found: [(0, 0.38506829738616943), (0, 0.5969415903091431), (0, 0.6710092425346375), (0, 0.6733051538467407), (0, 0.6997557878494263), (0, 0.7538237571716309), (0, 0.861093282699585)]
INFO:modules.yolo_detector:   - Person detections (class=0, conf>=0.25): 7
INFO:modules.yolo_detector:   - Sample person detection: bbox=[762, 274, 993, 640], conf=0.86, center=(877, 457)
INFO:modules.yolo_detector:🔍 YOLO Detection Debug (call #390):
INFO:modules.yolo_detector:   - Model: models/yolo11n.pt
INFO:modules.yolo_detector:   - Person class ID expected: 0
INFO:modules.yolo_detector:   - Confidence threshold: 0.25
INFO:modules.yolo_detector:   - All detections (conf>=0.25): 7
INFO:modules.yolo_detector:   - All classes found: [(0, 0.2763505280017853), (0, 0.2799221873283386), (0, 0.3007770776748657), (0, 0.3063352108001709), (0, 0.35238948464393616), (0, 0.6857566833496094), (0, 0.8630607724189758)]
INFO:modules.yolo_detector:   - Person detections (class=0, conf>=0.25): 7
INFO:modules.yolo_detector:   - Sample person detection: bbox=[985, 187, 1172, 507], conf=0.86, center=(1078, 347)
INFO:modules.yolo_detector:🔍 YOLO Detection Debug (call #390):
INFO:modules.yolo_detector:   - Model: models/yolo11n.pt
INFO:modules.yolo_detector:   - Person class ID expected: 0
INFO:modules.yolo_detector:   - Confidence threshold: 0.25
INFO:modules.yolo_detector:   - All detections (conf>=0.25): 3
INFO:modules.yolo_detector:   - All classes found: [(0, 0.28775227069854736), (0, 0.3519582450389862), (0, 0.7763931155204773)]
INFO:modules.yolo_detector:   - Person detections (class=0, conf>=0.25): 3
INFO:modules.yolo_detector:   - Sample person detection: bbox=[85, 153, 240, 512], conf=0.78, center=(162, 332)
INFO:modules.yolo_detector:🔍 YOLO Detection Debug (call #390):
INFO:modules.yolo_detector:   - Model: models/yolo11n.pt
INFO:modules.yolo_detector:   - Person class ID expected: 0
INFO:modules.yolo_detector:   - Confidence threshold: 0.25
INFO:modules.yolo_detector:   - All detections (conf>=0.25): 0
WARNING:modules.yolo_detector:   - ⚠️ No detections found at all (conf>=0.25)!
INFO:modules.yolo_detector:   - Person detections (class=0, conf>=0.25): 0
WARNING:modules.yolo_detector:   - ⚠️ No detections found - model may not be detecting anything in this frame
INFO:modules.queue_monitor:[camera_17] Frame 390 detections:
INFO:modules.queue_monitor:  total=0, queue=0, counter=0, outside=0
INFO:modules.queue_monitor:  Queue ROI configured: False
INFO:modules.queue_monitor:  Counter ROI configured: False
INFO:modules.queue_monitor:[camera_17] Queue tracking debug (Frame 390):
INFO:modules.queue_monitor:  Detections passed to tracking: 0
INFO:modules.queue_monitor:  Active tracks in queue area: 0
INFO:modules.queue_monitor:  Dwell time threshold: 5.0s
INFO:modules.queue_monitor:  Final count: 0
INFO:modules.queue_monitor:[camera_17] Frame 390 tracking results:
INFO:modules.queue_monitor:  Counter detections passed to tracking: 0
INFO:modules.queue_monitor:  Counter count after tracking: 0
INFO:modules.queue_monitor:  Dwell time threshold: 0.0
INFO:modules.queue_monitor:  Uniform fallback enabled: True
INFO:modules.cash_detection:💰 Cashdraw-open detected at 1773481910.732594
INFO:modules.table_service_monitor:[camera_6] Table table_598_635: State changed to unclean (no person present, 5 consecutive detections, conf=0.866)
INFO:modules.service_discipline_monitor:[camera_4] 🪑 T_seated: Customer track 160 at table table_2
INFO:modules.service_discipline_monitor:[camera_23] 🪑 T_seated: Customer track 73 at table table_13
INFO:modules.table_service_monitor:[camera_6] Table table_590_637: State changed to unclean (no person present, 5 consecutive detections, conf=0.870)
INFO:modules.dress_code_monitoring:[camera_1] Raw uniform detections from best.pt: ['Uniform_grey', 'Uniform_cream']
INFO:modules.dress_code_monitoring:[camera_1] Counter ROI not configured - detecting uniforms everywhere in frame
INFO:modules.dress_code_monitoring:📊 [camera_1] DressCode Frame 400: Total detections: 3
INFO:modules.dress_code_monitoring:   Counter ROI configured: False, Queue ROI configured: False
INFO:modules.dress_code_monitoring:   Allowed uniforms in counter: []
INFO:modules.dress_code_monitoring:   Detected classes: {'Uniform_grey': 1, 'Uniform_cream': 1, 'Hairnet': 1}
INFO:modules.dress_code_monitoring:   Detections by area: {'counter': 0, 'queue': 0, 'unknown': 0, 'everywhere': 3}
INFO:modules.dress_code_monitoring:   👔 Uniforms everywhere: ['Uniform_grey', 'Uniform_cream']
INFO:modules.dress_code_monitoring:   👔 Compliance items detected: ['Hairnet']
INFO:modules.dress_code_monitoring:[camera_1] Compliance check: Uniform=Uniform_grey, In counter=False
INFO:modules.dress_code_monitoring:   Is compliant: True, Violations: []
INFO:modules.dress_code_monitoring:   Allowed uniforms: []
INFO:modules.dress_code_monitoring:   Position key: Uniform_grey_800_400
INFO:modules.dress_code_monitoring:[camera_1] Compliance check: Uniform=Uniform_cream, In counter=False
INFO:modules.dress_code_monitoring:   Is compliant: True, Violations: []
INFO:modules.dress_code_monitoring:   Allowed uniforms: []
INFO:modules.dress_code_monitoring:   Position key: Uniform_cream_1000_200
INFO:modules.smoking_detection:🔍 Smoke & Fire Detection Frame 400 - Detected: Uniform_grey(0.78), Uniform_cream(0.76), Hairnet(0.64)
INFO:modules.dress_code_monitoring:[camera_2] Counter ROI not configured - detecting uniforms everywhere in frame
INFO:modules.dress_code_monitoring:📊 [camera_2] DressCode Frame 400: Total detections: 0
INFO:modules.dress_code_monitoring:   Counter ROI configured: False, Queue ROI configured: False
INFO:modules.dress_code_monitoring:   Allowed uniforms in counter: []
INFO:modules.smoking_detection:🔍 Smoke & Fire Detection Frame 400 - Detected: Cashdraw-open(0.75)
INFO:modules.dress_code_monitoring:[camera_4] Raw uniform detections from best.pt: ['Uniform_grey']
INFO:modules.dress_code_monitoring:[camera_4] Counter ROI not configured - detecting uniforms everywhere in frame
INFO:modules.dress_code_monitoring:📊 [camera_4] DressCode Frame 400: Total detections: 2
INFO:modules.dress_code_monitoring:   Counter ROI configured: False, Queue ROI configured: False
INFO:modules.dress_code_monitoring:   Allowed uniforms in counter: []
INFO:modules.dress_code_monitoring:   Detected classes: {'Uniform_grey': 1, 'Hairnet': 1}
INFO:modules.dress_code_monitoring:   Detections by area: {'counter': 0, 'queue': 0, 'unknown': 0, 'everywhere': 2}
INFO:modules.dress_code_monitoring:   👔 Uniforms everywhere: ['Uniform_grey']
INFO:modules.dress_code_monitoring:   👔 Compliance items detected: ['Hairnet']
INFO:modules.dress_code_monitoring:[camera_4] Compliance check: Uniform=Uniform_grey, In counter=False
INFO:modules.dress_code_monitoring:   Is compliant: True, Violations: []
INFO:modules.dress_code_monitoring:   Allowed uniforms: []
INFO:modules.dress_code_monitoring:   Position key: Uniform_grey_1100_100
INFO:modules.smoking_detection:🔍 Smoke & Fire Detection Frame 400 - Detected: Uniform_grey(0.65), Hairnet(0.59), Table_clean(0.48)
INFO:modules.dress_code_monitoring:[camera_5] Counter ROI not configured - detecting uniforms everywhere in frame
INFO:modules.dress_code_monitoring:📊 [camera_5] DressCode Frame 400: Total detections: 0
INFO:modules.dress_code_monitoring:   Counter ROI configured: False, Queue ROI configured: False
INFO:modules.dress_code_monitoring:   Allowed uniforms in counter: []
INFO:modules.smoking_detection:🔍 Smoke & Fire Detection Frame 400 - Detected: Table_clean(0.92), Table_clean(0.91), Table_clean(0.83), Table_clean(0.78), Table_clean(0.67), Table_clean(0.62)
INFO:modules.dress_code_monitoring:[camera_6] Raw uniform detections from best.pt: ['Uniform_grey', 'Uniform_black']
INFO:modules.dress_code_monitoring:[camera_6] Counter ROI not configured - detecting uniforms everywhere in frame
INFO:modules.dress_code_monitoring:📊 [camera_6] DressCode Frame 400: Total detections: 2
INFO:modules.dress_code_monitoring:   Counter ROI configured: False, Queue ROI configured: False
INFO:modules.dress_code_monitoring:   Allowed uniforms in counter: []
INFO:modules.dress_code_monitoring:   Detected classes: {'Uniform_grey': 1, 'Uniform_black': 1}
INFO:modules.dress_code_monitoring:   Detections by area: {'counter': 0, 'queue': 0, 'unknown': 0, 'everywhere': 2}
INFO:modules.dress_code_monitoring:   👔 Uniforms everywhere: ['Uniform_grey', 'Uniform_black']
INFO:modules.dress_code_monitoring:[camera_6] Compliance check: Uniform=Uniform_grey, In counter=False
INFO:modules.dress_code_monitoring:   Is compliant: True, Violations: []
INFO:modules.dress_code_monitoring:   Allowed uniforms: []
INFO:modules.dress_code_monitoring:   Position key: Uniform_grey_900_500
INFO:modules.dress_code_monitoring:[camera_6] Compliance check: Uniform=Uniform_black, In counter=False
INFO:modules.dress_code_monitoring:   Is compliant: True, Violations: []
INFO:modules.dress_code_monitoring:   Allowed uniforms: []
INFO:modules.dress_code_monitoring:   Position key: Uniform_black_800_300
INFO:modules.smoking_detection:🔍 Smoke & Fire Detection Frame 400 - Detected: Table_unclean(0.88), Table_unclean(0.82), Uniform_grey(0.78), Table_unclean(0.77), Uniform_black(0.66), Table_clean(0.58)
INFO:modules.dress_code_monitoring:[camera_7] Raw uniform detections from best.pt: ['Uniform_grey', 'Uniform_grey']
INFO:modules.dress_code_monitoring:[camera_7] Counter ROI not configured - detecting uniforms everywhere in frame
INFO:modules.dress_code_monitoring:📊 [camera_7] DressCode Frame 400: Total detections: 5
INFO:modules.dress_code_monitoring:   Counter ROI configured: False, Queue ROI configured: False
INFO:modules.dress_code_monitoring:   Allowed uniforms in counter: []
INFO:modules.dress_code_monitoring:   Detected classes: {'Uniform_grey': 2, 'Hairnet': 3}
INFO:modules.dress_code_monitoring:   Detections by area: {'counter': 0, 'queue': 0, 'unknown': 0, 'everywhere': 5}
INFO:modules.dress_code_monitoring:   👔 Uniforms everywhere: ['Uniform_grey', 'Uniform_grey']
INFO:modules.dress_code_monitoring:   👔 Compliance items detected: ['Hairnet']
INFO:modules.dress_code_monitoring:[camera_7] Compliance check: Uniform=Uniform_grey, In counter=False
INFO:modules.dress_code_monitoring:   Is compliant: True, Violations: []
INFO:modules.dress_code_monitoring:   Allowed uniforms: []
INFO:modules.dress_code_monitoring:   Position key: Uniform_grey_600_100
INFO:modules.dress_code_monitoring:[camera_7] Compliance check: Uniform=Uniform_grey, In counter=False
INFO:modules.dress_code_monitoring:   Is compliant: True, Violations: []
INFO:modules.dress_code_monitoring:   Allowed uniforms: []
INFO:modules.dress_code_monitoring:   Position key: Uniform_grey_0_200
INFO:modules.smoking_detection:🔍 Smoke & Fire Detection Frame 400 - Detected: Table_clean(0.82), Table_unclean(0.67), Uniform_grey(0.62), Hairnet(0.62), Hairnet(0.61), Table_unclean(0.61), Table_clean(0.60), Hairnet(0.58), Uniform_grey(0.55)
INFO:modules.dress_code_monitoring:[camera_8] Raw uniform detections from best.pt: ['Uniform_grey', 'Uniform_grey', 'Uniform_grey']
INFO:modules.dress_code_monitoring:[camera_8] Counter ROI not configured - detecting uniforms everywhere in frame
INFO:modules.dress_code_monitoring:📊 [camera_8] DressCode Frame 400: Total detections: 4
INFO:modules.dress_code_monitoring:   Counter ROI configured: False, Queue ROI configured: False
INFO:modules.dress_code_monitoring:   Allowed uniforms in counter: []
INFO:modules.dress_code_monitoring:   Detected classes: {'Hairnet': 1, 'Uniform_grey': 3}
INFO:modules.dress_code_monitoring:   Detections by area: {'counter': 0, 'queue': 0, 'unknown': 0, 'everywhere': 4}
INFO:modules.dress_code_monitoring:   👔 Uniforms everywhere: ['Uniform_grey', 'Uniform_grey', 'Uniform_grey']
INFO:modules.dress_code_monitoring:   👔 Compliance items detected: ['Hairnet']
INFO:modules.dress_code_monitoring:[camera_8] Compliance check: Uniform=Uniform_grey, In counter=False
INFO:modules.dress_code_monitoring:   Is compliant: True, Violations: []
INFO:modules.dress_code_monitoring:   Allowed uniforms: []
INFO:modules.dress_code_monitoring:   Position key: Uniform_grey_600_100
INFO:modules.dress_code_monitoring:[camera_8] Compliance check: Uniform=Uniform_grey, In counter=False
INFO:modules.dress_code_monitoring:   Is compliant: True, Violations: []
INFO:modules.dress_code_monitoring:   Allowed uniforms: []
INFO:modules.dress_code_monitoring:   Position key: Uniform_grey_700_100
INFO:modules.dress_code_monitoring:[camera_8] Compliance check: Uniform=Uniform_grey, In counter=False
INFO:modules.dress_code_monitoring:   Is compliant: True, Violations: []
INFO:modules.dress_code_monitoring:   Allowed uniforms: []
INFO:modules.dress_code_monitoring:   Position key: Uniform_grey_400_0
INFO:modules.smoking_detection:🔍 Smoke & Fire Detection Frame 400 - Detected: Hairnet(0.70), Uniform_grey(0.70), Uniform_grey(0.66), Table_unclean(0.64), Uniform_grey(0.59), No_hairnet(0.55), Table_unclean(0.53), Hairnet(0.47), Table_unclean(0.47)
INFO:modules.dress_code_monitoring:[camera_10] Counter ROI not configured - detecting uniforms everywhere in frame
INFO:modules.dress_code_monitoring:📊 [camera_10] DressCode Frame 400: Total detections: 1
INFO:modules.dress_code_monitoring:   Counter ROI configured: False, Queue ROI configured: False
INFO:modules.dress_code_monitoring:   Allowed uniforms in counter: []
INFO:modules.dress_code_monitoring:   Detected classes: {'Hairnet': 1}
INFO:modules.dress_code_monitoring:   Detections by area: {'counter': 0, 'queue': 0, 'unknown': 0, 'everywhere': 1}
INFO:modules.dress_code_monitoring:   👔 Compliance items detected: ['Hairnet']
INFO:modules.smoking_detection:🔍 Smoke & Fire Detection Frame 400 - Detected: Hairnet(0.59), Hairnet(0.47)
INFO:modules.dress_code_monitoring:[camera_12] Counter ROI not configured - detecting uniforms everywhere in frame
INFO:modules.dress_code_monitoring:📊 [camera_12] DressCode Frame 400: Total detections: 0
INFO:modules.dress_code_monitoring:   Counter ROI configured: False, Queue ROI configured: False
INFO:modules.dress_code_monitoring:   Allowed uniforms in counter: []
INFO:modules.dress_code_monitoring:[camera_17] Counter ROI not configured - detecting uniforms everywhere in frame
INFO:modules.dress_code_monitoring:📊 [camera_17] DressCode Frame 400: Total detections: 0
INFO:modules.dress_code_monitoring:   Counter ROI configured: False, Queue ROI configured: False
INFO:modules.dress_code_monitoring:   Allowed uniforms in counter: []
INFO:modules.service_discipline_monitor:[camera_6] 🪑 T_seated: Customer track 113 at table table_5
ERROR from src: Could not read from resource.
Debug info: ../gst/rtsp/gstrtspsrc.c(6009): gst_rtspsrc_loop_interleaved (): /GstPipeline:sakshiai-pipeline/GstDsNvUriSrcBin:src_11/GstRTSPSrc:src:
Could not receive message. (System error)
ERROR from src: Internal data stream error.
Debug info: ../gst/rtsp/gstrtspsrc.c(6511): gst_rtspsrc_loop (): /GstPipeline:sakshiai-pipeline/GstDsNvUriSrcBin:src_11/GstRTSPSrc:src:
streaming stopped, reason error (-5)
ERROR from src: Could not read from resource.
Debug info: ../gst/rtsp/gstrtspsrc.c(6009): gst_rtspsrc_loop_interleaved (): /GstPipeline:sakshiai-pipeline/GstDsNvUriSrcBin:src_22/GstRTSPSrc:src:
Could not receive message. (System error)
ERROR from src: Internal data stream error.
Debug info: ../gst/rtsp/gstrtspsrc.c(6511): gst_rtspsrc_loop (): /GstPipeline:sakshiai-pipeline/GstDsNvUriSrcBin:src_22/GstRTSPSrc:src:
streaming stopped, reason error (-5)
ERROR from src: Could not read from resource.
Debug info: ../gst/rtsp/gstrtspsrc.c(6009): gst_rtspsrc_loop_interleaved (): /GstPipeline:sakshiai-pipeline/GstDsNvUriSrcBin:src_7/GstRTSPSrc:src:
Could not receive message. (System error)
ERROR from src: Internal data stream error.
Debug info: ../gst/rtsp/gstrtspsrc.c(6511): gst_rtspsrc_loop (): /GstPipeline:sakshiai-pipeline/GstDsNvUriSrcBin:src_7/GstRTSPSrc:src:
streaming stopped, reason error (-5)
ERROR from src: Could not read from resource.
Debug info: ../gst/rtsp/gstrtspsrc.c(6009): gst_rtspsrc_loop_interleaved (): /GstPipeline:sakshiai-pipeline/GstDsNvUriSrcBin:src_13/GstRTSPSrc:src:
Could not receive message. (System error)
ERROR from src: Internal data stream error.
Debug info: ../gst/rtsp/gstrtspsrc.c(6511): gst_rtspsrc_loop (): /GstPipeline:sakshiai-pipeline/GstDsNvUriSrcBin:src_13/GstRTSPSrc:src:
streaming stopped, reason error (-5)
ERROR from src: Could not read from resource.
Debug info: ../gst/rtsp/gstrtspsrc.c(6009): gst_rtspsrc_loop_interleaved (): /GstPipeline:sakshiai-pipeline/GstDsNvUriSrcBin:src_0/GstRTSPSrc:src:
Could not receive message. (System error)
ERROR from src: Internal data stream error.
Debug info: ../gst/rtsp/gstrtspsrc.c(6511): gst_rtspsrc_loop (): /GstPipeline:sakshiai-pipeline/GstDsNvUriSrcBin:src_0/GstRTSPSrc:src:
streaming stopped, reason error (-5)
ERROR from src: Could not read from resource.
Debug info: ../gst/rtsp/gstrtspsrc.c(6009): gst_rtspsrc_loop_interleaved (): /GstPipeline:sakshiai-pipeline/GstDsNvUriSrcBin:src_14/GstRTSPSrc:src:
Could not receive message. (System error)
ERROR from src: Internal data stream error.
Debug info: ../gst/rtsp/gstrtspsrc.c(6511): gst_rtspsrc_loop (): /GstPipeline:sakshiai-pipeline/GstDsNvUriSrcBin:src_14/GstRTSPSrc:src:
streaming stopped, reason error (-5)
ERROR from src: Could not read from resource.
Debug info: ../gst/rtsp/gstrtspsrc.c(6009): gst_rtspsrc_loop_interleaved (): /GstPipeline:sakshiai-pipeline/GstDsNvUriSrcBin:src_1/GstRTSPSrc:src:
Could not receive message. (System error)
ERROR from src: Internal data stream error.
Debug info: ../gst/rtsp/gstrtspsrc.c(6511): gst_rtspsrc_loop (): /GstPipeline:sakshiai-pipeline/GstDsNvUriSrcBin:src_1/GstRTSPSrc:src:
streaming stopped, reason error (-5)
ERROR from src: Could not read from resource.
Debug info: ../gst/rtsp/gstrtspsrc.c(6009): gst_rtspsrc_loop_interleaved (): /GstPipeline:sakshiai-pipeline/GstDsNvUriSrcBin:src_6/GstRTSPSrc:src:
Could not receive message. (System error)
ERROR from src: Internal data stream error.
Debug info: ../gst/rtsp/gstrtspsrc.c(6511): gst_rtspsrc_loop (): /GstPipeline:sakshiai-pipeline/GstDsNvUriSrcBin:src_6/GstRTSPSrc:src:
streaming stopped, reason error (-5)
INFO:modules.cash_detection:[camera_2] 💰🗄️ ALERT: Cashdraw-open detected! Starting GIF recording...
INFO:modules.gif_recorder:Started alert GIF recording for: ALERT: Cashdraw-open detected
INFO:modules.cash_detection:[camera_2] ✅ GIF recording started, _pending_alert_info set: message='ALERT: Cashdraw-open detected', timestamp='2026-03-14T15:22:18.626738'
INFO:modules.cash_detection:[camera_2] 📊 GIF recorder state: is_recording_alert=True
INFO:modules.database:Cash snapshot saved to database: ID 26
WARNING:modules.telegram_notifier:Could not resolve image path: static/cash_snapshots/cash_camera_2_20260314_152218.gif
WARNING:modules.telegram_notifier:Skipping Telegram alert - image file not found: static/cash_snapshots/cash_camera_2_20260314_152218.gif (resolved: None)
INFO:modules.cash_detection:[camera_2] Cash snapshot record created in database: ID 26 (GIF recording in progress)
ERROR from src: Could not read from resource.
Debug info: ../gst/rtsp/gstrtspsrc.c(6009): gst_rtspsrc_loop_interleaved (): /GstPipeline:sakshiai-pipeline/GstDsNvUriSrcBin:src_5/GstRTSPSrc:src:
Could not receive message. (System error)
ERROR from src: Internal data stream error.
Debug info: ../gst/rtsp/gstrtspsrc.c(6511): gst_rtspsrc_loop (): /GstPipeline:sakshiai-pipeline/GstDsNvUriSrcBin:src_5/GstRTSPSrc:src:
streaming stopped, reason error (-5)
ERROR:__main__:Error reading legacy stores.json: Expecting value: line 1 column 1 (char 0)
INFO:werkzeug:127.0.0.1 - - [14/Mar/2026 15:22:18] "GET /api/get_stores HTTP/1.1" 200 -
INFO:werkzeug:127.0.0.1 - - [14/Mar/2026 15:22:18] "GET /api/get_module_analytics/QueueMonitor?store_id=store_1 HTTP/1.1" 200 -
INFO:werkzeug:127.0.0.1 - - [14/Mar/2026 15:22:18] "GET /api/get_module_analytics/DressCodeMonitoring?store_id=store_1 HTTP/1.1" 200 -
INFO:werkzeug:127.0.0.1 - - [14/Mar/2026 15:22:18] "GET /api/get_module_analytics/PPEMonitoring?store_id=store_1 HTTP/1.1" 200 -
INFO:werkzeug:127.0.0.1 - - [14/Mar/2026 15:22:18] "GET /api/get_module_analytics/CashDetection?store_id=store_1 HTTP/1.1" 200 -
INFO:werkzeug:127.0.0.1 - - [14/Mar/2026 15:22:18] "GET /api/get_module_analytics/TableServiceMonitor?store_id=store_1 HTTP/1.1" 200 -
INFO:__main__:📊 Service Discipline Analytics: Querying violations from last 7 days (since 2026-03-07 15:22:18.850990+05:30 IST)
INFO:__main__:📊 Service Discipline Analytics: Found 62 total violations in database (last 7 days)
INFO:__main__:📊 Service Discipline Analytics: 62 relevant violations after filtering (excluded types: {'unclean_table', 'wrong_uniform', 'slow_reset'})
INFO:__main__:📊 Wait times found: 62 total, 62 order, 0 service
INFO:werkzeug:127.0.0.1 - - [14/Mar/2026 15:22:18] "GET /api/get_module_analytics/ServiceDisciplineMonitor?store_id=store_1 HTTP/1.1" 200 -
INFO:werkzeug:127.0.0.1 - - [14/Mar/2026 15:22:18] "GET /api/get_module_analytics/UnauthorizedEntryMonitor?store_id=store_1 HTTP/1.1" 200 -
INFO:werkzeug:127.0.0.1 - - [14/Mar/2026 15:22:18] "GET /api/get_module_analytics/MaterialTheftMonitor?store_id=store_1 HTTP/1.1" 200 -
INFO:werkzeug:127.0.0.1 - - [14/Mar/2026 15:22:18] "GET /api/get_module_analytics/FallDetection?store_id=store_1 HTTP/1.1" 200 -
INFO:werkzeug:127.0.0.1 - - [14/Mar/2026 15:22:18] "GET /api/get_module_analytics/SmokingDetection?store_id=store_1 HTTP/1.1" 200 -
INFO:werkzeug:127.0.0.1 - - [14/Mar/2026 15:22:18] "GET /api/get_module_analytics/PersonSmokingDetection?store_id=store_1 HTTP/1.1" 200 -
INFO:werkzeug:127.0.0.1 - - [14/Mar/2026 15:22:18] "GET /api/get_module_analytics/CrowdDetection?store_id=store_1 HTTP/1.1" 200 -
INFO:werkzeug:127.0.0.1 - - [14/Mar/2026 15:22:18] "GET /api/get_module_analytics/IdleTimeMonitor?store_id=store_1 HTTP/1.1" 200 -
ERROR from src: Could not read from resource.
Debug info: ../gst/rtsp/gstrtspsrc.c(6009): gst_rtspsrc_loop_interleaved (): /GstPipeline:sakshiai-pipeline/GstDsNvUriSrcBin:src_9/GstRTSPSrc:src:
Could not receive message. (System error)
ERROR from src: Internal data stream error.
Debug info: ../gst/rtsp/gstrtspsrc.c(6511): gst_rtspsrc_loop (): /GstPipeline:sakshiai-pipeline/GstDsNvUriSrcBin:src_9/GstRTSPSrc:src:
streaming stopped, reason error (-5)
INFO:modules.table_service_monitor:[camera_6] Table table_591_637: State changed to unclean (no person present, 5 consecutive detections, conf=0.877)
WARNING:modules.service_discipline_monitor:[camera_18] ⚠️ APPROACHING THRESHOLD: Table table_8, customer 87: Order wait 271.0s (threshold: 300.0s, remaining: 29.0s)
ERROR from src: Could not read from resource.
Debug info: ../gst/rtsp/gstrtspsrc.c(6009): gst_rtspsrc_loop_interleaved (): /GstPipeline:sakshiai-pipeline/GstDsNvUriSrcBin:src_4/GstRTSPSrc:src:
Could not receive message. (System error)
ERROR from src: Internal data stream error.
Debug info: ../gst/rtsp/gstrtspsrc.c(6511): gst_rtspsrc_loop (): /GstPipeline:sakshiai-pipeline/GstDsNvUriSrcBin:src_4/GstRTSPSrc:src:
streaming stopped, reason error (-5)
ERROR from src: Could not read from resource.
Debug info: ../gst/rtsp/gstrtspsrc.c(6009): gst_rtspsrc_loop_interleaved (): /GstPipeline:sakshiai-pipeline/GstDsNvUriSrcBin:src_3/GstRTSPSrc:src:
Could not receive message. (System error)
ERROR from src: Internal data stream error.
Debug info: ../gst/rtsp/gstrtspsrc.c(6511): gst_rtspsrc_loop (): /GstPipeline:sakshiai-pipeline/GstDsNvUriSrcBin:src_3/GstRTSPSrc:src:
streaming stopped, reason error (-5)
INFO:modules.cash_detection:💰 Cashdraw-open detected at 1773481940.92542
WARNING:modules.service_discipline_monitor:[camera_18] ⚠️ APPROACHING THRESHOLD: Table table_8, customer 87: Order wait 273.3s (threshold: 300.0s, remaining: 26.7s)
INFO:modules.gif_recorder:GIF saved: static/alerts/alert_20260314_152218.gif (33 frames, 200ms/frame)
INFO:modules.gif_recorder:Alert GIF created: static/alerts/alert_20260314_152218.gif (33 frames)
INFO:modules.cash_detection:[camera_2] 🎬 GIF recording completed! Previous state: True, Current state: False
INFO:modules.cash_detection:[camera_2] 📊 GIF recorder state check: was_recording=True, is_recording_now=False, _was_recording_alert=True
INFO:modules.cash_detection:[camera_2] ✅ Retrieved GIF info: path=static/alerts/alert_20260314_152218.gif, frames=33
INFO:modules.cash_detection:[camera_2] ✅ _pending_alert_info available: message='ALERT: Cashdraw-open detected'
INFO:modules.cash_detection:[camera_2] ✅ Updated cash snapshot 26 with GIF path: static/alerts/alert_20260314_152218.gif
INFO:modules.telegram_notifier:Sending Telegram alert with image: static/alerts/alert_20260314_152218.gif
ERROR:modules.telegram_notifier:Error sending Telegram document: ('Connection aborted.', RemoteDisconnected('Remote end closed connection without response'))
Traceback (most recent call last):
  File "/usr/lib/python3/dist-packages/urllib3/connectionpool.py", line 791, in urlopen
    response = self._make_request(
               ^^^^^^^^^^^^^^^^^^^
  File "/usr/lib/python3/dist-packages/urllib3/connectionpool.py", line 537, in _make_request
    response = conn.getresponse()
               ^^^^^^^^^^^^^^^^^^
  File "/usr/lib/python3/dist-packages/urllib3/connection.py", line 461, in getresponse
    httplib_response = super().getresponse()
                       ^^^^^^^^^^^^^^^^^^^^^
  File "/usr/lib/python3.12/http/client.py", line 1448, in getresponse
    response.begin()
  File "/usr/lib/python3.12/http/client.py", line 336, in begin
    version, status, reason = self._read_status()
                              ^^^^^^^^^^^^^^^^^^^
  File "/usr/lib/python3.12/http/client.py", line 305, in _read_status
    raise RemoteDisconnected("Remote end closed connection without"
http.client.RemoteDisconnected: Remote end closed connection without response

During handling of the above exception, another exception occurred:

Traceback (most recent call last):
  File "/usr/lib/python3/dist-packages/requests/adapters.py", line 486, in send
    resp = conn.urlopen(
           ^^^^^^^^^^^^^
  File "/usr/lib/python3/dist-packages/urllib3/connectionpool.py", line 845, in urlopen
    retries = retries.increment(
              ^^^^^^^^^^^^^^^^^^
  File "/usr/lib/python3/dist-packages/urllib3/util/retry.py", line 472, in increment
    raise reraise(type(error), error, _stacktrace)
          ^^^^^^^^^^^^^^^^^^^^^^^^^^^^^^^^^^^^^^^^
  File "/usr/lib/python3/dist-packages/urllib3/util/util.py", line 38, in reraise
    raise value.with_traceback(tb)
  File "/usr/lib/python3/dist-packages/urllib3/connectionpool.py", line 791, in urlopen
    response = self._make_request(
               ^^^^^^^^^^^^^^^^^^^
  File "/usr/lib/python3/dist-packages/urllib3/connectionpool.py", line 537, in _make_request
    response = conn.getresponse()
               ^^^^^^^^^^^^^^^^^^
  File "/usr/lib/python3/dist-packages/urllib3/connection.py", line 461, in getresponse
    httplib_response = super().getresponse()
                       ^^^^^^^^^^^^^^^^^^^^^
  File "/usr/lib/python3.12/http/client.py", line 1448, in getresponse
    response.begin()
  File "/usr/lib/python3.12/http/client.py", line 336, in begin
    version, status, reason = self._read_status()
                              ^^^^^^^^^^^^^^^^^^^
  File "/usr/lib/python3.12/http/client.py", line 305, in _read_status
    raise RemoteDisconnected("Remote end closed connection without"
urllib3.exceptions.ProtocolError: ('Connection aborted.', RemoteDisconnected('Remote end closed connection without response'))

During handling of the above exception, another exception occurred:

Traceback (most recent call last):
  File "/home/ubuntu/Niyaaz_biryani/niyaaz/modules/telegram_notifier.py", line 206, in send_document
    resp = self.session.post(url, files=files, data=data, timeout=30)
           ^^^^^^^^^^^^^^^^^^^^^^^^^^^^^^^^^^^^^^^^^^^^^^^^^^^^^^^^^^
  File "/usr/lib/python3/dist-packages/requests/sessions.py", line 637, in post
    return self.request("POST", url, data=data, json=json, **kwargs)
           ^^^^^^^^^^^^^^^^^^^^^^^^^^^^^^^^^^^^^^^^^^^^^^^^^^^^^^^^^
  File "/usr/lib/python3/dist-packages/requests/sessions.py", line 589, in request
    resp = self.send(prep, **send_kwargs)
           ^^^^^^^^^^^^^^^^^^^^^^^^^^^^^^
  File "/usr/lib/python3/dist-packages/requests/sessions.py", line 703, in send
    r = adapter.send(request, **kwargs)
        ^^^^^^^^^^^^^^^^^^^^^^^^^^^^^^^
  File "/home/ubuntu/Niyaaz_biryani/niyaaz/modules/telegram_notifier.py", line 37, in send
    return super().send(*args, **kwargs)
           ^^^^^^^^^^^^^^^^^^^^^^^^^^^^^
  File "/usr/lib/python3/dist-packages/requests/adapters.py", line 501, in send
    raise ConnectionError(err, request=request)
requests.exceptions.ConnectionError: ('Connection aborted.', RemoteDisconnected('Remote end closed connection without response'))
INFO:modules.cash_detection:[camera_2] ✅ Cash alert GIF saved to database: alert_20260314_152218.gif (path: static/alerts/alert_20260314_152218.gif)
WARNING:modules.service_discipline_monitor:[camera_18] ⚠️ APPROACHING THRESHOLD: Table table_8, customer 87: Order wait 278.4s (threshold: 300.0s, remaining: 21.6s)
WARNING:modules.service_discipline_monitor:[camera_18] ⚠️ APPROACHING THRESHOLD: Table table_8, customer 87: Order wait 280.6s (threshold: 300.0s, remaining: 19.4s)
nvstreammux: Successfully handled EOS for source_id=0
WARNING:modules.service_discipline_monitor:[camera_18] ⚠️ APPROACHING THRESHOLD: Table table_8, customer 87: Order wait 282.8s (threshold: 300.0s, remaining: 17.2s)
nvstreammux: Successfully handled EOS for source_id=13
nvstreammux: Successfully handled EOS for source_id=9
nvstreammux: Successfully handled EOS for source_id=14
WARNING:modules.service_discipline_monitor:[camera_18] ⚠️ APPROACHING THRESHOLD: Table table_8, customer 87: Order wait 285.2s (threshold: 300.0s, remaining: 14.8s)
nvstreammux: Successfully handled EOS for source_id=4
nvstreammux: Successfully handled EOS for source_id=11
nvstreammux: Successfully handled EOS for source_id=7
WARNING:modules.service_discipline_monitor:[camera_18] ⚠️ APPROACHING THRESHOLD: Table table_8, customer 87: Order wait 287.5s (threshold: 300.0s, remaining: 12.5s)
INFO:modules.service_discipline_monitor:[camera_4] 🪑 T_seated: Customer track 164 at table table_2
WARNING:modules.service_discipline_monitor:[camera_18] ⚠️ APPROACHING THRESHOLD: Table table_8, customer 87: Order wait 289.3s (threshold: 300.0s, remaining: 10.7s)
nvstreammux: Successfully handled EOS for source_id=22
WARNING:modules.service_discipline_monitor:[camera_18] ⚠️ APPROACHING THRESHOLD: Table table_8, customer 87: Order wait 290.8s (threshold: 300.0s, remaining: 9.2s)
WARNING:modules.service_discipline_monitor:[camera_18] ⚠️ APPROACHING THRESHOLD: Table table_8, customer 87: Order wait 291.8s (threshold: 300.0s, remaining: 8.2s)
nvstreammux: Successfully handled EOS for source_id=3
nvstreammux: Successfully handled EOS for source_id=5
nvstreammux: Successfully handled EOS for source_id=16
nvstreammux: Successfully handled EOS for source_id=18
nvstreammux: Successfully handled EOS for source_id=1
nvstreammux: Successfully handled EOS for source_id=17
nvstreammux: Successfully handled EOS for source_id=6
INFO:modules.yolo_detector:🔍 YOLO Detection Debug (call #420):
INFO:modules.yolo_detector:   - Model: models/yolo11n.pt
INFO:modules.yolo_detector:   - Person class ID expected: 0
INFO:modules.yolo_detector:   - Confidence threshold: 0.25
INFO:modules.yolo_detector:   - All detections (conf>=0.25): 10
INFO:modules.yolo_detector:   - All classes found: [(0, 0.26721128821372986), (0, 0.28862637281417847), (0, 0.3111776113510132), (0, 0.3300037682056427), (0, 0.4398091435432434), (0, 0.44621896743774414), (0, 0.45986923575401306), (0, 0.5298309922218323), (0, 0.5367468595504761), (0, 0.888077974319458)]
INFO:modules.yolo_detector:   - Person detections (class=0, conf>=0.25): 10
INFO:modules.yolo_detector:   - Sample person detection: bbox=[760, 326, 996, 549], conf=0.89, center=(878, 437)
INFO:modules.dress_code_monitoring:📊 [camera_27] DressCode Frame 300: Total detections: 6
INFO:modules.dress_code_monitoring:   Counter ROI configured: False, Queue ROI configured: False
INFO:modules.dress_code_monitoring:   Allowed uniforms in counter: []
INFO:modules.dress_code_monitoring:   Detected classes: {'Hairnet': 6}
INFO:modules.dress_code_monitoring:   Detections by area: {'counter': 0, 'queue': 0, 'unknown': 0, 'everywhere': 6}
INFO:modules.dress_code_monitoring:   👔 Compliance items detected: ['Hairnet']
INFO:modules.ppe_monitoring:📊 PPE Frame 300: Total detections: 6
INFO:modules.ppe_monitoring:   Detected PPE classes: {'Hairnet'}
INFO:modules.ppe_monitoring:   All detected classes in frame: {'Hairnet'}
INFO:modules.smoking_detection:🔍 Smoke & Fire Detection Frame 300 - Detected: Hairnet(0.71), Hairnet(0.68), Hairnet(0.67), Hairnet(0.67), Hairnet(0.66), Hairnet(0.61)
nvstreammux: Successfully handled EOS for source_id=26
ERROR:__main__:Error reading legacy stores.json: Expecting value: line 1 column 1 (char 0)
INFO:werkzeug:127.0.0.1 - - [14/Mar/2026 15:23:18] "GET /api/get_stores HTTP/1.1" 200 -
INFO:werkzeug:127.0.0.1 - - [14/Mar/2026 15:23:18] "GET /api/get_module_analytics/QueueMonitor?store_id=store_1 HTTP/1.1" 200 -
INFO:werkzeug:127.0.0.1 - - [14/Mar/2026 15:23:18] "GET /api/get_module_analytics/DressCodeMonitoring?store_id=store_1 HTTP/1.1" 200 -
INFO:werkzeug:127.0.0.1 - - [14/Mar/2026 15:23:18] "GET /api/get_module_analytics/PPEMonitoring?store_id=store_1 HTTP/1.1" 200 -
INFO:werkzeug:127.0.0.1 - - [14/Mar/2026 15:23:18] "GET /api/get_module_analytics/CashDetection?store_id=store_1 HTTP/1.1" 200 -
INFO:werkzeug:127.0.0.1 - - [14/Mar/2026 15:23:18] "GET /api/get_module_analytics/TableServiceMonitor?store_id=store_1 HTTP/1.1" 200 -
INFO:__main__:📊 Service Discipline Analytics: Querying violations from last 7 days (since 2026-03-07 15:23:18.879323+05:30 IST)
INFO:__main__:📊 Service Discipline Analytics: Found 62 total violations in database (last 7 days)
INFO:__main__:📊 Service Discipline Analytics: 62 relevant violations after filtering (excluded types: {'unclean_table', 'wrong_uniform', 'slow_reset'})
INFO:__main__:📊 Wait times found: 62 total, 62 order, 0 service
INFO:werkzeug:127.0.0.1 - - [14/Mar/2026 15:23:18] "GET /api/get_module_analytics/ServiceDisciplineMonitor?store_id=store_1 HTTP/1.1" 200 -
INFO:werkzeug:127.0.0.1 - - [14/Mar/2026 15:23:18] "GET /api/get_module_analytics/UnauthorizedEntryMonitor?store_id=store_1 HTTP/1.1" 200 -
INFO:werkzeug:127.0.0.1 - - [14/Mar/2026 15:23:18] "GET /api/get_module_analytics/MaterialTheftMonitor?store_id=store_1 HTTP/1.1" 200 -
INFO:werkzeug:127.0.0.1 - - [14/Mar/2026 15:23:18] "GET /api/get_module_analytics/FallDetection?store_id=store_1 HTTP/1.1" 200 -
INFO:werkzeug:127.0.0.1 - - [14/Mar/2026 15:23:18] "GET /api/get_module_analytics/SmokingDetection?store_id=store_1 HTTP/1.1" 200 -
INFO:werkzeug:127.0.0.1 - - [14/Mar/2026 15:23:18] "GET /api/get_module_analytics/PersonSmokingDetection?store_id=store_1 HTTP/1.1" 200 -
INFO:werkzeug:127.0.0.1 - - [14/Mar/2026 15:23:18] "GET /api/get_module_analytics/CrowdDetection?store_id=store_1 HTTP/1.1" 200 -
INFO:werkzeug:127.0.0.1 - - [14/Mar/2026 15:23:18] "GET /api/get_module_analytics/IdleTimeMonitor?store_id=store_1 HTTP/1.1" 200 -
INFO:werkzeug:127.0.0.1 - - [14/Mar/2026 15:23:18] "[33mGET /static/images/icons/queue.png HTTP/1.1[0m" 404 -
INFO:werkzeug:127.0.0.1 - - [14/Mar/2026 15:23:18] "[33mGET /static/images/icons/uniform.png HTTP/1.1[0m" 404 -
INFO:werkzeug:127.0.0.1 - - [14/Mar/2026 15:23:18] "[33mGET /static/images/icons/ppe.png HTTP/1.1[0m" 404 -
INFO:werkzeug:127.0.0.1 - - [14/Mar/2026 15:23:18] "[33mGET /static/images/icons/cash.png HTTP/1.1[0m" 404 -
INFO:werkzeug:127.0.0.1 - - [14/Mar/2026 15:23:18] "[33mGET /static/images/icons/clean.jpg HTTP/1.1[0m" 404 -
INFO:werkzeug:127.0.0.1 - - [14/Mar/2026 15:23:18] "[33mGET /static/images/icons/un.png HTTP/1.1[0m" 404 -
INFO:werkzeug:127.0.0.1 - - [14/Mar/2026 15:23:18] "[33mGET /static/images/icons/table_service.jpg HTTP/1.1[0m" 404 -
INFO:werkzeug:127.0.0.1 - - [14/Mar/2026 15:23:18] "[33mGET /static/images/icons/theft.jpg HTTP/1.1[0m" 404 -
INFO:werkzeug:127.0.0.1 - - [14/Mar/2026 15:23:18] "[33mGET /static/images/icons/fall.jpg HTTP/1.1[0m" 404 -
INFO:werkzeug:127.0.0.1 - - [14/Mar/2026 15:23:18] "[33mGET /static/images/icons/smoking.jpg HTTP/1.1[0m" 404 -
INFO:werkzeug:127.0.0.1 - - [14/Mar/2026 15:23:18] "[33mGET /static/images/icons/cig.jpg HTTP/1.1[0m" 404 -
INFO:werkzeug:127.0.0.1 - - [14/Mar/2026 15:23:18] "[33mGET /static/images/icons/crowd.jpg HTTP/1.1[0m" 404 -
INFO:werkzeug:127.0.0.1 - - [14/Mar/2026 15:23:18] "[33mGET /static/images/icons/ideal.png HTTP/1.1[0m" 404 -
ERROR:__main__:Error reading legacy stores.json: Expecting value: line 1 column 1 (char 0)
INFO:werkzeug:127.0.0.1 - - [14/Mar/2026 15:24:18] "GET /api/get_stores HTTP/1.1" 200 -
INFO:werkzeug:127.0.0.1 - - [14/Mar/2026 15:24:18] "GET /api/get_module_analytics/QueueMonitor?store_id=store_1 HTTP/1.1" 200 -
INFO:werkzeug:127.0.0.1 - - [14/Mar/2026 15:24:18] "GET /api/get_module_analytics/DressCodeMonitoring?store_id=store_1 HTTP/1.1" 200 -
INFO:werkzeug:127.0.0.1 - - [14/Mar/2026 15:24:18] "GET /api/get_module_analytics/PPEMonitoring?store_id=store_1 HTTP/1.1" 200 -
INFO:werkzeug:127.0.0.1 - - [14/Mar/2026 15:24:18] "GET /api/get_module_analytics/CashDetection?store_id=store_1 HTTP/1.1" 200 -
INFO:werkzeug:127.0.0.1 - - [14/Mar/2026 15:24:18] "GET /api/get_module_analytics/TableServiceMonitor?store_id=store_1 HTTP/1.1" 200 -
INFO:__main__:📊 Service Discipline Analytics: Querying violations from last 7 days (since 2026-03-07 15:24:18.893894+05:30 IST)
INFO:__main__:📊 Service Discipline Analytics: Found 62 total violations in database (last 7 days)
INFO:__main__:📊 Service Discipline Analytics: 62 relevant violations after filtering (excluded types: {'unclean_table', 'wrong_uniform', 'slow_reset'})
INFO:__main__:📊 Wait times found: 62 total, 62 order, 0 service
INFO:werkzeug:127.0.0.1 - - [14/Mar/2026 15:24:18] "GET /api/get_module_analytics/ServiceDisciplineMonitor?store_id=store_1 HTTP/1.1" 200 -
INFO:werkzeug:127.0.0.1 - - [14/Mar/2026 15:24:18] "GET /api/get_module_analytics/UnauthorizedEntryMonitor?store_id=store_1 HTTP/1.1" 200 -
INFO:werkzeug:127.0.0.1 - - [14/Mar/2026 15:24:18] "GET /api/get_module_analytics/MaterialTheftMonitor?store_id=store_1 HTTP/1.1" 200 -
INFO:werkzeug:127.0.0.1 - - [14/Mar/2026 15:24:18] "GET /api/get_module_analytics/FallDetection?store_id=store_1 HTTP/1.1" 200 -
INFO:werkzeug:127.0.0.1 - - [14/Mar/2026 15:24:18] "GET /api/get_module_analytics/SmokingDetection?store_id=store_1 HTTP/1.1" 200 -
INFO:werkzeug:127.0.0.1 - - [14/Mar/2026 15:24:18] "GET /api/get_module_analytics/PersonSmokingDetection?store_id=store_1 HTTP/1.1" 200 -
INFO:werkzeug:127.0.0.1 - - [14/Mar/2026 15:24:18] "GET /api/get_module_analytics/CrowdDetection?store_id=store_1 HTTP/1.1" 200 -
INFO:werkzeug:127.0.0.1 - - [14/Mar/2026 15:24:18] "GET /api/get_module_analytics/IdleTimeMonitor?store_id=store_1 HTTP/1.1" 200 -
INFO:werkzeug:127.0.0.1 - - [14/Mar/2026 15:24:18] "[33mGET /static/images/icons/queue.png HTTP/1.1[0m" 404 -
INFO:werkzeug:127.0.0.1 - - [14/Mar/2026 15:24:18] "[33mGET /static/images/icons/uniform.png HTTP/1.1[0m" 404 -
INFO:werkzeug:127.0.0.1 - - [14/Mar/2026 15:24:18] "[33mGET /static/images/icons/ppe.png HTTP/1.1[0m" 404 -
INFO:werkzeug:127.0.0.1 - - [14/Mar/2026 15:24:18] "[33mGET /static/images/icons/cash.png HTTP/1.1[0m" 404 -
INFO:werkzeug:127.0.0.1 - - [14/Mar/2026 15:24:18] "[33mGET /static/images/icons/clean.jpg HTTP/1.1[0m" 404 -
INFO:werkzeug:127.0.0.1 - - [14/Mar/2026 15:24:18] "[33mGET /static/images/icons/un.png HTTP/1.1[0m" 404 -
INFO:werkzeug:127.0.0.1 - - [14/Mar/2026 15:24:18] "[33mGET /static/images/icons/theft.jpg HTTP/1.1[0m" 404 -
INFO:werkzeug:127.0.0.1 - - [14/Mar/2026 15:24:18] "[33mGET /static/images/icons/table_service.jpg HTTP/1.1[0m" 404 -
INFO:werkzeug:127.0.0.1 - - [14/Mar/2026 15:24:18] "[33mGET /static/images/icons/fall.jpg HTTP/1.1[0m" 404 -
INFO:werkzeug:127.0.0.1 - - [14/Mar/2026 15:24:18] "[33mGET /static/images/icons/smoking.jpg HTTP/1.1[0m" 404 -
INFO:werkzeug:127.0.0.1 - - [14/Mar/2026 15:24:18] "[33mGET /static/images/icons/cig.jpg HTTP/1.1[0m" 404 -
INFO:werkzeug:127.0.0.1 - - [14/Mar/2026 15:24:18] "[33mGET /static/images/icons/crowd.jpg HTTP/1.1[0m" 404 -
INFO:werkzeug:127.0.0.1 - - [14/Mar/2026 15:24:18] "[33mGET /static/images/icons/ideal.png HTTP/1.1[0m" 404 -
ERROR:__main__:Error reading legacy stores.json: Expecting value: line 1 column 1 (char 0)
INFO:werkzeug:127.0.0.1 - - [14/Mar/2026 15:25:18] "GET /api/get_stores HTTP/1.1" 200 -
INFO:werkzeug:127.0.0.1 - - [14/Mar/2026 15:25:18] "GET /api/get_module_analytics/QueueMonitor?store_id=store_1 HTTP/1.1" 200 -
INFO:werkzeug:127.0.0.1 - - [14/Mar/2026 15:25:18] "GET /api/get_module_analytics/DressCodeMonitoring?store_id=store_1 HTTP/1.1" 200 -
INFO:werkzeug:127.0.0.1 - - [14/Mar/2026 15:25:18] "GET /api/get_module_analytics/PPEMonitoring?store_id=store_1 HTTP/1.1" 200 -
INFO:werkzeug:127.0.0.1 - - [14/Mar/2026 15:25:18] "GET /api/get_module_analytics/CashDetection?store_id=store_1 HTTP/1.1" 200 -
INFO:werkzeug:127.0.0.1 - - [14/Mar/2026 15:25:18] "GET /api/get_module_analytics/TableServiceMonitor?store_id=store_1 HTTP/1.1" 200 -
INFO:__main__:📊 Service Discipline Analytics: Querying violations from last 7 days (since 2026-03-07 15:25:18.917490+05:30 IST)
INFO:__main__:📊 Service Discipline Analytics: Found 62 total violations in database (last 7 days)
INFO:__main__:📊 Service Discipline Analytics: 62 relevant violations after filtering (excluded types: {'unclean_table', 'wrong_uniform', 'slow_reset'})
INFO:__main__:📊 Wait times found: 62 total, 62 order, 0 service
INFO:werkzeug:127.0.0.1 - - [14/Mar/2026 15:25:18] "GET /api/get_module_analytics/ServiceDisciplineMonitor?store_id=store_1 HTTP/1.1" 200 -
INFO:werkzeug:127.0.0.1 - - [14/Mar/2026 15:25:18] "GET /api/get_module_analytics/UnauthorizedEntryMonitor?store_id=store_1 HTTP/1.1" 200 -
INFO:werkzeug:127.0.0.1 - - [14/Mar/2026 15:25:18] "GET /api/get_module_analytics/MaterialTheftMonitor?store_id=store_1 HTTP/1.1" 200 -
INFO:werkzeug:127.0.0.1 - - [14/Mar/2026 15:25:18] "GET /api/get_module_analytics/FallDetection?store_id=store_1 HTTP/1.1" 200 -
INFO:werkzeug:127.0.0.1 - - [14/Mar/2026 15:25:18] "GET /api/get_module_analytics/SmokingDetection?store_id=store_1 HTTP/1.1" 200 -
INFO:werkzeug:127.0.0.1 - - [14/Mar/2026 15:25:18] "GET /api/get_module_analytics/PersonSmokingDetection?store_id=store_1 HTTP/1.1" 200 -
INFO:werkzeug:127.0.0.1 - - [14/Mar/2026 15:25:18] "GET /api/get_module_analytics/CrowdDetection?store_id=store_1 HTTP/1.1" 200 -
INFO:werkzeug:127.0.0.1 - - [14/Mar/2026 15:25:18] "GET /api/get_module_analytics/IdleTimeMonitor?store_id=store_1 HTTP/1.1" 200 -
INFO:werkzeug:127.0.0.1 - - [14/Mar/2026 15:25:18] "[33mGET /static/images/icons/queue.png HTTP/1.1[0m" 404 -
INFO:werkzeug:127.0.0.1 - - [14/Mar/2026 15:25:18] "[33mGET /static/images/icons/uniform.png HTTP/1.1[0m" 404 -
INFO:werkzeug:127.0.0.1 - - [14/Mar/2026 15:25:18] "[33mGET /static/images/icons/ppe.png HTTP/1.1[0m" 404 -
INFO:werkzeug:127.0.0.1 - - [14/Mar/2026 15:25:18] "[33mGET /static/images/icons/cash.png HTTP/1.1[0m" 404 -
INFO:werkzeug:127.0.0.1 - - [14/Mar/2026 15:25:18] "[33mGET /static/images/icons/clean.jpg HTTP/1.1[0m" 404 -
INFO:werkzeug:127.0.0.1 - - [14/Mar/2026 15:25:18] "[33mGET /static/images/icons/table_service.jpg HTTP/1.1[0m" 404 -
INFO:werkzeug:127.0.0.1 - - [14/Mar/2026 15:25:18] "[33mGET /static/images/icons/un.png HTTP/1.1[0m" 404 -
INFO:werkzeug:127.0.0.1 - - [14/Mar/2026 15:25:18] "[33mGET /static/images/icons/theft.jpg HTTP/1.1[0m" 404 -
INFO:werkzeug:127.0.0.1 - - [14/Mar/2026 15:25:18] "[33mGET /static/images/icons/smoking.jpg HTTP/1.1[0m" 404 -
INFO:werkzeug:127.0.0.1 - - [14/Mar/2026 15:25:18] "[33mGET /static/images/icons/fall.jpg HTTP/1.1[0m" 404 -
INFO:werkzeug:127.0.0.1 - - [14/Mar/2026 15:25:18] "[33mGET /static/images/icons/cig.jpg HTTP/1.1[0m" 404 -
INFO:werkzeug:127.0.0.1 - - [14/Mar/2026 15:25:18] "[33mGET /static/images/icons/crowd.jpg HTTP/1.1[0m" 404 -
INFO:werkzeug:127.0.0.1 - - [14/Mar/2026 15:25:18] "[33mGET /static/images/icons/ideal.png HTTP/1.1[0m" 404 -
ERROR:__main__:Error reading legacy stores.json: Expecting value: line 1 column 1 (char 0)
INFO:werkzeug:127.0.0.1 - - [14/Mar/2026 15:26:18] "GET /api/get_stores HTTP/1.1" 200 -
INFO:werkzeug:127.0.0.1 - - [14/Mar/2026 15:26:18] "GET /api/get_module_analytics/QueueMonitor?store_id=store_1 HTTP/1.1" 200 -
INFO:werkzeug:127.0.0.1 - - [14/Mar/2026 15:26:18] "GET /api/get_module_analytics/DressCodeMonitoring?store_id=store_1 HTTP/1.1" 200 -
INFO:werkzeug:127.0.0.1 - - [14/Mar/2026 15:26:18] "GET /api/get_module_analytics/PPEMonitoring?store_id=store_1 HTTP/1.1" 200 -
INFO:werkzeug:127.0.0.1 - - [14/Mar/2026 15:26:18] "GET /api/get_module_analytics/CashDetection?store_id=store_1 HTTP/1.1" 200 -
INFO:werkzeug:127.0.0.1 - - [14/Mar/2026 15:26:18] "GET /api/get_module_analytics/TableServiceMonitor?store_id=store_1 HTTP/1.1" 200 -
INFO:__main__:📊 Service Discipline Analytics: Querying violations from last 7 days (since 2026-03-07 15:26:18.937561+05:30 IST)
INFO:__main__:📊 Service Discipline Analytics: Found 62 total violations in database (last 7 days)
INFO:__main__:📊 Service Discipline Analytics: 62 relevant violations after filtering (excluded types: {'unclean_table', 'wrong_uniform', 'slow_reset'})
INFO:__main__:📊 Wait times found: 62 total, 62 order, 0 service
INFO:werkzeug:127.0.0.1 - - [14/Mar/2026 15:26:18] "GET /api/get_module_analytics/ServiceDisciplineMonitor?store_id=store_1 HTTP/1.1" 200 -
INFO:werkzeug:127.0.0.1 - - [14/Mar/2026 15:26:18] "GET /api/get_module_analytics/UnauthorizedEntryMonitor?store_id=store_1 HTTP/1.1" 200 -
INFO:werkzeug:127.0.0.1 - - [14/Mar/2026 15:26:18] "GET /api/get_module_analytics/MaterialTheftMonitor?store_id=store_1 HTTP/1.1" 200 -
INFO:werkzeug:127.0.0.1 - - [14/Mar/2026 15:26:18] "GET /api/get_module_analytics/FallDetection?store_id=store_1 HTTP/1.1" 200 -
INFO:werkzeug:127.0.0.1 - - [14/Mar/2026 15:26:18] "GET /api/get_module_analytics/SmokingDetection?store_id=store_1 HTTP/1.1" 200 -
INFO:werkzeug:127.0.0.1 - - [14/Mar/2026 15:26:18] "GET /api/get_module_analytics/PersonSmokingDetection?store_id=store_1 HTTP/1.1" 200 -
INFO:werkzeug:127.0.0.1 - - [14/Mar/2026 15:26:19] "GET /api/get_module_analytics/CrowdDetection?store_id=store_1 HTTP/1.1" 200 -
INFO:werkzeug:127.0.0.1 - - [14/Mar/2026 15:26:19] "GET /api/get_module_analytics/IdleTimeMonitor?store_id=store_1 HTTP/1.1" 200 -
INFO:werkzeug:127.0.0.1 - - [14/Mar/2026 15:26:19] "[33mGET /static/images/icons/queue.png HTTP/1.1[0m" 404 -
INFO:werkzeug:127.0.0.1 - - [14/Mar/2026 15:26:19] "[33mGET /static/images/icons/uniform.png HTTP/1.1[0m" 404 -
INFO:werkzeug:127.0.0.1 - - [14/Mar/2026 15:26:19] "[33mGET /static/images/icons/ppe.png HTTP/1.1[0m" 404 -
INFO:werkzeug:127.0.0.1 - - [14/Mar/2026 15:26:19] "[33mGET /static/images/icons/cash.png HTTP/1.1[0m" 404 -
INFO:werkzeug:127.0.0.1 - - [14/Mar/2026 15:26:19] "[33mGET /static/images/icons/clean.jpg HTTP/1.1[0m" 404 -
INFO:werkzeug:127.0.0.1 - - [14/Mar/2026 15:26:19] "[33mGET /static/images/icons/un.png HTTP/1.1[0m" 404 -
INFO:werkzeug:127.0.0.1 - - [14/Mar/2026 15:26:19] "[33mGET /static/images/icons/table_service.jpg HTTP/1.1[0m" 404 -
INFO:werkzeug:127.0.0.1 - - [14/Mar/2026 15:26:19] "[33mGET /static/images/icons/theft.jpg HTTP/1.1[0m" 404 -
INFO:werkzeug:127.0.0.1 - - [14/Mar/2026 15:26:19] "[33mGET /static/images/icons/smoking.jpg HTTP/1.1[0m" 404 -
INFO:werkzeug:127.0.0.1 - - [14/Mar/2026 15:26:19] "[33mGET /static/images/icons/fall.jpg HTTP/1.1[0m" 404 -
INFO:werkzeug:127.0.0.1 - - [14/Mar/2026 15:26:19] "[33mGET /static/images/icons/crowd.jpg HTTP/1.1[0m" 404 -
INFO:werkzeug:127.0.0.1 - - [14/Mar/2026 15:26:19] "[33mGET /static/images/icons/cig.jpg HTTP/1.1[0m" 404 -
INFO:werkzeug:127.0.0.1 - - [14/Mar/2026 15:26:19] "[33mGET /static/images/icons/ideal.png HTTP/1.1[0m" 404 -
